CpGs,Monocytes_EPIC,B-cells_EPIC,CD4T-cells_EPIC,NK-cells_EPIC,CD8T-cells_EPIC,Neutrophils_EPIC,Erythrocyte_progenitors,Adipocytes,Bladder
cg08169020,0.8866,0.2615,0.0149,0.0777,0.0164,0.868,0.9509,0.0336,0.0462
cg25913761,0.8363,0.221,0.2816,0.4705,0.3961,0.8293,0.2385,0.3578,0.2054
cg26955540,0.7658,0.0222,0.1492,0.4005,0.3474,0.7915,0.1374,0.1965,0.1269
cg25170017,0.8861,0.5116,0.1021,0.4363,0.0875,0.7042,0.9447,0.0842,0.0769
cg12827637,0.5212,0.3614,0.0227,0.212,0.0225,0.5368,0.4667,0.0287,0.0459
cg19442545,0.2013,0.1137,0.0608,0.041,0.0668,0.1952,0.1601,0.0364,0.0246
cg15838173,0.1819,0.1145,0.0688,0.0588,0.066,0.1798,0.1045,0.0309,0.0138
cg23231163,0.3366,0.2776,0.1749,0.1822,0.1789,0.3249,0.333,0.1264,0.171
cg04858631,0.6594,0.1479,0.0787,0.0516,0.1614,0.644,0.5443,0.1346,0.1091
cg19442545,0.2013,0.1137,0.0608,0.041,0.0668,0.1952,0.1601,0.0364,0.0246
cg15838173,0.1819,0.1145,0.0688,0.0588,0.066,0.1798,0.1045,0.0309,0.0138
cg10560079,0.1943,0.0846,0.01,0.0524,0.0107,0.1753,0.149,0.0774,0.0321
cg11845111,0.1324,0.0998,0.0477,0.0556,0.0453,0.1152,0.1343,0.1574,0.1441
cg27211696,0.2095,0.1225,0.0331,0.0619,0.0339,0.1863,0.186,0.2105,0.1648
cg00982136,0.4659,0.3645,0.0369,0.0494,0.0385,0.4724,0.4022,0.0724,0.0632
cg22017733,0.434,0.4609,0.129,0.2913,0.1708,0.1845,0.424,0.0623,0.0938
cg26460530,0.3586,0.3923,0.0568,0.2543,0.0598,0.3042,0.2282,0.0667,0.0586
cg13677741,0.1653,0.1182,0.0109,0.0887,0.0133,0.2101,0.199,0.027,0.0577
cg22879098,0.5349,0.5507,0.3692,0.451,0.402,0.5331,0.536,0.026,0.0976
cg24082121,0.5822,0.5525,0.2442,0.3097,0.3254,0.5558,0.6729,0.0243,0.0535
cg09642825,0.4598,0.3097,0.1942,0.4086,0.182,0.4433,0.5505,0.0586,0.0953
cg01424562,0.8487,0.5592,0.1068,0.4103,0.1318,0.8368,0.9115,0.1062,0.1507
cg15376996,0.5355,0.4895,0.3402,0.456,0.2595,0.577,0.6439,0.094,0.0736
cg14789659,0.8194,0.6834,0.2172,0.6203,0.525,0.8535,0.8926,0.1173,0.1948
cg00928816,0.7962,0.6818,0.3266,0.6438,0.553,0.854,0.8764,0.176,0.2685
cg20746552,0.6966,0.6434,0.321,0.5626,0.5442,0.7588,0.7817,0.157,0.2364
cg16389209,0.7493,0.6001,0.2884,0.6021,0.496,0.8042,0.8371,0.1627,0.2111
cg19300307,0.8784,0.756,0.5303,0.825,0.7107,0.8563,0.9466,0.2371,0.1263
cg11895835,0.8771,0.2624,0.2625,0.5883,0.317,0.8452,0.9116,0.1459,0.454
cg03419014,0.8364,0.8285,0.7382,0.7405,0.8015,0.8363,0.9309,0.2221,0.2624
cg14785464,0.4055,0.4053,0.2854,0.2983,0.3742,0.3937,0.4071,0.045,0.0451
cg06167719,0.4685,0.4815,0.3564,0.3747,0.4603,0.4562,0.6169,0.0459,0.0619
cg09037712,0.7116,0.7505,0.6861,0.667,0.7361,0.7006,0.8243,0.2968,0.3285
cg06340704,0.7613,0.714,0.3902,0.4906,0.4233,0.7775,0.7343,0.1308,0.2136
cg12474798,0.5198,0.4197,0.2904,0.498,0.3472,0.5324,0.5621,0.0909,0.0903
cg20684110,0.5365,0.3919,0.3404,0.5153,0.4051,0.5404,0.4457,0.0798,0.0861
cg01005506,0.3272,0.3353,0.2354,0.3152,0.257,0.3289,0.3228,0.0932,0.1252
cg18856478,0.9477,0.941,0.9361,0.9174,0.9398,0.9456,0.9422,0.0793,0.1784
cg27189395,0.3106,0.3252,0.2104,0.2478,0.2322,0.3024,0.2513,0.0449,0.0324
cg04043919,0.2821,0.3054,0.2812,0.3322,0.2957,0.3046,0.2772,0.1638,0.1825
cg26033520,0.7498,0.8209,0.6811,0.4038,0.5694,0.7561,0.4239,0.1236,0.1144
cg05507654,0.1953,0.0449,0.0537,0.1751,0.0725,0.2326,0.2002,0.0678,0.0257
cg05056497,0.7282,0.5957,0.2246,0.185,0.3757,0.4537,0.851,0.1158,0.1489
cg25913761,0.8363,0.221,0.2816,0.4705,0.3961,0.8293,0.2385,0.3578,0.2054
cg26955540,0.7658,0.0222,0.1492,0.4005,0.3474,0.7915,0.1374,0.1965,0.1269
cg24275356,0.2794,0.264,0.0843,0.0754,0.0748,0.2495,0.2217,0.0701,0.0605
cg26953232,0.4601,0.4022,0.1396,0.1562,0.1308,0.4176,0.4552,0.1474,0.106
cg00936790,0.8,0.5784,0.1317,0.5352,0.2861,0.7899,0.7732,0.0997,0.1317
cg05258935,0.9509,0.9555,0.9521,0.95,0.9602,0.9363,0.9645,0.0693,0.213
cg12474798,0.5198,0.4197,0.2904,0.498,0.3472,0.5324,0.5621,0.0909,0.0903
cg20684110,0.5365,0.3919,0.3404,0.5153,0.4051,0.5404,0.4457,0.0798,0.0861
cg01005506,0.3272,0.3353,0.2354,0.3152,0.257,0.3289,0.3228,0.0932,0.1252
cg03419014,0.8364,0.8285,0.7382,0.7405,0.8015,0.8363,0.9309,0.2221,0.2624
cg14785464,0.4055,0.4053,0.2854,0.2983,0.3742,0.3937,0.4071,0.045,0.0451
cg06167719,0.4685,0.4815,0.3564,0.3747,0.4603,0.4562,0.6169,0.0459,0.0619
cg09037712,0.7116,0.7505,0.6861,0.667,0.7361,0.7006,0.8243,0.2968,0.3285
cg23220823,0.3931,0.1386,0.0916,0.128,0.0894,0.4259,0.3797,0.1366,0.0798
cg08857351,0.232,0.1917,0.1394,0.2206,0.1682,0.2337,0.1436,0.0379,0.0279
cg02486646,0.1347,0.1188,0.0702,0.1241,0.089,0.1468,0.1244,0.0456,0.0452
cg08474651,0.1932,0.2666,0.163,0.1245,0.148,0.2128,0.1537,0.0227,0.0359
cg27395200,0.6855,0.6112,0.2654,0.3709,0.3032,0.6158,0.7299,0.1616,0.1995
cg07275218,0.6981,0.6353,0.3061,0.4302,0.3325,0.6668,0.7337,0.2387,0.2495
cg10509607,0.7058,0.6731,0.0629,0.6437,0.1097,0.6333,0.7449,0.1111,0.198
cg14855367,0.8451,0.5886,0.6809,0.8076,0.8375,0.8167,0.8215,0.1138,0.1809
cg23247274,0.1302,0.0166,0.1512,0.1123,0.0555,0.0604,0.0164,0.007,0.005
cg22897141,0.2632,0.1968,0.2586,0.3176,0.2072,0.2014,0.1245,0.1749,0.055
cg22879098,0.5349,0.5507,0.3692,0.451,0.402,0.5331,0.536,0.026,0.0976
cg24082121,0.5822,0.5525,0.2442,0.3097,0.3254,0.5558,0.6729,0.0243,0.0535
cg03254916,0.2688,0.2273,0.2313,0.2754,0.2178,0.2501,0.1374,0.111,0.055
cg08063160,0.7761,0.0969,0.5338,0.3152,0.3844,0.7581,0.7283,0.228,0.312
cg08425810,0.706,0.8249,0.841,0.6698,0.866,0.6204,0.6066,0.0631,0.1127
cg09267773,0.7251,0.0691,0.4459,0.5365,0.542,0.7737,0.3513,0.1305,0.109
cg02962602,0.5569,0.4813,0.3268,0.2805,0.2305,0.4945,0.6419,0.0925,0.3509
cg24275356,0.2794,0.264,0.0843,0.0754,0.0748,0.2495,0.2217,0.0701,0.0605
cg26953232,0.4601,0.4022,0.1396,0.1562,0.1308,0.4176,0.4552,0.1474,0.106
cg26757820,0.5911,0.1786,0.0888,0.4253,0.2868,0.5477,0.102,0.1399,0.5792
cg08832851,0.3915,0.0385,0.0359,0.0503,0.0363,0.4298,0.6754,0.0806,0.1408
cg03711944,0.7877,0.7985,0.7903,0.7749,0.8316,0.7016,0.7611,0.1065,0.053
cg27388962,0.6395,0.0352,0.5345,0.7294,0.516,0.7352,0.8001,0.0763,0.1297
cg04913246,0.5662,0.5323,0.0699,0.5341,0.1188,0.5058,0.5757,0.0906,0.1354
cg10361922,0.1899,0.208,0.1548,0.1599,0.1476,0.1917,0.1179,0.0353,0.0384
cg26264318,0.2101,0.1807,0.0813,0.0807,0.079,0.17,0.1899,0.0749,0.0766
cg16416715,0.2601,0.2408,0.0731,0.067,0.0657,0.212,0.1806,0.0833,0.0755
cg08257293,0.622,0.524,0.2553,0.3589,0.3348,0.622,0.5919,0.1152,0.2288
cg26047334,0.7252,0.4559,0.323,0.5292,0.3248,0.6436,0.5335,0.1427,0.1512
cg14057303,0.8257,0.6651,0.1413,0.1085,0.1371,0.7957,0.1245,0.4291,0.2513
cg26264318,0.2101,0.1807,0.0813,0.0807,0.079,0.17,0.1899,0.0749,0.0766
cg25158622,0.1869,0.1509,0.0508,0.0504,0.0505,0.1438,0.1417,0.0504,0.0548
cg11975790,0.7251,0.2485,0.1584,0.6402,0.1886,0.7558,0.7261,0.3337,0.2389
cg25607383,0.786,0.5156,0.4442,0.6886,0.4665,0.7793,0.7248,0.4759,0.3411
cg14845962,0.9156,0.9098,0.9391,0.9103,0.9471,0.8968,0.9033,0.1065,0.2047
cg08367326,0.0967,0.1011,0.0991,0.1038,0.0556,0.0579,0.1113,0.0089,0.0258
cg16127573,0.8029,0.8161,0.7232,0.7291,0.7989,0.7728,0.7774,0.1284,0.1756
cg27312961,0.5519,0.3744,0.4722,0.5148,0.5939,0.5464,0.6212,0.0699,0.1283
cg13506158,0.8846,0.5882,0.7171,0.8792,0.8744,0.8613,0.9292,0.1851,0.2855
cg27269488,0.5222,0.4121,0.4911,0.517,0.5692,0.5258,0.591,0.118,0.1423
cg16278496,0.7411,0.8528,0.0816,0.8137,0.1024,0.654,0.8132,0.3267,0.1253
cg11798182,0.7748,0.8567,0.1112,0.8118,0.1406,0.6985,0.8092,0.3809,0.1855
cg15014975,0.9482,0.9537,0.8558,0.799,0.595,0.9149,0.9691,0.1275,0.1523
cg04221877,0.8308,0.8358,0.7972,0.7466,0.6794,0.7834,0.9262,0.3446,0.4153
cg10993442,0.8685,0.8405,0.8069,0.8004,0.7027,0.8028,0.8912,0.3433,0.3185
cg24019564,0.626,0.6624,0.576,0.4998,0.4298,0.5496,0.7084,0.1944,0.1749
cg05043794,0.4383,0.3658,0.1105,0.4032,0.1924,0.3575,0.2771,0.2109,0.1246
cg09577804,0.2943,0.241,0.2293,0.2131,0.2056,0.2517,0.2282,0.0236,0.0246
cg04778755,0.7571,0.7508,0.7472,0.6887,0.7545,0.7183,0.8623,0.1835,0.2003
cg19331221,0.1614,0.138,0.1276,0.1695,0.1784,0.1373,0.1822,0.0199,0.0331
cg18569141,0.2735,0.2696,0.3514,0.338,0.4462,0.2938,0.2394,0.0689,0.0466
cg16439823,0.2934,0.2423,0.2437,0.291,0.2821,0.2807,0.3422,0.1361,0.1507
cg18675610,0.5402,0.6193,0.3951,0.5454,0.5314,0.5786,0.5164,0.0651,0.1003
cg22706007,0.2148,0.2877,0.2011,0.266,0.3053,0.2318,0.219,0.0542,0.0491
cg22138735,0.4726,0.4945,0.3096,0.3544,0.363,0.4274,0.2408,0.2531,0.1477
cg04055490,0.5123,0.5545,0.2286,0.441,0.2011,0.4776,0.4123,0.1101,0.1469
cg08846870,0.9464,0.9383,0.947,0.9471,0.9471,0.9482,0.9701,0.2029,0.2164
cg07865091,0.7149,0.6769,0.6078,0.6529,0.6195,0.6946,0.7678,0.1086,0.1918
cg17847861,0.4302,0.173,0.229,0.1842,0.2195,0.3504,0.2446,0.1863,0.1105
cg03063309,0.7529,0.6688,0.5504,0.6141,0.5606,0.7108,0.6684,0.1097,0.1529
cg16402452,0.912,0.916,0.9147,0.9074,0.9304,0.8829,0.9413,0.1479,0.1993
cg11532431,0.7928,0.8391,0.797,0.8197,0.809,0.7844,0.875,0.1517,0.2114
cg02297709,0.8223,0.8464,0.8553,0.8259,0.8811,0.8128,0.8005,0.0419,0.1441
cg15926420,0.6805,0.6609,0.6532,0.6858,0.7184,0.6602,0.6753,0.1472,0.3507
cg24591770,0.9379,0.942,0.9398,0.9382,0.9456,0.9366,0.9432,0.2319,0.1429
cg10661769,0.5449,0.3934,0.6978,0.5665,0.7328,0.5568,0.4219,0.0788,0.1279
cg12433575,0.6892,0.586,0.8212,0.7495,0.8591,0.7026,0.7321,0.3238,0.3873
cg06398251,0.7411,0.6326,0.5041,0.7395,0.4862,0.5757,0.8291,0.1915,0.2244
cg04462378,0.5924,0.4854,0.4302,0.5129,0.5367,0.6126,0.6265,0.0737,0.1771
cg14395885,0.9541,0.9529,0.9541,0.953,0.9649,0.9529,0.9778,0.6242,0.3651
cg21181453,0.5752,0.7286,0.6958,0.6627,0.8,0.5805,0.6019,0.0684,0.0416
cg00769843,0.1656,0.3016,0.1669,0.1767,0.1807,0.1589,0.0876,0.0158,0.0114
cg07218880,0.7409,0.3803,0.1549,0.0854,0.1773,0.8049,0.8053,0.4626,0.2129
cg06889535,0.4966,0.5182,0.4764,0.4786,0.5492,0.5371,0.3545,0.0198,0.0909
cg01377358,0.7631,0.5214,0.2125,0.6559,0.263,0.6809,0.8262,0.1691,0.4139
cg11025609,0.7751,0.7393,0.577,0.4865,0.5468,0.7735,0.7126,0.2256,0.1053
cg01726273,0.5246,0.0399,0.0514,0.1637,0.0551,0.5346,0.5601,0.0779,0.0985
cg15185986,0.7174,0.5354,0.6731,0.6427,0.6466,0.7234,0.8066,0.1381,0.1448
cg06375761,0.161,0.1878,0.0776,0.0835,0.0453,0.1855,0.1159,0.0717,0.0661
cg13638257,0.1698,0.1944,0.0603,0.068,0.023,0.1998,0.1511,0.0658,0.1167
cg14419102,0.3889,0.3972,0.2134,0.2314,0.1045,0.402,0.3891,0.2209,0.2397
cg18353226,0.2078,0.202,0.1136,0.1356,0.0758,0.2172,0.1582,0.1305,0.1066
cg26083458,0.4801,0.4564,0.203,0.2918,0.0862,0.4926,0.3948,0.2425,0.2876
cg15575375,0.9152,0.96,0.9685,0.8539,0.9689,0.8811,0.9523,0.1207,0.2352
cg07438103,0.586,0.4884,0.143,0.4274,0.0943,0.5752,0.6658,0.1315,0.209
cg16988611,0.7131,0.5591,0.1881,0.5321,0.2221,0.6353,0.7894,0.1988,0.1783
cg16017089,0.8361,0.9344,0.9069,0.8436,0.924,0.7792,0.8789,0.1722,0.2129
cg08659179,0.7245,0.5662,0.518,0.5368,0.5081,0.7123,0.7653,0.1157,0.1613
cg16306706,0.6973,0.6043,0.5038,0.6889,0.4874,0.6543,0.7649,0.1452,0.1129
cg16829306,0.3748,0.2984,0.1131,0.2085,0.0667,0.3653,0.3071,0.091,0.1103
cg12461469,0.1733,0.0946,0.136,0.2033,0.2372,0.1864,0.332,0.0021,0.0367
cg13512830,0.4052,0.4846,0.4877,0.5211,0.5593,0.4909,0.5674,0.0684,0.1332
cg08662757,0.0293,0.5156,0.0308,0.0123,0.0192,0.0164,0.0084,0.0103,0.0386
cg14344261,0.0236,0.4105,0.0214,0.0111,0.0164,0.0089,0.0092,0.0137,0.0425
cg13910860,0.0596,0.312,0.0593,0.0531,0.0571,0.0555,0.0117,0.0354,0.0612
cg14317609,0.0291,0.8462,0.0595,0.0426,0.1156,0.0309,0.0231,0.0188,0.0463
cg06671450,0.1299,0.3823,0.1582,0.1236,0.175,0.1187,0.0877,0.0891,0.1677
cg19697530,0.0196,0.2757,0.0485,0.0165,0.0536,0.0109,0.0034,0.0054,0.008
cg09097345,0.0102,0.1659,0.0182,0.0085,0.0444,0.0088,0.0035,0.0011,0.0083
cg11033835,0.0124,0.2373,0.0344,0.0286,0.1462,0.0064,0.0146,0.0,0.0125
cg19176391,0.033,0.5195,0.06,0.0328,0.0672,0.0234,0.0174,0.0174,0.0634
cg25915131,0.0246,0.2428,0.0425,0.0543,0.0302,0.0428,0.1213,0.0914,0.0436
cg16802508,0.0884,0.4682,0.1489,0.091,0.1802,0.0796,0.0801,0.1114,0.1551
cg25753024,0.0397,0.5014,0.0468,0.0427,0.036,0.0465,0.0124,0.0188,0.0505
cg05289892,0.0781,0.5664,0.081,0.071,0.0624,0.0622,0.0184,0.0092,0.0318
cg24704730,0.0131,0.1518,0.0143,0.0072,0.0126,0.0066,0.0026,0.0024,0.0133
cg26059153,0.0155,0.1552,0.0588,0.017,0.1148,0.008,0.0047,0.0,0.0327
cg06571075,0.0157,0.162,0.0308,0.021,0.1158,0.007,0.0045,0.0037,0.0347
cg13650938,0.023,0.4081,0.1661,0.1171,0.1945,0.0188,0.0183,0.0066,0.0342
cg22451233,0.1806,0.2996,0.2061,0.1899,0.2464,0.1776,0.1215,0.1587,0.1596
cg24634420,0.0114,0.1563,0.0186,0.015,0.0615,0.0043,0.0037,0.0047,0.0538
cg20937139,0.0511,0.1794,0.075,0.0542,0.1252,0.0437,0.0355,0.0463,0.0776
cg17364114,0.0151,0.1901,0.0269,0.0124,0.0492,0.0083,0.0014,0.0011,0.0453
cg10700424,0.0368,0.2004,0.0307,0.0244,0.0326,0.0229,0.0124,0.0138,0.0403
cg07759394,0.0299,0.1746,0.0362,0.0268,0.0285,0.0264,0.0256,0.0043,0.0101
cg23919479,0.0143,0.1778,0.052,0.0218,0.1506,0.0125,0.0052,0.0051,0.0387
cg22079161,0.0902,0.4205,0.0846,0.0784,0.135,0.0636,0.027,0.0245,0.0411
cg13673164,0.035,0.1889,0.0456,0.0358,0.0642,0.0248,0.0057,0.0027,0.073
cg08915603,0.0185,0.2257,0.0709,0.0308,0.1615,0.01,0.0073,0.0024,0.031
cg09473510,0.0201,0.24,0.0847,0.0478,0.1847,0.0113,0.0132,0.0054,0.045
cg21918126,0.0112,0.151,0.039,0.0166,0.109,0.0088,0.0058,0.0081,0.0178
cg13920435,0.0358,0.2719,0.0365,0.0322,0.0251,0.0264,0.0121,0.0321,0.0772
cg16357921,0.0701,0.2716,0.069,0.0566,0.0642,0.0584,0.0566,0.0749,0.1302
cg20536983,0.0585,0.2597,0.0634,0.0649,0.1058,0.0661,0.0136,0.028,0.0499
cg03304380,0.025,0.2004,0.0164,0.0167,0.0431,0.0069,0.0049,0.0079,0.0421
cg05191076,0.0162,0.2079,0.0458,0.0294,0.1724,0.0066,0.0014,0.0081,0.0421
cg17426273,0.0157,0.2042,0.0618,0.0336,0.1472,0.0091,0.0071,0.0104,0.0326
cg08564661,0.0623,0.256,0.1081,0.0706,0.1938,0.051,0.0109,0.0217,0.0203
cg03205140,0.074,0.1892,0.0823,0.0632,0.1285,0.0501,0.0313,0.0426,0.0406
cg10576280,0.9112,0.9083,0.9186,0.9162,0.9309,0.9055,0.0534,0.0601,0.0813
cg03287340,0.0163,0.1854,0.0845,0.0407,0.185,0.0161,0.0077,0.001,0.0175
cg12585966,0.0075,0.3046,0.1704,0.0832,0.2144,0.0119,0.0055,0.0073,0.0462
cg02458065,0.0226,0.2066,0.0935,0.0265,0.1594,0.0125,0.0028,0.0063,0.0344
cg24333845,0.0356,0.3536,0.0476,0.0395,0.043,0.037,0.0515,0.0565,0.0262
cg05884394,0.0687,0.1514,0.099,0.1005,0.1327,0.0833,0.0371,0.0451,0.0269
cg03098837,0.0209,0.2297,0.045,0.0198,0.1542,0.0101,0.0056,0.0,0.0403
cg24617568,0.0298,0.0714,0.0428,0.0479,0.0534,0.0292,0.0083,0.029,0.0271
cg05446424,0.0175,0.1676,0.0402,0.02,0.086,0.0155,0.0046,0.0036,0.0394
cg05403555,0.0221,0.1486,0.0618,0.0338,0.1249,0.0155,0.0087,0.0012,0.0034
cg04053392,0.0132,0.1638,0.025,0.0125,0.0538,0.0116,0.0092,0.0087,0.051
cg11238048,0.1122,0.2961,0.1427,0.1092,0.1691,0.0964,0.0728,0.0904,0.111
cg24416513,0.0072,0.2049,0.0201,0.0098,0.0431,0.0046,0.0107,0.0142,0.0387
cg06906472,0.0273,0.2554,0.0344,0.0367,0.1272,0.0072,0.001,0.0025,0.0484
cg18778433,0.0367,0.2315,0.0476,0.0465,0.0932,0.018,0.0051,0.0072,0.0475
cg12535280,0.0478,0.301,0.0776,0.0747,0.1549,0.0222,0.0133,0.0231,0.0582
cg05602862,0.0247,0.2574,0.0966,0.0451,0.2132,0.0166,0.006,0.0128,0.0472
cg00604209,0.0182,0.1575,0.0519,0.0209,0.0815,0.0144,0.0057,0.0051,0.0197
cg08915603,0.0185,0.2257,0.0709,0.0308,0.1615,0.01,0.0073,0.0024,0.031
cg09473510,0.0201,0.24,0.0847,0.0478,0.1847,0.0113,0.0132,0.0054,0.045
cg24636477,0.0296,0.1855,0.0225,0.0329,0.0397,0.0306,0.0106,0.0097,0.0201
cg01244944,0.0902,0.2597,0.113,0.0977,0.1727,0.1013,0.0591,0.0852,0.1001
cg27475132,0.0228,0.201,0.054,0.0257,0.1401,0.0114,0.0049,0.0067,0.0303
cg24410535,0.0648,0.2,0.099,0.068,0.1558,0.0588,0.0503,0.0634,0.0978
cg25191850,0.0472,0.2607,0.0896,0.05,0.2047,0.037,0.0171,0.0108,0.0156
cg20947082,0.128,0.2066,0.1326,0.1214,0.1572,0.1256,0.0632,0.0388,0.0593
cg18301891,0.0099,0.1784,0.0399,0.0316,0.1466,0.0064,0.0001,0.0045,0.0708
cg01277542,0.0072,0.1257,0.0177,0.0086,0.0335,0.0056,0.0055,0.0044,0.0068
cg10362591,0.0838,0.2242,0.1533,0.0874,0.1823,0.0728,0.0517,0.0776,0.1726
cg14060111,0.0107,0.1927,0.0269,0.0154,0.0733,0.0035,0.0066,0.003,0.0847
cg09491991,0.0101,0.1549,0.0265,0.0145,0.0372,0.0107,0.005,0.0032,0.0585
cg25796439,0.0099,0.1411,0.023,0.0122,0.053,0.0056,0.0033,0.0035,0.0516
cg04432319,0.02,0.1932,0.0384,0.0284,0.1254,0.012,0.0031,0.0098,0.1154
cg12664209,0.0154,0.1829,0.0246,0.0161,0.0658,0.0073,0.0037,0.0077,0.0732
cg25998402,0.0133,0.1538,0.0407,0.0102,0.0847,0.0077,0.0055,0.0168,0.0303
cg17156565,0.0699,0.2142,0.1204,0.0684,0.1664,0.0503,0.0286,0.0823,0.1029
cg20478129,0.0135,0.1669,0.0335,0.0374,0.1428,0.0094,0.0038,0.006,0.0464
cg16248329,0.0179,0.2269,0.0294,0.0382,0.1572,0.0044,0.0057,0.008,0.0823
cg10700424,0.0368,0.2004,0.0307,0.0244,0.0326,0.0229,0.0124,0.0138,0.0403
cg07759394,0.0299,0.1746,0.0362,0.0268,0.0285,0.0264,0.0256,0.0043,0.0101
cg05251676,0.0181,0.1441,0.0332,0.0209,0.0567,0.0125,0.0038,0.0017,0.0464
cg01552272,0.0671,0.2997,0.1894,0.1061,0.314,0.0403,0.0143,0.0092,0.0812
cg04624110,0.1034,0.3605,0.2756,0.1243,0.3694,0.0517,0.0185,0.0076,0.0867
cg23169957,0.074,0.3164,0.204,0.1076,0.3256,0.0488,0.0444,0.0354,0.1066
cg25557432,0.0309,0.2264,0.0931,0.0419,0.2005,0.0164,0.0064,0.0082,0.0434
cg04716990,0.022,0.202,0.0634,0.0278,0.1617,0.0107,0.0048,0.0083,0.0519
cg06571075,0.0157,0.162,0.0308,0.021,0.1158,0.007,0.0045,0.0037,0.0347
cg01552272,0.0671,0.2997,0.1894,0.1061,0.314,0.0403,0.0143,0.0092,0.0812
cg04624110,0.1034,0.3605,0.2756,0.1243,0.3694,0.0517,0.0185,0.0076,0.0867
cg23169957,0.074,0.3164,0.204,0.1076,0.3256,0.0488,0.0444,0.0354,0.1066
cg25557432,0.0309,0.2264,0.0931,0.0419,0.2005,0.0164,0.0064,0.0082,0.0434
cg04716990,0.022,0.202,0.0634,0.0278,0.1617,0.0107,0.0048,0.0083,0.0519
cg06571075,0.0157,0.162,0.0308,0.021,0.1158,0.007,0.0045,0.0037,0.0347
cg04925858,0.0665,0.2648,0.0359,0.0774,0.0359,0.086,0.1307,0.0265,0.0179
cg09082903,0.0172,0.1698,0.0813,0.038,0.1729,0.0121,0.0082,0.0009,0.0233
cg18932726,0.0214,0.2166,0.0294,0.0373,0.1604,0.007,0.0009,0.0033,0.1125
cg05608777,0.015,0.1465,0.0227,0.025,0.0866,0.0091,0.0051,0.0028,0.0643
cg11183632,0.0151,0.1446,0.0136,0.007,0.0366,0.0035,0.0012,0.0019,0.1357
cg20809378,0.0284,0.2439,0.0714,0.0508,0.1137,0.0226,0.0211,0.0084,0.0295
cg14060111,0.0107,0.1927,0.0269,0.0154,0.0733,0.0035,0.0066,0.003,0.0847
cg09491991,0.0101,0.1549,0.0265,0.0145,0.0372,0.0107,0.005,0.0032,0.0585
cg25796439,0.0099,0.1411,0.023,0.0122,0.053,0.0056,0.0033,0.0035,0.0516
cg04432319,0.02,0.1932,0.0384,0.0284,0.1254,0.012,0.0031,0.0098,0.1154
cg12664209,0.0154,0.1829,0.0246,0.0161,0.0658,0.0073,0.0037,0.0077,0.0732
cg09912350,0.0179,0.153,0.0344,0.0241,0.093,0.0153,0.0056,0.0054,0.0293
cg21426003,0.0224,0.2545,0.0689,0.0279,0.1471,0.0168,0.0063,0.0106,0.1319
cg19761848,0.039,0.3181,0.1072,0.05,0.2133,0.0214,0.0055,0.0123,0.227
cg13985485,0.07,0.3311,0.0725,0.0421,0.1616,0.0206,0.0038,0.008,0.309
cg13570831,0.0192,0.1421,0.0196,0.0116,0.0312,0.0101,0.0026,0.003,0.1285
cg19358877,0.013,0.1348,0.044,0.0209,0.155,0.008,0.003,0.0026,0.023
cg03735496,0.034,0.2312,0.0534,0.0255,0.0829,0.0209,0.0056,0.007,0.1496
cg10276227,0.0204,0.2036,0.0466,0.0222,0.0648,0.0147,0.0094,0.0204,0.0369
cg14326196,0.0201,0.3029,0.0987,0.054,0.2759,0.0042,0.001,0.0157,0.0922
cg12894649,0.025,0.2003,0.065,0.0527,0.2394,0.0106,0.005,0.0067,0.1134
cg23944804,0.018,0.2048,0.0609,0.0415,0.2807,0.0099,0.0008,0.0028,0.0487
cg14603345,0.0215,0.2333,0.0808,0.0562,0.2957,0.0102,0.0021,0.0082,0.1123
cg14060111,0.0107,0.1927,0.0269,0.0154,0.0733,0.0035,0.0066,0.003,0.0847
cg09491991,0.0101,0.1549,0.0265,0.0145,0.0372,0.0107,0.005,0.0032,0.0585
cg25796439,0.0099,0.1411,0.023,0.0122,0.053,0.0056,0.0033,0.0035,0.0516
cg04432319,0.02,0.1932,0.0384,0.0284,0.1254,0.012,0.0031,0.0098,0.1154
cg12664209,0.0154,0.1829,0.0246,0.0161,0.0658,0.0073,0.0037,0.0077,0.0732
cg19811761,0.0175,0.2026,0.0786,0.0502,0.2436,0.0096,0.0213,0.0277,0.0798
cg00674365,0.0207,0.2295,0.0566,0.0449,0.2983,0.0054,0.0046,0.0014,0.0659
cg14255256,0.0447,0.2431,0.0801,0.0514,0.1247,0.0396,0.0179,0.0201,0.0263
cg03242819,0.0326,0.2218,0.0331,0.017,0.0818,0.0132,0.003,0.009,0.0679
cg19429281,0.0233,0.1976,0.0465,0.0243,0.1213,0.0083,0.0025,0.0032,0.0471
cg14344261,0.0236,0.4105,0.0214,0.0111,0.0164,0.0089,0.0092,0.0137,0.0425
cg13910860,0.0596,0.312,0.0593,0.0531,0.0571,0.0555,0.0117,0.0354,0.0612
cg26422161,0.03,0.2245,0.0584,0.0412,0.0919,0.0175,0.0105,0.0046,0.0487
cg18804985,0.029,0.1645,0.0481,0.0338,0.1176,0.0208,0.0035,0.0068,0.0189
cg23244559,0.0677,0.2582,0.1678,0.1129,0.2908,0.0628,0.0564,0.1053,0.1664
cg27113059,0.0175,0.1516,0.02,0.0102,0.0193,0.0112,0.0054,0.0128,0.0344
cg16652741,0.0153,0.1406,0.0268,0.023,0.0579,0.0098,0.0049,0.0021,0.0473
cg18932726,0.0214,0.2166,0.0294,0.0373,0.1604,0.007,0.0009,0.0033,0.1125
cg05608777,0.015,0.1465,0.0227,0.025,0.0866,0.0091,0.0051,0.0028,0.0643
cg00212988,0.0179,0.1761,0.085,0.0372,0.1257,0.0164,0.0049,0.0082,0.0238
cg23654127,0.047,0.1742,0.1352,0.0669,0.1613,0.0476,0.0353,0.0428,0.0622
cg01552272,0.0671,0.2997,0.1894,0.1061,0.314,0.0403,0.0143,0.0092,0.0812
cg04624110,0.1034,0.3605,0.2756,0.1243,0.3694,0.0517,0.0185,0.0076,0.0867
cg23169957,0.074,0.3164,0.204,0.1076,0.3256,0.0488,0.0444,0.0354,0.1066
cg25557432,0.0309,0.2264,0.0931,0.0419,0.2005,0.0164,0.0064,0.0082,0.0434
cg04716990,0.022,0.202,0.0634,0.0278,0.1617,0.0107,0.0048,0.0083,0.0519
cg26059153,0.0155,0.1552,0.0588,0.017,0.1148,0.008,0.0047,0.0,0.0327
cg06571075,0.0157,0.162,0.0308,0.021,0.1158,0.007,0.0045,0.0037,0.0347
cg27166993,0.0224,0.1371,0.0485,0.0295,0.1195,0.0201,0.0045,0.0075,0.0134
cg05502701,0.0312,0.183,0.0844,0.0402,0.1758,0.0222,0.0048,0.0058,0.0613
cg24353443,0.0223,0.2536,0.1194,0.0475,0.265,0.0248,0.0145,0.0303,0.0814
cg10111115,0.1609,0.3154,0.2596,0.1774,0.3262,0.1532,0.1568,0.099,0.2077
cg14473924,0.1565,0.4055,0.325,0.2034,0.4314,0.1544,0.1311,0.1033,0.2287
cg10755973,0.006,0.1178,0.0078,0.0043,0.032,0.003,0.0007,0.0,0.1383
cg08675717,0.0086,0.1243,0.0226,0.0106,0.0338,0.0082,0.0061,0.0071,0.0139
cg13330559,0.0315,0.2254,0.0459,0.0242,0.1535,0.0185,0.0037,0.0041,0.1167
cg21599230,0.0239,0.213,0.0733,0.1039,0.134,0.0369,0.0112,0.0162,0.0126
cg18314424,0.0275,0.171,0.0607,0.025,0.0682,0.0186,0.0032,0.0091,0.0349
cg27051931,0.0278,0.1691,0.0527,0.0325,0.0993,0.0235,0.0155,0.0145,0.0151
cg02487453,0.0233,0.191,0.0756,0.0386,0.1543,0.0151,0.0049,0.006,0.0697
cg02422426,0.0339,0.1607,0.0364,0.0303,0.0347,0.0189,0.0033,0.0052,0.0775
cg13524302,0.0708,0.2419,0.0739,0.0414,0.1298,0.0422,0.0201,0.0021,0.0371
cg23075555,0.0485,0.218,0.093,0.0332,0.1241,0.0324,0.0086,0.0116,0.0552
cg24465429,0.0535,0.1783,0.0677,0.0466,0.0853,0.0424,0.0309,0.0091,0.0579
cg02662362,0.056,0.188,0.0685,0.0358,0.0813,0.0409,0.01,0.0005,0.0521
cg17833071,0.1792,0.3384,0.2416,0.1684,0.2575,0.1671,0.1106,0.0729,0.2436
cg24266485,0.2001,0.3116,0.2193,0.1751,0.2324,0.1798,0.15,0.0985,0.2326
cg06781135,0.0326,0.2149,0.157,0.0275,0.1731,0.0223,0.009,0.0,0.024
cg11369071,0.1235,0.2838,0.2576,0.124,0.2696,0.1148,0.0444,0.1006,0.113
cg14051842,0.1143,0.1764,0.1527,0.0989,0.1489,0.1023,0.079,0.09,0.1251
cg12272837,0.0434,0.1802,0.1163,0.053,0.1931,0.0397,0.0224,0.0038,0.0189
cg02935627,0.0982,0.2381,0.1723,0.1244,0.2372,0.1049,0.0808,0.039,0.0586
cg12835048,0.0448,0.2012,0.0836,0.0382,0.114,0.0359,0.0136,0.0173,0.0372
cg09880551,0.0381,0.2592,0.0728,0.0451,0.1814,0.0178,0.0065,0.0124,0.0647
cg21173447,0.0929,0.3056,0.1543,0.1195,0.251,0.0834,0.0428,0.0474,0.1188
cg25591794,0.0217,0.1401,0.0544,0.0348,0.0979,0.0096,0.006,0.0078,0.0345
cg13524302,0.0708,0.2419,0.0739,0.0414,0.1298,0.0422,0.0201,0.0021,0.0371
cg23075555,0.0485,0.218,0.093,0.0332,0.1241,0.0324,0.0086,0.0116,0.0552
cg24465429,0.0535,0.1783,0.0677,0.0466,0.0853,0.0424,0.0309,0.0091,0.0579
cg02662362,0.056,0.188,0.0685,0.0358,0.0813,0.0409,0.01,0.0005,0.0521
cg17833071,0.1792,0.3384,0.2416,0.1684,0.2575,0.1671,0.1106,0.0729,0.2436
cg24266485,0.2001,0.3116,0.2193,0.1751,0.2324,0.1798,0.15,0.0985,0.2326
cg14060111,0.0107,0.1927,0.0269,0.0154,0.0733,0.0035,0.0066,0.003,0.0847
cg09491991,0.0101,0.1549,0.0265,0.0145,0.0372,0.0107,0.005,0.0032,0.0585
cg25796439,0.0099,0.1411,0.023,0.0122,0.053,0.0056,0.0033,0.0035,0.0516
cg04432319,0.02,0.1932,0.0384,0.0284,0.1254,0.012,0.0031,0.0098,0.1154
cg12664209,0.0154,0.1829,0.0246,0.0161,0.0658,0.0073,0.0037,0.0077,0.0732
cg02910208,0.0086,0.1132,0.0296,0.0117,0.0606,0.0078,0.0051,0.0007,0.0092
cg14487131,0.0149,0.1373,0.0325,0.0134,0.0739,0.0106,0.0068,0.0024,0.0612
cg24531022,0.0055,0.0373,0.249,0.0102,0.0542,0.0069,0.0062,0.0021,0.0192
cg15085899,0.0182,0.3064,0.9096,0.6285,0.9416,0.0214,0.0291,0.0058,0.0617
cg12034678,0.002,0.0038,0.2081,0.0143,0.3418,0.0059,0.004,0.001,0.0304
cg05412028,0.0505,0.2034,0.4616,0.1819,0.4656,0.094,0.0314,0.003,0.0126
cg26685941,0.0926,0.2244,0.4153,0.2005,0.377,0.1513,0.0843,0.0309,0.0599
cg02003159,0.013,0.1017,0.1329,0.021,0.1955,0.0088,0.0018,0.007,0.036
cg24124443,0.0322,0.2448,0.6001,0.1601,0.6207,0.0192,0.0182,0.007,0.0795
cg03384992,0.0242,0.0777,0.1662,0.0238,0.1769,0.0151,0.0318,0.0,0.0068
cg06593258,0.1062,0.2451,0.3644,0.1529,0.3824,0.1041,0.0857,0.0301,0.0619
cg26398656,0.0655,0.146,0.2173,0.0708,0.2373,0.066,0.051,0.0385,0.0469
cg11006267,0.0041,0.0073,0.2862,0.0123,0.1929,0.0061,0.0014,0.0211,0.0603
cg02983950,0.014,0.0467,0.3526,0.021,0.175,0.0087,0.0084,0.0241,0.0433
cg14873488,0.0076,0.0105,0.3339,0.0224,0.3467,0.012,0.0093,0.0273,0.0743
cg00349895,0.0128,0.0176,0.2845,0.0394,0.2075,0.0198,0.0022,0.0386,0.0476
cg01022974,0.0097,0.0152,0.3157,0.0365,0.2515,0.013,0.0091,0.0127,0.0638
cg05164926,0.0153,0.0618,0.5027,0.0592,0.4184,0.062,0.0115,0.0285,0.1415
cg18213545,0.0278,0.14,0.5196,0.159,0.5962,0.0328,0.0341,0.0773,0.1714
cg10831212,0.0232,0.2169,0.805,0.3763,0.815,0.0279,0.0324,0.0417,0.1037
cg19210276,0.0479,0.2196,0.7612,0.2369,0.7931,0.0489,0.0245,0.0678,0.1234
cg15650509,0.019,0.0776,0.2674,0.0342,0.2273,0.0362,0.0135,0.0081,0.0278
cg15473346,0.0067,0.0212,0.4348,0.3965,0.3725,0.0076,0.0341,0.0224,0.02
cg06121450,0.055,0.0621,0.2654,0.2322,0.2345,0.0538,0.0367,0.0744,0.0727
cg14612335,0.0187,0.0265,0.4059,0.0758,0.3501,0.021,0.0194,0.0369,0.0384
cg00349895,0.0128,0.0176,0.2845,0.0394,0.2075,0.0198,0.0022,0.0386,0.0476
cg01022974,0.0097,0.0152,0.3157,0.0365,0.2515,0.013,0.0091,0.0127,0.0638
cg16208357,0.0167,0.0457,0.1009,0.0268,0.1414,0.015,0.0039,0.0098,0.0837
cg24104567,0.0196,0.0451,0.1923,0.0268,0.262,0.0174,0.0119,0.0002,0.0553
cg02763536,0.0199,0.0463,0.1868,0.0398,0.2192,0.0209,0.0064,0.0078,0.0776
cg03717364,0.0259,0.1671,0.507,0.1366,0.5148,0.03,0.0082,0.0359,0.1466
cg04011671,0.0182,0.1079,0.4632,0.0796,0.4595,0.0228,0.0116,0.0265,0.0754
cg02971575,0.0061,0.0513,0.1226,0.0129,0.199,0.003,0.0025,0.0046,0.0106
cg07363543,0.0151,0.036,0.5132,0.1669,0.291,0.0175,0.0155,0.0214,0.0377
cg15232539,0.043,0.2209,0.6885,0.0636,0.4478,0.0536,0.065,0.0383,0.063
cg21344746,0.0119,0.0453,0.3864,0.0977,0.4667,0.0138,0.0084,0.0095,0.0604
cg25606201,0.0331,0.0628,0.4102,0.1225,0.3174,0.0378,0.015,0.0448,0.0727
cg26008365,0.0168,0.0269,0.6347,0.2155,0.5495,0.0267,0.0276,0.0216,0.0912
cg10640944,0.0296,0.0476,0.2213,0.0282,0.0781,0.0295,0.0083,0.0136,0.0206
cg16208357,0.0167,0.0457,0.1009,0.0268,0.1414,0.015,0.0039,0.0098,0.0837
cg24104567,0.0196,0.0451,0.1923,0.0268,0.262,0.0174,0.0119,0.0002,0.0553
cg02763536,0.0199,0.0463,0.1868,0.0398,0.2192,0.0209,0.0064,0.0078,0.0776
cg08640252,0.0218,0.074,0.2135,0.0462,0.2376,0.0324,0.0185,0.0008,0.0473
cg18976418,0.0371,0.1234,0.7549,0.1574,0.7622,0.0367,0.1054,0.0544,0.1272
cg25365958,0.0924,0.1507,0.6594,0.2218,0.7509,0.1047,0.0507,0.0262,0.0708
cg16247817,0.0337,0.2043,0.3067,0.0339,0.1107,0.0367,0.071,0.0462,0.0239
cg24408896,0.2118,0.4257,0.5082,0.1057,0.3781,0.2173,0.2663,0.072,0.0879
cg10683341,0.021,0.0369,0.2424,0.0458,0.2454,0.0282,0.0063,0.0206,0.0391
cg23651614,0.0399,0.046,0.2346,0.0836,0.2355,0.0387,0.0309,0.0447,0.0543
cg10831212,0.0232,0.2169,0.805,0.3763,0.815,0.0279,0.0324,0.0417,0.1037
cg19210276,0.0479,0.2196,0.7612,0.2369,0.7931,0.0489,0.0245,0.0678,0.1234
cg08092930,0.0393,0.1626,0.32,0.185,0.3783,0.0125,0.0193,0.0148,0.03
cg15416179,0.0125,0.0834,0.238,0.0778,0.2688,0.0145,0.0377,0.0023,0.0131
cg18609578,0.0401,0.0922,0.3912,0.0782,0.3203,0.0474,0.0309,0.0311,0.0356
cg03997390,0.0603,0.0842,0.2495,0.0743,0.2148,0.0564,0.0533,0.0513,0.0836
cg12446199,0.0247,0.0235,0.6269,0.4531,0.6429,0.0282,0.0128,0.0186,0.1489
cg22707529,0.0357,0.0516,0.4232,0.0893,0.3902,0.0342,0.0313,0.0407,0.1131
cg20865323,0.0306,0.0321,0.2781,0.0511,0.2551,0.0281,0.0158,0.0268,0.0571
cg27557428,0.017,0.1809,0.2929,0.1555,0.263,0.016,0.0967,0.0122,0.0167
cg12426092,0.065,0.1681,0.7631,0.2713,0.8449,0.0704,0.0356,0.0284,0.1163
cg13469590,0.0155,0.0212,0.2046,0.0474,0.3339,0.0165,0.0091,0.0043,0.0242
cg13607248,0.0403,0.0288,0.3333,0.1313,0.5397,0.0793,0.0277,0.0384,0.0475
cg05103231,0.0547,0.0556,0.1417,0.0566,0.1186,0.048,0.0312,0.0058,0.0156
cg26860970,0.175,0.1737,0.2956,0.1818,0.2958,0.1694,0.1186,0.0112,0.0386
cg16555181,0.1757,0.2037,0.3098,0.1937,0.3151,0.1815,0.1596,0.0809,0.1151
cg02186769,0.2375,0.2336,0.3416,0.2366,0.3358,0.2426,0.1763,0.0799,0.1259
cg03666441,0.0681,0.2445,0.5316,0.4382,0.5821,0.0996,0.038,0.0096,0.0395
cg13152952,0.0033,0.0153,0.1911,0.0101,0.1092,0.0067,0.1818,0.0084,0.0194
cg13437525,0.0283,0.0304,0.4168,0.0373,0.1662,0.0272,0.0154,0.042,0.0962
cg02501827,0.0141,0.1808,0.7005,0.152,0.7069,0.0167,0.0169,0.0278,0.1445
cg12492653,0.132,0.3235,0.7297,0.3725,0.7551,0.1178,0.111,0.1643,0.3016
cg05795313,0.0409,0.1216,0.4183,0.1836,0.4183,0.0252,0.0345,0.049,0.0701
cg21272996,0.0559,0.3004,0.8268,0.471,0.8334,0.0516,0.058,0.0659,0.141
cg25728685,0.0326,0.0475,0.4853,0.2229,0.6441,0.0808,0.0534,0.0212,0.067
cg27424995,0.0044,0.0161,0.3868,0.1355,0.5634,0.0151,0.007,0.0104,0.2333
cg22707529,0.0357,0.0516,0.4232,0.0893,0.3902,0.0342,0.0313,0.0407,0.1131
cg20865323,0.0306,0.0321,0.2781,0.0511,0.2551,0.0281,0.0158,0.0268,0.0571
cg22306344,0.0057,0.0206,0.1708,0.0204,0.319,0.0093,0.0139,0.0137,0.032
cg11153400,0.0263,0.182,0.2204,0.0835,0.1916,0.0287,0.0301,0.0097,0.0105
cg26394940,0.056,0.218,0.2383,0.1283,0.2295,0.0585,0.0798,0.0414,0.0438
cg10421247,0.049,0.2284,0.4653,0.2985,0.4789,0.0678,0.047,0.0248,0.0543
cg25737313,0.0346,0.0398,0.33,0.252,0.3453,0.0374,0.0167,0.0337,0.0073
cg16704678,0.005,0.0112,0.1115,0.018,0.1286,0.0056,0.002,0.0096,0.02
cg17329494,0.0223,0.1432,0.4496,0.1638,0.5016,0.0233,0.0202,0.0102,0.0876
cg25104621,0.0194,0.0352,0.1342,0.0291,0.2146,0.0212,0.0047,0.0054,0.0134
cg10837858,0.0345,0.0559,0.1425,0.0517,0.2127,0.0385,0.0197,0.0449,0.0387
cg23600866,0.0485,0.1552,0.3827,0.1342,0.3556,0.0505,0.0498,0.0535,0.0677
cg04850765,0.0128,0.1033,0.2382,0.0573,0.2624,0.0151,0.0029,0.0105,0.0261
cg11911122,0.0318,0.0436,0.3715,0.0566,0.3849,0.0332,0.0194,0.0585,0.0665
cg25150243,0.1429,0.3526,0.5073,0.2471,0.5318,0.13,0.0999,0.0548,0.0317
cg25417405,0.3275,0.3917,0.5232,0.3923,0.515,0.3292,0.3118,0.1667,0.1659
cg10040748,0.0348,0.0462,0.3972,0.1577,0.3534,0.038,0.0295,0.0456,0.092
cg19725489,0.0225,0.0869,0.3706,0.3026,0.4204,0.0234,0.0272,0.0307,0.0812
cg21863949,0.1354,0.2816,0.451,0.2106,0.5237,0.2042,0.0462,0.0094,0.0519
cg08388111,0.0292,0.0416,0.2394,0.0399,0.1983,0.0366,0.0201,0.0151,0.0529
cg14222879,0.0068,0.0107,0.1397,0.0139,0.1604,0.0079,0.0057,0.0234,0.0306
cg14247332,0.0075,0.0872,0.0954,0.0278,0.1683,0.0159,0.0052,0.0,0.0136
cg09878888,0.0395,0.1932,0.5472,0.1854,0.5966,0.04,0.021,0.0504,0.1353
cg15846482,0.0594,0.1618,0.4837,0.1125,0.6204,0.0655,0.055,0.0547,0.0855
cg27653384,0.2588,0.5146,0.7997,0.1924,0.6164,0.2619,0.525,0.0182,0.1272
cg25011475,0.0354,0.1026,0.2975,0.1009,0.3638,0.0339,0.0454,0.0241,0.0677
cg12917475,0.0444,0.0598,0.335,0.0576,0.3362,0.0458,0.0321,0.0539,0.1169
cg05877109,0.0437,0.0504,0.346,0.0578,0.3464,0.0429,0.0143,0.0394,0.089
cg25149155,0.0848,0.104,0.3859,0.1053,0.3913,0.0817,0.0451,0.076,0.1236
cg04542489,0.0246,0.0511,0.214,0.0433,0.2158,0.0278,0.0376,0.073,0.0528
cg13687825,0.0364,0.0752,0.095,0.0046,0.0045,0.004,0.0134,0.0083,0.1395
cg09226051,0.2677,0.5207,0.6428,0.3584,0.6478,0.3312,0.1052,0.0432,0.0662
cg03717364,0.0259,0.1671,0.507,0.1366,0.5148,0.03,0.0082,0.0359,0.1466
cg04011671,0.0182,0.1079,0.4632,0.0796,0.4595,0.0228,0.0116,0.0265,0.0754
cg01564818,0.0397,0.3071,0.6319,0.4273,0.6512,0.052,0.0372,0.0559,0.0992
cg01870865,0.0447,0.4884,0.7885,0.6457,0.822,0.1337,0.1228,0.0471,0.1104
cg26654286,0.0323,0.0426,0.3089,0.0413,0.1679,0.0305,0.0268,0.0447,0.0771
cg00236832,0.0507,0.0639,0.2185,0.0611,0.1336,0.0513,0.0337,0.0603,0.0727
cg19276111,0.1374,0.2935,0.704,0.069,0.655,0.1284,0.097,0.0335,0.1667
cg11183072,0.0292,0.0853,0.495,0.303,0.5834,0.0343,0.0122,0.0411,0.1482
cg13761998,0.0851,0.1618,0.4641,0.3418,0.531,0.0828,0.064,0.1398,0.2356
cg17740645,0.0853,0.1646,0.5087,0.45,0.5807,0.0874,0.0713,0.154,0.2149
cg16015423,0.0185,0.1589,0.2667,0.0729,0.323,0.0174,0.0081,0.0061,0.0747
cg17765751,0.0178,0.0896,0.1054,0.0329,0.1424,0.0161,0.0098,0.0144,0.0435
cg23161218,0.0185,0.0499,0.3752,0.1667,0.3966,0.0194,0.0138,0.0315,0.1199
cg15995296,0.0653,0.1432,0.421,0.243,0.4598,0.0727,0.033,0.0272,0.0847
cg19903071,0.0489,0.1805,0.5895,0.2361,0.6533,0.0463,0.022,0.0425,0.1305
cg13461447,0.0929,0.275,0.5028,0.1756,0.5513,0.0869,0.1349,0.045,0.067
cg06528063,0.01,0.0234,0.1519,0.0226,0.1766,0.0097,0.0671,0.0136,0.0273
cg04545296,0.0236,0.1233,0.3615,0.0732,0.3562,0.0245,0.0128,0.0489,0.1121
cg26404511,0.0254,0.1631,0.5152,0.1075,0.5951,0.0284,0.0058,0.0369,0.1225
cg01607849,0.0959,0.4154,0.4552,0.3333,0.4956,0.0701,0.1359,0.0249,0.0314
cg15784646,0.0949,0.1745,0.6452,0.3149,0.6477,0.1481,0.0386,0.0824,0.1577
cg17525495,0.0969,0.3885,0.8941,0.7506,0.9072,0.1316,0.0832,0.0692,0.2433
cg04347477,0.1367,0.4555,0.7009,0.3335,0.6973,0.1287,0.0783,0.0734,0.2016
cg04406436,0.0316,0.0865,0.3438,0.0395,0.2188,0.0316,0.0115,0.0944,0.0542
cg05041073,0.0087,0.0153,0.1183,0.0291,0.2586,0.0108,0.0038,0.0052,0.0047
cg21936280,0.0716,0.1235,0.3656,0.1865,0.4711,0.0776,0.0714,0.0994,0.1848
cg08360820,0.0206,0.0152,0.2273,0.0804,0.5047,0.0186,0.0267,0.0275,0.0268
cg02573357,0.0616,0.389,0.7635,0.3846,0.8099,0.0589,0.0586,0.0735,0.1652
cg18108087,0.0355,0.0404,0.1998,0.0419,0.0773,0.0385,0.0195,0.035,0.0402
cg06074992,0.04,0.0901,0.2928,0.1246,0.2153,0.0398,0.0822,0.0452,0.0591
cg18213545,0.0278,0.14,0.5196,0.159,0.5962,0.0328,0.0341,0.0773,0.1714
cg10831212,0.0232,0.2169,0.805,0.3763,0.815,0.0279,0.0324,0.0417,0.1037
cg04313875,0.0056,0.0114,0.0071,0.2367,0.018,0.0058,0.0057,0.0041,0.0033
cg16256390,0.0908,0.1742,0.0988,0.3931,0.1717,0.0857,0.0575,0.0843,0.4728
cg27043010,0.0208,0.0535,0.0367,0.354,0.072,0.0267,0.0101,0.0076,0.2643
cg01447281,0.0512,0.1822,0.0829,0.563,0.2215,0.0435,0.063,0.0536,0.0835
cg08635931,0.0234,0.0443,0.0763,0.3286,0.1732,0.0274,0.0523,0.0469,0.0301
cg15473346,0.0067,0.0212,0.4348,0.3965,0.3725,0.0076,0.0341,0.0224,0.02
cg06121450,0.055,0.0621,0.2654,0.2322,0.2345,0.0538,0.0367,0.0744,0.0727
cg09284949,0.0275,0.1171,0.3893,0.6994,0.4194,0.066,0.0115,0.0393,0.0446
cg15770702,0.0327,0.0553,0.0731,0.3566,0.0807,0.0336,0.0941,0.0792,0.0272
cg13279811,0.0857,0.1824,0.2238,0.5383,0.2322,0.0955,0.0637,0.0449,0.0484
cg15085899,0.0182,0.3064,0.9096,0.6285,0.9416,0.0214,0.0291,0.0058,0.0617
cg08462306,0.0105,0.0179,0.0156,0.2203,0.0204,0.0118,0.0154,0.0334,0.0188
cg24254387,0.0465,0.0573,0.0558,0.3296,0.0602,0.0488,0.0405,0.0958,0.04
cg12043428,0.0293,0.0748,0.0484,0.2438,0.0679,0.0473,0.0203,0.0325,0.0194
cg03666441,0.0681,0.2445,0.5316,0.4382,0.5821,0.0996,0.038,0.0096,0.0395
cg01088404,0.0505,0.1958,0.4913,0.7173,0.777,0.0441,0.0854,0.0615,0.1244
cg21570709,0.107,0.4258,0.1891,0.5668,0.2945,0.1439,0.04,0.0485,0.1273
cg16898124,0.0446,0.1319,0.1526,0.1783,0.2597,0.0549,0.0135,0.0135,0.0296
cg07392085,0.0455,0.1269,0.0659,0.347,0.1462,0.0442,0.0792,0.0661,0.0547
cg23643435,0.0572,0.0991,0.0793,0.3078,0.1371,0.0366,0.0144,0.0133,0.0449
cg05604112,0.0414,0.055,0.0544,0.216,0.0816,0.0398,0.0253,0.044,0.0501
cg26635214,0.0274,0.1539,0.1335,0.1711,0.1309,0.0329,0.0218,0.0381,0.0172
cg02256631,0.1115,0.0841,0.1647,0.4087,0.1282,0.1154,0.0436,0.0789,0.0606
cg12717729,0.0398,0.2233,0.2522,0.3766,0.2734,0.0344,0.1727,0.0535,0.079
cg19725489,0.0225,0.0869,0.3706,0.3026,0.4204,0.0234,0.0272,0.0307,0.0812
cg00738869,0.0289,0.2202,0.0783,0.3179,0.1706,0.0309,0.0057,0.0598,0.0724
cg12446199,0.0247,0.0235,0.6269,0.4531,0.6429,0.0282,0.0128,0.0186,0.1489
cg16411883,0.0386,0.0934,0.2007,0.3835,0.2994,0.0404,0.0348,0.0464,0.0507
cg18660064,0.058,0.1611,0.4331,0.4707,0.5128,0.0538,0.0596,0.0394,0.1102
cg19286686,0.0356,0.0798,0.092,0.0962,0.2079,0.0423,0.0201,0.0429,0.0567
cg23967461,0.0305,0.129,0.159,0.2544,0.353,0.0351,0.0261,0.0419,0.0595
cg08447324,0.0303,0.0873,0.036,0.2276,0.0421,0.0304,0.0194,0.0172,0.0088
cg25737313,0.0346,0.0398,0.33,0.252,0.3453,0.0374,0.0167,0.0337,0.0073
cg01870865,0.0447,0.4884,0.7885,0.6457,0.822,0.1337,0.1228,0.0471,0.1104
cg05406868,0.0391,0.1526,0.1111,0.2695,0.1573,0.0676,0.0295,0.0399,0.06
cg01014262,0.0486,0.3928,0.5442,0.5302,0.6562,0.0495,0.1141,0.0601,0.0911
cg22961457,0.0533,0.3785,0.2436,0.4946,0.3852,0.0719,0.0563,0.0507,0.1138
cg17525495,0.0969,0.3885,0.8941,0.7506,0.9072,0.1316,0.0832,0.0692,0.2433
cg00066663,0.0779,0.4071,0.283,0.5309,0.366,0.0789,0.1076,0.0834,0.1168
cg01664727,0.1563,0.378,0.4812,0.5565,0.6591,0.205,0.0947,0.0343,0.0376
cg09802389,0.0331,0.0868,0.1594,0.269,0.2418,0.0378,0.0315,0.0278,0.0612
cg13357602,0.0401,0.0393,0.3672,0.3348,0.6233,0.1038,0.0368,0.0103,0.0484
cg01018002,0.0514,0.0976,0.0903,0.1759,0.2178,0.0413,0.0239,0.0149,0.0264
cg24691069,0.0082,0.0277,0.0936,0.1465,0.2157,0.0088,0.0079,0.0472,0.0353
cg22501342,0.0526,0.0922,0.2292,0.3251,0.3766,0.0598,0.0615,0.1623,0.1253
cg21161394,0.0307,0.0722,0.5483,0.4611,0.5514,0.0437,0.0102,0.0293,0.2344
cg02648847,0.0663,0.058,0.6887,0.5829,0.6288,0.0717,0.0487,0.0608,0.216
cg02676175,0.3715,0.5324,0.5227,0.7034,0.3788,0.5406,0.2494,0.0805,0.1825
cg23829102,0.055,0.2474,0.4531,0.7345,0.6383,0.0492,0.1217,0.084,0.1548
cg13315450,0.0955,0.0733,0.0838,0.4583,0.0813,0.0678,0.3589,0.104,0.1128
cg03484180,0.3351,0.5002,0.4451,0.5203,0.4695,0.3651,0.348,0.0304,0.0553
cg13072940,0.3103,0.4098,0.3838,0.4154,0.4012,0.3223,0.3454,0.0878,0.1368
cg05047486,0.0464,0.0752,0.1339,0.244,0.2477,0.0473,0.0505,0.0473,0.0501
cg06126721,0.1714,0.5973,0.8595,0.6986,0.8984,0.2274,0.1286,0.0528,0.1303
cg23728447,0.1098,0.2426,0.3299,0.5482,0.4939,0.1073,0.224,0.0408,0.0672
cg20381404,0.0311,0.0948,0.0165,0.1154,0.0873,0.0663,0.0092,0.079,0.0124
cg08462306,0.0105,0.0179,0.0156,0.2203,0.0204,0.0118,0.0154,0.0334,0.0188
cg24254387,0.0465,0.0573,0.0558,0.3296,0.0602,0.0488,0.0405,0.0958,0.04
cg22897141,0.2632,0.1968,0.2586,0.3176,0.2072,0.2014,0.1245,0.1749,0.055
cg09915396,0.0752,0.0594,0.4533,0.5088,0.5128,0.0891,0.118,0.1064,0.1904
cg02076355,0.109,0.1106,0.2456,0.4722,0.4428,0.1122,0.1008,0.1364,0.1675
cg18584387,0.0284,0.0855,0.0557,0.3322,0.0721,0.0318,0.0297,0.1934,0.1096
cg07066369,0.0095,0.0571,0.035,0.1957,0.047,0.0124,0.0022,0.1308,0.0826
cg17580045,0.058,0.1108,0.0821,0.2466,0.1007,0.0673,0.0667,0.2009,0.1485
cg24070123,0.0836,0.191,0.1752,0.229,0.184,0.0153,0.1114,0.0194,0.027
cg23125506,0.118,0.0493,0.6529,0.5579,0.6075,0.125,0.4021,0.0531,0.1767
cg11930955,0.2552,0.2336,0.1097,0.6185,0.1938,0.3346,0.3623,0.1198,0.1499
cg10911160,0.0575,0.0696,0.1018,0.1465,0.1508,0.0649,0.0739,0.0635,0.0564
cg23917399,0.069,0.0685,0.1888,0.4628,0.2708,0.0961,0.1612,0.0565,0.089
cg05783185,0.0432,0.2948,0.6614,0.6564,0.7465,0.0517,0.2325,0.0882,0.1477
cg11639950,0.315,0.6388,0.9145,0.8927,0.9266,0.5323,0.4818,0.0675,0.2398
cg17187521,0.094,0.3494,0.6994,0.5745,0.7575,0.1337,0.1003,0.0727,0.2157
cg21161394,0.0307,0.0722,0.5483,0.4611,0.5514,0.0437,0.0102,0.0293,0.2344
cg02648847,0.0663,0.058,0.6887,0.5829,0.6288,0.0717,0.0487,0.0608,0.216
cg13909895,0.3046,0.3832,0.3413,0.5167,0.2378,0.3219,0.2669,0.0208,0.0492
cg26604214,0.0804,0.0805,0.1915,0.3669,0.3231,0.0848,0.0756,0.1206,0.0847
cg18584387,0.0284,0.0855,0.0557,0.3322,0.0721,0.0318,0.0297,0.1934,0.1096
cg07066369,0.0095,0.0571,0.035,0.1957,0.047,0.0124,0.0022,0.1308,0.0826
cg17580045,0.058,0.1108,0.0821,0.2466,0.1007,0.0673,0.0667,0.2009,0.1485
cg23051299,0.2057,0.3467,0.2096,0.3499,0.2129,0.1681,0.349,0.0375,0.0386
cg20704342,0.1466,0.2364,0.1622,0.1844,0.1646,0.1279,0.1985,0.0783,0.0977
cg26476925,0.0941,0.4557,0.7401,0.7552,0.7779,0.0898,0.1606,0.085,0.1843
cg24011261,0.0138,0.1059,0.1189,0.2689,0.1896,0.0233,0.0446,0.0531,0.0757
cg05551922,0.0318,0.1283,0.1345,0.2224,0.1906,0.0384,0.0135,0.0134,0.0418
cg05055782,0.0678,0.1818,0.2348,0.3568,0.2693,0.0859,0.0698,0.0761,0.0933
cg03214730,0.0405,0.0518,0.1067,0.2082,0.1151,0.0441,0.0808,0.0568,0.0481
cg07346187,0.0732,0.5834,0.6617,0.5907,0.7366,0.0617,0.0332,0.0462,0.131
cg22001211,0.104,0.0891,0.0834,0.3822,0.1485,0.1489,0.148,0.0939,0.0939
cg20518511,0.0843,0.2458,0.1998,0.3163,0.2188,0.1198,0.0522,0.0623,0.0884
cg09033131,0.0233,0.0286,0.1021,0.097,0.2003,0.0133,0.0266,0.0231,0.0054
cg16594165,0.0608,0.0933,0.1698,0.13,0.2738,0.05,0.0427,0.081,0.0688
cg01607849,0.0959,0.4154,0.4552,0.3333,0.4956,0.0701,0.1359,0.0249,0.0314
cg22249612,0.2775,0.925,0.93,0.7511,0.9319,0.1045,0.8,0.0263,0.0492
cg21869046,0.251,0.3749,0.5349,0.4382,0.6216,0.3609,0.1716,0.0267,0.0686
cg12150039,0.0273,0.1012,0.2642,0.3082,0.4986,0.0298,0.0459,0.0841,0.0788
cg22045942,0.0562,0.218,0.3955,0.4016,0.5731,0.058,0.1172,0.1099,0.1511
cg22820108,0.1862,0.4225,0.832,0.7504,0.8469,0.2575,0.2595,0.1027,0.2203
cg04173586,0.6051,0.771,0.9379,0.8646,0.9484,0.212,0.6944,0.02,0.3361
cg26971042,0.0905,0.0589,0.1054,0.6699,0.1898,0.1082,0.0389,0.1038,0.1097
cg09046309,0.1709,0.7126,0.8435,0.7536,0.8541,0.0446,0.435,0.0492,0.1363
cg10421247,0.049,0.2284,0.4653,0.2985,0.4789,0.0678,0.047,0.0248,0.0543
cg13073224,0.1733,0.2191,0.4386,0.3506,0.4948,0.2372,0.1146,0.029,0.0849
cg16684607,0.1348,0.2732,0.4042,0.4946,0.4308,0.1406,0.179,0.1003,0.1363
cg01098178,0.0758,0.1281,0.2137,0.2962,0.2242,0.0792,0.0377,0.0711,0.0739
cg08092930,0.0393,0.1626,0.32,0.185,0.3783,0.0125,0.0193,0.0148,0.03
cg27388962,0.6395,0.0352,0.5345,0.7294,0.516,0.7352,0.8001,0.0763,0.1297
cg07905673,0.039,0.0677,0.1092,0.2018,0.1497,0.0382,0.057,0.0381,0.0416
cg12273325,0.0392,0.0638,0.2207,0.7173,0.3866,0.1286,0.0727,0.1982,0.1114
cg10708955,0.0552,0.3542,0.3091,0.3432,0.3685,0.0612,0.1526,0.0539,0.0849
cg04658021,0.1068,0.6572,0.5137,0.788,0.599,0.1464,0.4111,0.0926,0.1778
cg13759852,0.0557,0.2679,0.2183,0.3834,0.2373,0.065,0.0527,0.0587,0.1115
cg02705163,0.3533,0.408,0.3734,0.3823,0.392,0.3779,0.3328,0.1645,0.2362
cg04850961,0.1256,0.1925,0.1418,0.161,0.1837,0.1176,0.1322,0.0486,0.0791
cg01615880,0.1055,0.1372,0.099,0.152,0.1319,0.101,0.1161,0.0238,0.0205
cg06881310,0.1718,0.2138,0.1771,0.2122,0.206,0.1634,0.1771,0.0751,0.0925
cg25989075,0.188,0.2291,0.1922,0.2288,0.2236,0.1815,0.1968,0.0761,0.1078
cg03417473,0.2464,0.4772,0.5318,0.6968,0.6352,0.2022,0.3339,0.0862,0.172
cg06653052,0.1837,0.3851,0.2936,0.279,0.2682,0.1697,0.169,0.0083,0.0273
cg01924434,0.2278,0.3842,0.3062,0.3953,0.2934,0.2466,0.3202,0.137,0.2235
cg20730253,0.0532,0.0452,0.08,0.0875,0.082,0.0539,0.035,0.0403,0.0475
cg23243080,0.0331,0.0429,0.0908,0.2592,0.0954,0.0324,0.0554,0.0333,0.0281
cg06528575,0.038,0.1088,0.1054,0.2457,0.2908,0.0406,0.0282,0.0622,0.0843
cg04231677,0.0544,0.6423,0.6404,0.6377,0.733,0.0493,0.5385,0.0766,0.1361
cg01564818,0.0397,0.3071,0.6319,0.4273,0.6512,0.052,0.0372,0.0559,0.0992
cg26337070,0.43,0.7951,0.9228,0.8778,0.9408,0.5379,0.6877,0.041,0.2943
cg00135056,0.0774,0.1248,0.2196,0.3693,0.2533,0.0823,0.104,0.0679,0.0919
cg21822187,0.1682,0.4239,0.6253,0.635,0.5618,0.37,0.3369,0.1987,0.0783
cg23643435,0.0572,0.0991,0.0793,0.3078,0.1371,0.0366,0.0144,0.0133,0.0449
cg05604112,0.0414,0.055,0.0544,0.216,0.0816,0.0398,0.0253,0.044,0.0501
cg13298116,0.1705,0.2875,0.2903,0.2848,0.3011,0.2296,0.0705,0.0278,0.1342
cg11742103,0.0535,0.1414,0.1427,0.1143,0.1426,0.0673,0.0632,0.0384,0.1287
cg12065777,0.1636,0.4454,0.6266,0.5817,0.6338,0.2748,0.2758,0.0618,0.1268
cg25554283,0.0111,0.0282,0.044,0.0165,0.2908,0.0102,0.0056,0.0001,0.0005
cg02366988,0.0742,0.1034,0.0998,0.0771,0.2263,0.0751,0.0534,0.0661,0.0823
cg12034678,0.002,0.0038,0.2081,0.0143,0.3418,0.0059,0.004,0.001,0.0304
cg08360820,0.0206,0.0152,0.2273,0.0804,0.5047,0.0186,0.0267,0.0275,0.0268
cg05041073,0.0087,0.0153,0.1183,0.0291,0.2586,0.0108,0.0038,0.0052,0.0047
cg21936280,0.0716,0.1235,0.3656,0.1865,0.4711,0.0776,0.0714,0.0994,0.1848
cg02971575,0.0061,0.0513,0.1226,0.0129,0.199,0.003,0.0025,0.0046,0.0106
cg22306344,0.0057,0.0206,0.1708,0.0204,0.319,0.0093,0.0139,0.0137,0.032
cg13904970,0.0046,0.0055,0.061,0.0375,0.2706,0.0045,0.0077,0.0035,0.0572
cg22620363,0.0128,0.0571,0.1834,0.0589,0.4236,0.0156,0.0106,0.0114,0.0468
cg11478607,0.0093,0.0333,0.0739,0.0181,0.1985,0.0115,0.0074,0.0058,0.02
cg13469590,0.0155,0.0212,0.2046,0.0474,0.3339,0.0165,0.0091,0.0043,0.0242
cg20243351,0.0026,0.0062,0.0631,0.0502,0.3017,0.0063,0.0086,0.0076,0.0478
cg05768702,0.0163,0.0168,0.068,0.0679,0.2172,0.0227,0.0174,0.0359,0.0675
cg13607248,0.0403,0.0288,0.3333,0.1313,0.5397,0.0793,0.0277,0.0384,0.0475
cg14247332,0.0075,0.0872,0.0954,0.0278,0.1683,0.0159,0.0052,0.0,0.0136
cg16208357,0.0167,0.0457,0.1009,0.0268,0.1414,0.015,0.0039,0.0098,0.0837
cg24104567,0.0196,0.0451,0.1923,0.0268,0.262,0.0174,0.0119,0.0002,0.0553
cg02763536,0.0199,0.0463,0.1868,0.0398,0.2192,0.0209,0.0064,0.0078,0.0776
cg24235581,0.0088,0.011,0.033,0.0284,0.2473,0.0084,0.0047,0.0196,0.0643
cg25104621,0.0194,0.0352,0.1342,0.0291,0.2146,0.0212,0.0047,0.0054,0.0134
cg10837858,0.0345,0.0559,0.1425,0.0517,0.2127,0.0385,0.0197,0.0449,0.0387
cg12894649,0.025,0.2003,0.065,0.0527,0.2394,0.0106,0.005,0.0067,0.1134
cg23944804,0.018,0.2048,0.0609,0.0415,0.2807,0.0099,0.0008,0.0028,0.0487
cg14603345,0.0215,0.2333,0.0808,0.0562,0.2957,0.0102,0.0021,0.0082,0.1123
cg15085899,0.0182,0.3064,0.9096,0.6285,0.9416,0.0214,0.0291,0.0058,0.0617
cg27424995,0.0044,0.0161,0.3868,0.1355,0.5634,0.0151,0.007,0.0104,0.2333
cg19811761,0.0175,0.2026,0.0786,0.0502,0.2436,0.0096,0.0213,0.0277,0.0798
cg00674365,0.0207,0.2295,0.0566,0.0449,0.2983,0.0054,0.0046,0.0014,0.0659
cg11411904,0.0157,0.0266,0.0831,0.0798,0.2111,0.0156,0.0096,0.0101,0.0187
cg21344746,0.0119,0.0453,0.3864,0.0977,0.4667,0.0138,0.0084,0.0095,0.0604
cg13357602,0.0401,0.0393,0.3672,0.3348,0.6233,0.1038,0.0368,0.0103,0.0484
cg06065225,0.0031,0.0523,0.0956,0.0082,0.1636,0.0029,0.0102,0.0069,0.0191
cg17598713,0.0076,0.0079,0.0731,0.0219,0.1758,0.0118,0.0158,0.0169,0.0172
cg03384992,0.0242,0.0777,0.1662,0.0238,0.1769,0.0151,0.0318,0.0,0.0068
cg06593258,0.1062,0.2451,0.3644,0.1529,0.3824,0.1041,0.0857,0.0301,0.0619
cg26398656,0.0655,0.146,0.2173,0.0708,0.2373,0.066,0.051,0.0385,0.0469
cg09033131,0.0233,0.0286,0.1021,0.097,0.2003,0.0133,0.0266,0.0231,0.0054
cg16594165,0.0608,0.0933,0.1698,0.13,0.2738,0.05,0.0427,0.081,0.0688
cg25728685,0.0326,0.0475,0.4853,0.2229,0.6441,0.0808,0.0534,0.0212,0.067
cg24152605,0.0175,0.1046,0.065,0.0366,0.2218,0.009,0.0072,0.0043,0.0339
cg21970554,0.0105,0.0778,0.0516,0.0279,0.1451,0.0072,0.0173,0.0238,0.0527
cg22054362,0.0122,0.0832,0.0534,0.0308,0.1569,0.0117,0.0058,0.0007,0.0044
cg12349858,0.0108,0.0596,0.1554,0.0641,0.2816,0.0175,0.0267,0.0253,0.0318
cg16208357,0.0167,0.0457,0.1009,0.0268,0.1414,0.015,0.0039,0.0098,0.0837
cg24104567,0.0196,0.0451,0.1923,0.0268,0.262,0.0174,0.0119,0.0002,0.0553
cg02763536,0.0199,0.0463,0.1868,0.0398,0.2192,0.0209,0.0064,0.0078,0.0776
cg02003159,0.013,0.1017,0.1329,0.021,0.1955,0.0088,0.0018,0.007,0.036
cg24124443,0.0322,0.2448,0.6001,0.1601,0.6207,0.0192,0.0182,0.007,0.0795
cg05022378,0.201,0.1746,0.2525,0.2262,0.2494,0.182,0.2115,0.1879,0.1594
cg08894153,0.0628,0.0753,0.135,0.067,0.2301,0.0707,0.0249,0.0041,0.0138
cg14873488,0.0076,0.0105,0.3339,0.0224,0.3467,0.012,0.0093,0.0273,0.0743
cg02447380,0.0095,0.0315,0.0727,0.0292,0.1735,0.0145,0.0063,0.0098,0.0252
cg08092930,0.0393,0.1626,0.32,0.185,0.3783,0.0125,0.0193,0.0148,0.03
cg05412028,0.0505,0.2034,0.4616,0.1819,0.4656,0.094,0.0314,0.003,0.0126
cg26685941,0.0926,0.2244,0.4153,0.2005,0.377,0.1513,0.0843,0.0309,0.0599
cg25365958,0.0924,0.1507,0.6594,0.2218,0.7509,0.1047,0.0507,0.0262,0.0708
cg19358877,0.013,0.1348,0.044,0.0209,0.155,0.008,0.003,0.0026,0.023
cg08640252,0.0218,0.074,0.2135,0.0462,0.2376,0.0324,0.0185,0.0008,0.0473
cg18213545,0.0278,0.14,0.5196,0.159,0.5962,0.0328,0.0341,0.0773,0.1714
cg10831212,0.0232,0.2169,0.805,0.3763,0.815,0.0279,0.0324,0.0417,0.1037
cg19210276,0.0479,0.2196,0.7612,0.2369,0.7931,0.0489,0.0245,0.0678,0.1234
cg03287340,0.0163,0.1854,0.0845,0.0407,0.185,0.0161,0.0077,0.001,0.0175
cg06923988,0.0242,0.0342,0.126,0.1038,0.237,0.0228,0.0047,0.0155,0.0374
cg15050390,0.0194,0.0634,0.0857,0.0378,0.2265,0.02,0.0039,0.01,0.0302
cg15416179,0.0125,0.0834,0.238,0.0778,0.2688,0.0145,0.0377,0.0023,0.0131
cg17062279,0.0074,0.0421,0.1134,0.0236,0.2333,0.0099,0.0047,0.003,0.0964
cg24152605,0.0175,0.1046,0.065,0.0366,0.2218,0.009,0.0072,0.0043,0.0339
cg21970554,0.0105,0.0778,0.0516,0.0279,0.1451,0.0072,0.0173,0.0238,0.0527
cg22054362,0.0122,0.0832,0.0534,0.0308,0.1569,0.0117,0.0058,0.0007,0.0044
cg17772171,0.0152,0.0635,0.2394,0.0719,0.4572,0.0185,0.006,0.0222,0.161
cg02305850,0.0376,0.069,0.1321,0.0888,0.2785,0.0444,0.0219,0.0529,0.0643
cg02973469,0.0254,0.0505,0.0926,0.0504,0.2159,0.0273,0.0062,0.0162,0.032
cg16898124,0.0446,0.1319,0.1526,0.1783,0.2597,0.0549,0.0135,0.0135,0.0296
cg20645074,0.0144,0.0776,0.155,0.0776,0.2502,0.0156,0.0133,0.0242,0.0375
cg15846482,0.0594,0.1618,0.4837,0.1125,0.6204,0.0655,0.055,0.0547,0.0855
cg19927257,0.047,0.0516,0.1037,0.0516,0.2152,0.0338,0.0126,0.0023,0.0143
cg14210872,0.1102,0.129,0.1836,0.0942,0.2489,0.0857,0.0346,0.0154,0.0382
cg10903451,0.0143,0.1171,0.0496,0.0388,0.1546,0.0115,0.0041,0.0117,0.0278
cg00490655,0.0357,0.1868,0.0681,0.064,0.2265,0.0207,0.0045,0.0183,0.0421
cg06003296,0.0124,0.0784,0.0819,0.0183,0.1624,0.0077,0.0022,0.0078,0.0411
cg12426092,0.065,0.1681,0.7631,0.2713,0.8449,0.0704,0.0356,0.0284,0.1163
cg05058167,0.0593,0.153,0.3494,0.1729,0.52,0.0572,0.0285,0.0484,0.098
cg19713567,0.0976,0.2139,0.4664,0.2959,0.6011,0.099,0.0687,0.0715,0.1498
cg03717364,0.0259,0.1671,0.507,0.1366,0.5148,0.03,0.0082,0.0359,0.1466
cg04011671,0.0182,0.1079,0.4632,0.0796,0.4595,0.0228,0.0116,0.0265,0.0754
cg11270042,0.0107,0.0535,0.1072,0.0807,0.1615,0.0077,0.0082,0.0109,0.0045
cg13790603,0.0186,0.0276,0.0828,0.0611,0.2147,0.022,0.0204,0.021,0.1113
cg20985755,0.0138,0.0216,0.072,0.0436,0.1994,0.0164,0.0098,0.0191,0.0532
cg17700915,0.0234,0.1217,0.1004,0.0356,0.2144,0.0176,0.0138,0.0122,0.0177
cg16704678,0.005,0.0112,0.1115,0.018,0.1286,0.0056,0.002,0.0096,0.02
cg10831212,0.0232,0.2169,0.805,0.3763,0.815,0.0279,0.0324,0.0417,0.1037
cg19210276,0.0479,0.2196,0.7612,0.2369,0.7931,0.0489,0.0245,0.0678,0.1234
cg09082903,0.0172,0.1698,0.0813,0.038,0.1729,0.0121,0.0082,0.0009,0.0233
cg03666441,0.0681,0.2445,0.5316,0.4382,0.5821,0.0996,0.038,0.0096,0.0395
cg14878812,0.0249,0.0764,0.1213,0.0434,0.2016,0.0185,0.0255,0.0141,0.0312
cg00159523,0.064,0.2679,0.567,0.1576,0.809,0.1212,0.2469,0.0319,0.0728
cg25011475,0.0354,0.1026,0.2975,0.1009,0.3638,0.0339,0.0454,0.0241,0.0677
cg21602557,0.043,0.0588,0.0917,0.0844,0.2107,0.0438,0.0154,0.0126,0.0183
cg23919479,0.0143,0.1778,0.052,0.0218,0.1506,0.0125,0.0052,0.0051,0.0387
cg18976418,0.0371,0.1234,0.7549,0.1574,0.7622,0.0367,0.1054,0.0544,0.1272
cg24312719,0.0665,0.1092,0.1998,0.1104,0.3064,0.0689,0.0523,0.0197,0.0372
cg11226183,0.1441,0.2029,0.2672,0.1907,0.2746,0.1845,0.162,0.0419,0.0718
cg17140307,0.2456,0.2591,0.3412,0.2741,0.3637,0.2526,0.2432,0.0687,0.145
cg27363829,0.0208,0.2766,0.1908,0.0599,0.3605,0.0114,0.0417,0.0207,0.0531
cg24442740,0.0152,0.1364,0.3745,0.2896,0.5453,0.0181,0.0065,0.0297,0.2721
cg19146924,0.0335,0.0667,0.1425,0.0793,0.1931,0.0387,0.0272,0.0057,0.0084
cg24585346,0.1027,0.1336,0.175,0.1156,0.2197,0.1025,0.0869,0.0723,0.085
cg10683341,0.021,0.0369,0.2424,0.0458,0.2454,0.0282,0.0063,0.0206,0.0391
cg23651614,0.0399,0.046,0.2346,0.0836,0.2355,0.0387,0.0309,0.0447,0.0543
cg12446199,0.0247,0.0235,0.6269,0.4531,0.6429,0.0282,0.0128,0.0186,0.1489
cg21863949,0.1354,0.2816,0.451,0.2106,0.5237,0.2042,0.0462,0.0094,0.0519
cg11497957,0.0261,0.0778,0.284,0.0874,0.3876,0.0277,0.0246,0.0514,0.0734
cg19547144,0.0162,0.0484,0.0831,0.0651,0.198,0.0148,0.0065,0.0153,0.0508
cg14779951,0.0446,0.1013,0.156,0.1252,0.3278,0.0538,0.0409,0.0296,0.0745
cg17329494,0.0223,0.1432,0.4496,0.1638,0.5016,0.0233,0.0202,0.0102,0.0876
cg26059153,0.0155,0.1552,0.0588,0.017,0.1148,0.008,0.0047,0.0,0.0327
cg06571075,0.0157,0.162,0.0308,0.021,0.1158,0.007,0.0045,0.0037,0.0347
cg09057863,0.0278,0.0652,0.1042,0.0357,0.1882,0.0254,0.0086,0.0167,0.0258
cg22777062,0.0169,0.0635,0.0692,0.0208,0.1596,0.022,0.0036,0.0035,0.0371
cg19725489,0.0225,0.0869,0.3706,0.3026,0.4204,0.0234,0.0272,0.0307,0.0812
cg12272837,0.0434,0.1802,0.1163,0.053,0.1931,0.0397,0.0224,0.0038,0.0189
cg02935627,0.0982,0.2381,0.1723,0.1244,0.2372,0.1049,0.0808,0.039,0.0586
cg16015423,0.0185,0.1589,0.2667,0.0729,0.323,0.0174,0.0081,0.0061,0.0747
cg17765751,0.0178,0.0896,0.1054,0.0329,0.1424,0.0161,0.0098,0.0144,0.0435
cg14222879,0.0068,0.0107,0.1397,0.0139,0.1604,0.0079,0.0057,0.0234,0.0306
cg15245095,0.0231,0.0931,0.0948,0.0378,0.1772,0.031,0.0141,0.0131,0.0334
cg03205584,0.0702,0.1557,0.1587,0.0904,0.2013,0.0773,0.0428,0.0511,0.1086
cg25570278,0.0386,0.113,0.1594,0.074,0.3226,0.0384,0.0149,0.0176,0.0657
cg17468185,0.0199,0.0538,0.0869,0.0492,0.2336,0.0183,0.0148,0.0224,0.0595
cg12894649,0.025,0.2003,0.065,0.0527,0.2394,0.0106,0.005,0.0067,0.1134
cg23944804,0.018,0.2048,0.0609,0.0415,0.2807,0.0099,0.0008,0.0028,0.0487
cg14603345,0.0215,0.2333,0.0808,0.0562,0.2957,0.0102,0.0021,0.0082,0.1123
cg18238374,0.0156,0.0633,0.1114,0.0482,0.1882,0.0153,0.0134,0.0082,0.0358
cg02321062,0.0319,0.0398,0.101,0.0469,0.2359,0.0375,0.0109,0.0354,0.0664
cg11033835,0.0124,0.2373,0.0344,0.0286,0.1462,0.0064,0.0146,0.0,0.0125
cg02003159,0.013,0.1017,0.1329,0.021,0.1955,0.0088,0.0018,0.007,0.036
cg24124443,0.0322,0.2448,0.6001,0.1601,0.6207,0.0192,0.0182,0.007,0.0795
cg11183072,0.0292,0.0853,0.495,0.303,0.5834,0.0343,0.0122,0.0411,0.1482
cg13761998,0.0851,0.1618,0.4641,0.3418,0.531,0.0828,0.064,0.1398,0.2356
cg17740645,0.0853,0.1646,0.5087,0.45,0.5807,0.0874,0.0713,0.154,0.2149
cg04850765,0.0128,0.1033,0.2382,0.0573,0.2624,0.0151,0.0029,0.0105,0.0261
cg26308477,0.0219,0.0882,0.0992,0.0568,0.1509,0.0242,0.014,0.0024,0.0204
cg19286686,0.0356,0.0798,0.092,0.0962,0.2079,0.0423,0.0201,0.0429,0.0567
cg23967461,0.0305,0.129,0.159,0.2544,0.353,0.0351,0.0261,0.0419,0.0595
cg08169020,0.8866,0.2615,0.0149,0.0777,0.0164,0.868,0.9509,0.0336,0.0462
cg25913761,0.8363,0.221,0.2816,0.4705,0.3961,0.8293,0.2385,0.3578,0.2054
cg26955540,0.7658,0.0222,0.1492,0.4005,0.3474,0.7915,0.1374,0.1965,0.1269
cg12827637,0.5212,0.3614,0.0227,0.212,0.0225,0.5368,0.4667,0.0287,0.0459
cg13677741,0.1653,0.1182,0.0109,0.0887,0.0133,0.2101,0.199,0.027,0.0577
cg19442545,0.2013,0.1137,0.0608,0.041,0.0668,0.1952,0.1601,0.0364,0.0246
cg15838173,0.1819,0.1145,0.0688,0.0588,0.066,0.1798,0.1045,0.0309,0.0138
cg23231163,0.3366,0.2776,0.1749,0.1822,0.1789,0.3249,0.333,0.1264,0.171
cg04858631,0.6594,0.1479,0.0787,0.0516,0.1614,0.644,0.5443,0.1346,0.1091
cg19442545,0.2013,0.1137,0.0608,0.041,0.0668,0.1952,0.1601,0.0364,0.0246
cg15838173,0.1819,0.1145,0.0688,0.0588,0.066,0.1798,0.1045,0.0309,0.0138
cg02646515,0.087,0.0511,0.2685,0.4501,0.3705,0.6214,0.4593,0.0588,0.0476
cg00982136,0.4659,0.3645,0.0369,0.0494,0.0385,0.4724,0.4022,0.0724,0.0632
cg05507654,0.1953,0.0449,0.0537,0.1751,0.0725,0.2326,0.2002,0.0678,0.0257
cg18136963,0.1143,0.2865,0.3476,0.3129,0.3328,0.3994,0.1648,0.0481,0.0916
cg25170017,0.8861,0.5116,0.1021,0.4363,0.0875,0.7042,0.9447,0.0842,0.0769
cg15376996,0.5355,0.4895,0.3402,0.456,0.2595,0.577,0.6439,0.094,0.0736
cg10560079,0.1943,0.0846,0.01,0.0524,0.0107,0.1753,0.149,0.0774,0.0321
cg11845111,0.1324,0.0998,0.0477,0.0556,0.0453,0.1152,0.1343,0.1574,0.1441
cg27211696,0.2095,0.1225,0.0331,0.0619,0.0339,0.1863,0.186,0.2105,0.1648
cg24565820,0.038,0.031,0.0217,0.0588,0.0506,0.1117,0.0188,0.0,0.023
cg23896514,0.2258,0.0416,0.0424,0.0596,0.0414,0.2912,0.053,0.0552,0.0585
cg27388962,0.6395,0.0352,0.5345,0.7294,0.516,0.7352,0.8001,0.0763,0.1297
cg08474651,0.1932,0.2666,0.163,0.1245,0.148,0.2128,0.1537,0.0227,0.0359
cg14789659,0.8194,0.6834,0.2172,0.6203,0.525,0.8535,0.8926,0.1173,0.1948
cg00928816,0.7962,0.6818,0.3266,0.6438,0.553,0.854,0.8764,0.176,0.2685
cg20746552,0.6966,0.6434,0.321,0.5626,0.5442,0.7588,0.7817,0.157,0.2364
cg16389209,0.7493,0.6001,0.2884,0.6021,0.496,0.8042,0.8371,0.1627,0.2111
cg23220823,0.3931,0.1386,0.0916,0.128,0.0894,0.4259,0.3797,0.1366,0.0798
cg01424562,0.8487,0.5592,0.1068,0.4103,0.1318,0.8368,0.9115,0.1062,0.1507
cg08832851,0.3915,0.0385,0.0359,0.0503,0.0363,0.4298,0.6754,0.0806,0.1408
cg09642825,0.4598,0.3097,0.1942,0.4086,0.182,0.4433,0.5505,0.0586,0.0953
cg06375761,0.161,0.1878,0.0776,0.0835,0.0453,0.1855,0.1159,0.0717,0.0661
cg13638257,0.1698,0.1944,0.0603,0.068,0.023,0.1998,0.1511,0.0658,0.1167
cg14419102,0.3889,0.3972,0.2134,0.2314,0.1045,0.402,0.3891,0.2209,0.2397
cg18353226,0.2078,0.202,0.1136,0.1356,0.0758,0.2172,0.1582,0.1305,0.1066
cg26083458,0.4801,0.4564,0.203,0.2918,0.0862,0.4926,0.3948,0.2425,0.2876
cg22879098,0.5349,0.5507,0.3692,0.451,0.402,0.5331,0.536,0.026,0.0976
cg24082121,0.5822,0.5525,0.2442,0.3097,0.3254,0.5558,0.6729,0.0243,0.0535
cg12474798,0.5198,0.4197,0.2904,0.498,0.3472,0.5324,0.5621,0.0909,0.0903
cg20684110,0.5365,0.3919,0.3404,0.5153,0.4051,0.5404,0.4457,0.0798,0.0861
cg01005506,0.3272,0.3353,0.2354,0.3152,0.257,0.3289,0.3228,0.0932,0.1252
cg06340704,0.7613,0.714,0.3902,0.4906,0.4233,0.7775,0.7343,0.1308,0.2136
cg09267773,0.7251,0.0691,0.4459,0.5365,0.542,0.7737,0.3513,0.1305,0.109
cg12420283,0.1962,0.3307,0.1644,0.3031,0.2273,0.3558,0.3659,0.0683,0.0593
cg26033520,0.7498,0.8209,0.6811,0.4038,0.5694,0.7561,0.4239,0.1236,0.1144
cg06601071,0.2794,0.2262,0.2088,0.3458,0.2223,0.5034,0.3141,0.1466,0.0604
cg18856478,0.9477,0.941,0.9361,0.9174,0.9398,0.9456,0.9422,0.0793,0.1784
cg05098343,0.4534,0.7985,0.5014,0.6795,0.4766,0.839,0.9303,0.0682,0.154
cg17084151,0.4988,0.5443,0.5026,0.1051,0.558,0.5877,0.6347,0.0881,0.1516
cg12474798,0.5198,0.4197,0.2904,0.498,0.3472,0.5324,0.5621,0.0909,0.0903
cg20684110,0.5365,0.3919,0.3404,0.5153,0.4051,0.5404,0.4457,0.0798,0.0861
cg01005506,0.3272,0.3353,0.2354,0.3152,0.257,0.3289,0.3228,0.0932,0.1252
cg06375761,0.161,0.1878,0.0776,0.0835,0.0453,0.1855,0.1159,0.0717,0.0661
cg13638257,0.1698,0.1944,0.0603,0.068,0.023,0.1998,0.1511,0.0658,0.1167
cg14419102,0.3889,0.3972,0.2134,0.2314,0.1045,0.402,0.3891,0.2209,0.2397
cg18353226,0.2078,0.202,0.1136,0.1356,0.0758,0.2172,0.1582,0.1305,0.1066
cg26083458,0.4801,0.4564,0.203,0.2918,0.0862,0.4926,0.3948,0.2425,0.2876
cg19300307,0.8784,0.756,0.5303,0.825,0.7107,0.8563,0.9466,0.2371,0.1263
cg08857351,0.232,0.1917,0.1394,0.2206,0.1682,0.2337,0.1436,0.0379,0.0279
cg02486646,0.1347,0.1188,0.0702,0.1241,0.089,0.1468,0.1244,0.0456,0.0452
cg03419014,0.8364,0.8285,0.7382,0.7405,0.8015,0.8363,0.9309,0.2221,0.2624
cg14785464,0.4055,0.4053,0.2854,0.2983,0.3742,0.3937,0.4071,0.045,0.0451
cg06167719,0.4685,0.4815,0.3564,0.3747,0.4603,0.4562,0.6169,0.0459,0.0619
cg09037712,0.7116,0.7505,0.6861,0.667,0.7361,0.7006,0.8243,0.2968,0.3285
cg27189395,0.3106,0.3252,0.2104,0.2478,0.2322,0.3024,0.2513,0.0449,0.0324
cg04043919,0.2821,0.3054,0.2812,0.3322,0.2957,0.3046,0.2772,0.1638,0.1825
cg26315985,0.1573,0.6598,0.5463,0.4717,0.6674,0.7318,0.821,0.0664,0.1122
cg11895835,0.8771,0.2624,0.2625,0.5883,0.317,0.8452,0.9116,0.1459,0.454
cg25913761,0.8363,0.221,0.2816,0.4705,0.3961,0.8293,0.2385,0.3578,0.2054
cg26955540,0.7658,0.0222,0.1492,0.4005,0.3474,0.7915,0.1374,0.1965,0.1269
cg18675610,0.5402,0.6193,0.3951,0.5454,0.5314,0.5786,0.5164,0.0651,0.1003
cg22706007,0.2148,0.2877,0.2011,0.266,0.3053,0.2318,0.219,0.0542,0.0491
cg00936790,0.8,0.5784,0.1317,0.5352,0.2861,0.7899,0.7732,0.0997,0.1317
cg11975790,0.7251,0.2485,0.1584,0.6402,0.1886,0.7558,0.7261,0.3337,0.2389
cg25607383,0.786,0.5156,0.4442,0.6886,0.4665,0.7793,0.7248,0.4759,0.3411
cg09367425,0.1756,0.1417,0.1453,0.1936,0.1892,0.2312,0.0524,0.0706,0.0597
cg05258935,0.9509,0.9555,0.9521,0.95,0.9602,0.9363,0.9645,0.0693,0.213
cg10218876,0.1577,0.2146,0.2962,0.163,0.2624,0.2934,0.1208,0.034,0.0518
cg18649823,0.154,0.1909,0.2355,0.1822,0.2215,0.246,0.1662,0.0947,0.1055
cg19504245,0.2939,0.3192,0.3859,0.3118,0.3674,0.4162,0.2899,0.1054,0.1718
cg24699670,0.1269,0.1562,0.2165,0.1213,0.2045,0.226,0.1283,0.0563,0.0712
cg07218880,0.7409,0.3803,0.1549,0.0854,0.1773,0.8049,0.8053,0.4626,0.2129
cg07520810,0.5493,0.5513,0.2551,0.5268,0.4713,0.637,0.7159,0.1017,0.1589
cg20746552,0.6966,0.6434,0.321,0.5626,0.5442,0.7588,0.7817,0.157,0.2364
cg16401465,0.7596,0.6599,0.3332,0.6975,0.5764,0.8148,0.8608,0.1514,0.1953
cg16389209,0.7493,0.6001,0.2884,0.6021,0.496,0.8042,0.8371,0.1627,0.2111
cg06889535,0.4966,0.5182,0.4764,0.4786,0.5492,0.5371,0.3545,0.0198,0.0909
cg22879098,0.5349,0.5507,0.3692,0.451,0.402,0.5331,0.536,0.026,0.0976
cg24082121,0.5822,0.5525,0.2442,0.3097,0.3254,0.5558,0.6729,0.0243,0.0535
cg10361922,0.1899,0.208,0.1548,0.1599,0.1476,0.1917,0.1179,0.0353,0.0384
cg03419014,0.8364,0.8285,0.7382,0.7405,0.8015,0.8363,0.9309,0.2221,0.2624
cg14785464,0.4055,0.4053,0.2854,0.2983,0.3742,0.3937,0.4071,0.045,0.0451
cg06167719,0.4685,0.4815,0.3564,0.3747,0.4603,0.4562,0.6169,0.0459,0.0619
cg09037712,0.7116,0.7505,0.6861,0.667,0.7361,0.7006,0.8243,0.2968,0.3285
cg26460530,0.3586,0.3923,0.0568,0.2543,0.0598,0.3042,0.2282,0.0667,0.0586
cg19147129,0.2326,0.2546,0.1345,0.0913,0.4026,0.3002,0.1666,0.0241,0.0577
cg08257293,0.622,0.524,0.2553,0.3589,0.3348,0.622,0.5919,0.1152,0.2288
cg12461469,0.1733,0.0946,0.136,0.2033,0.2372,0.1864,0.332,0.0021,0.0367
cg13512830,0.4052,0.4846,0.4877,0.5211,0.5593,0.4909,0.5674,0.0684,0.1332
cg04962480,0.401,0.4209,0.0707,0.0854,0.0643,0.449,0.3963,0.1252,0.1134
cg08063160,0.7761,0.0969,0.5338,0.3152,0.3844,0.7581,0.7283,0.228,0.312
cg26401541,0.7968,0.6311,0.4988,0.6729,0.5019,0.8709,0.9425,0.0899,0.1129
cg14855367,0.8451,0.5886,0.6809,0.8076,0.8375,0.8167,0.8215,0.1138,0.1809
cg15059065,0.8068,0.876,0.9151,0.8998,0.9261,0.8576,0.8539,0.0772,0.1727
cg07520810,0.5493,0.5513,0.2551,0.5268,0.4713,0.637,0.7159,0.1017,0.1589
cg14789659,0.8194,0.6834,0.2172,0.6203,0.525,0.8535,0.8926,0.1173,0.1948
cg00928816,0.7962,0.6818,0.3266,0.6438,0.553,0.854,0.8764,0.176,0.2685
cg20746552,0.6966,0.6434,0.321,0.5626,0.5442,0.7588,0.7817,0.157,0.2364
cg16401465,0.7596,0.6599,0.3332,0.6975,0.5764,0.8148,0.8608,0.1514,0.1953
cg16389209,0.7493,0.6001,0.2884,0.6021,0.496,0.8042,0.8371,0.1627,0.2111
cg02676175,0.3715,0.5324,0.5227,0.7034,0.3788,0.5406,0.2494,0.0805,0.1825
cg20074395,0.1894,0.1276,0.0202,0.1342,0.0216,0.2015,0.1741,0.0615,0.025
cg18215449,0.2396,0.4384,0.4728,0.4526,0.4221,0.472,0.5176,0.1076,0.0613
cg12946660,0.2855,0.4654,0.2533,0.3039,0.3414,0.3086,0.3479,0.0399,0.016
cg06864789,0.1317,0.2813,0.3166,0.3114,0.3127,0.3642,0.2054,0.0822,0.1115
cg05419812,0.0716,0.0953,0.066,0.0403,0.1014,0.1529,0.0364,0.0662,0.0022
cg18845950,0.0313,0.0554,0.0639,0.0228,0.0765,0.0775,0.0,0.06,0.0128
cg19692929,0.4374,0.3087,0.0492,0.1915,0.0754,0.4634,0.345,0.1306,0.1169
cg04462378,0.5924,0.4854,0.4302,0.5129,0.5367,0.6126,0.6265,0.0737,0.1771
cg20809067,0.3076,0.3228,0.2362,0.3329,0.2355,0.3273,0.171,0.0593,0.0558
cg20227056,0.4857,0.488,0.414,0.5474,0.4259,0.5233,0.6507,0.0556,0.0724
cg10661769,0.5449,0.3934,0.6978,0.5665,0.7328,0.5568,0.4219,0.0788,0.1279
cg12433575,0.6892,0.586,0.8212,0.7495,0.8591,0.7026,0.7321,0.3238,0.3873
cg27292818,0.1192,0.1374,0.1734,0.1504,0.2014,0.1679,0.0882,0.0209,0.06
cg27312961,0.5519,0.3744,0.4722,0.5148,0.5939,0.5464,0.6212,0.0699,0.1283
cg13506158,0.8846,0.5882,0.7171,0.8792,0.8744,0.8613,0.9292,0.1851,0.2855
cg27269488,0.5222,0.4121,0.4911,0.517,0.5692,0.5258,0.591,0.118,0.1423
cg08846870,0.9464,0.9383,0.947,0.9471,0.9471,0.9482,0.9701,0.2029,0.2164
cg05560697,0.2429,0.3717,0.1844,0.2882,0.1964,0.2766,0.1623,0.0643,0.0228
cg14845962,0.9156,0.9098,0.9391,0.9103,0.9471,0.8968,0.9033,0.1065,0.2047
cg14057303,0.8257,0.6651,0.1413,0.1085,0.1371,0.7957,0.1245,0.4291,0.2513
cg21869046,0.251,0.3749,0.5349,0.4382,0.6216,0.3609,0.1716,0.0267,0.0686
cg01726273,0.5246,0.0399,0.0514,0.1637,0.0551,0.5346,0.5601,0.0779,0.0985
cg05337711,0.3012,0.3337,0.3314,0.2761,0.3187,0.3463,0.2849,0.0655,0.0694
cg14395885,0.9541,0.9529,0.9541,0.953,0.9649,0.9529,0.9778,0.6242,0.3651
cg21181453,0.5752,0.7286,0.6958,0.6627,0.8,0.5805,0.6019,0.0684,0.0416
cg27016579,0.5499,0.3195,0.1889,0.4232,0.2008,0.5778,0.683,0.086,0.049
cg06493154,0.4124,0.3614,0.2278,0.4071,0.2993,0.4362,0.5103,0.0822,0.0835
cg24591770,0.9379,0.942,0.9398,0.9382,0.9456,0.9366,0.9432,0.2319,0.1429
cg11402700,0.0857,0.1307,0.0899,0.0676,0.0514,0.0939,0.0583,0.0135,0.0127
cg03254916,0.2688,0.2273,0.2313,0.2754,0.2178,0.2501,0.1374,0.111,0.055
cg15185986,0.7174,0.5354,0.6731,0.6427,0.6466,0.7234,0.8066,0.1381,0.1448
cg20510285,0.4604,0.499,0.4732,0.1823,0.4679,0.5949,0.656,0.1,0.1218
cg19828220,0.538,0.5183,0.6418,0.5573,0.611,0.5959,0.4902,0.1223,0.2341
cg10906729,0.6289,0.5843,0.7642,0.6499,0.7207,0.7073,0.619,0.0527,0.1025
cg18684142,0.684,0.654,0.8108,0.7096,0.8022,0.7526,0.7603,0.0496,0.1372
cg11532431,0.7928,0.8391,0.797,0.8197,0.809,0.7844,0.875,0.1517,0.2114
cg16127573,0.8029,0.8161,0.7232,0.7291,0.7989,0.7728,0.7774,0.1284,0.1756
cg18071071,0.2146,0.1481,0.1153,0.1238,0.1767,0.23,0.0902,0.0948,0.0233
cg02297709,0.8223,0.8464,0.8553,0.8259,0.8811,0.8128,0.8005,0.0419,0.1441
cg15926420,0.6805,0.6609,0.6532,0.6858,0.7184,0.6602,0.6753,0.1472,0.3507
cg01403948,0.2222,0.2301,0.3042,0.2633,0.2361,0.3073,0.2146,0.0638,0.094
cg03803541,0.5393,0.4467,0.4998,0.5186,0.5414,0.5953,0.5044,0.1019,0.1659
cg17179862,0.5748,0.4949,0.5521,0.5531,0.5962,0.6444,0.5296,0.076,0.1601
cg08169020,0.8866,0.2615,0.0149,0.0777,0.0164,0.868,0.9509,0.0336,0.0462
cg12968518,0.0174,0.0138,0.0237,0.0098,0.018,0.0127,0.2756,0.0319,0.042
cg13152952,0.0033,0.0153,0.1911,0.0101,0.1092,0.0067,0.1818,0.0084,0.0194
cg12461469,0.1733,0.0946,0.136,0.2033,0.2372,0.1864,0.332,0.0021,0.0367
cg13512830,0.4052,0.4846,0.4877,0.5211,0.5593,0.4909,0.5674,0.0684,0.1332
cg08832851,0.3915,0.0385,0.0359,0.0503,0.0363,0.4298,0.6754,0.0806,0.1408
cg25170017,0.8861,0.5116,0.1021,0.4363,0.0875,0.7042,0.9447,0.0842,0.0769
cg04727071,0.0672,0.5933,0.4853,0.49,0.4011,0.0415,0.6459,0.0684,0.101
cg18496447,0.0215,0.0248,0.0041,0.0476,0.0348,0.025,0.1663,0.0258,0.0246
cg13677741,0.1653,0.1182,0.0109,0.0887,0.0133,0.2101,0.199,0.027,0.0577
cg15082802,0.0196,0.046,0.0243,0.0708,0.0345,0.0228,0.1408,0.023,0.0196
cg03419014,0.8364,0.8285,0.7382,0.7405,0.8015,0.8363,0.9309,0.2221,0.2624
cg14785464,0.4055,0.4053,0.2854,0.2983,0.3742,0.3937,0.4071,0.045,0.0451
cg06167719,0.4685,0.4815,0.3564,0.3747,0.4603,0.4562,0.6169,0.0459,0.0619
cg09037712,0.7116,0.7505,0.6861,0.667,0.7361,0.7006,0.8243,0.2968,0.3285
cg09642825,0.4598,0.3097,0.1942,0.4086,0.182,0.4433,0.5505,0.0586,0.0953
cg13108141,0.0632,0.0299,0.0523,0.0439,0.0547,0.1347,0.2468,0.0502,0.0489
cg12637869,0.0144,0.0187,0.0243,0.0164,0.0115,0.0145,0.1174,0.0045,0.0044
cg25801976,0.0505,0.7786,0.7876,0.126,0.776,0.0356,0.831,0.0441,0.1256
cg12827637,0.5212,0.3614,0.0227,0.212,0.0225,0.5368,0.4667,0.0287,0.0459
cg15376996,0.5355,0.4895,0.3402,0.456,0.2595,0.577,0.6439,0.094,0.0736
cg22879098,0.5349,0.5507,0.3692,0.451,0.402,0.5331,0.536,0.026,0.0976
cg24082121,0.5822,0.5525,0.2442,0.3097,0.3254,0.5558,0.6729,0.0243,0.0535
cg24163242,0.1137,0.8063,0.7907,0.1461,0.781,0.1015,0.7847,0.0631,0.1278
cg18448570,0.0487,0.0318,0.5227,0.225,0.5334,0.0418,0.5711,0.0629,0.1302
cg01930746,0.0444,0.0297,0.2177,0.088,0.2135,0.1208,0.591,0.1759,0.1986
cg27388962,0.6395,0.0352,0.5345,0.7294,0.516,0.7352,0.8001,0.0763,0.1297
cg03956042,0.3138,0.4404,0.2243,0.4856,0.2994,0.4448,0.6397,0.0943,0.0991
cg14131285,0.0224,0.0228,0.0375,0.0195,0.0204,0.0165,0.1392,0.0352,0.0011
cg22249612,0.2775,0.925,0.93,0.7511,0.9319,0.1045,0.8,0.0263,0.0492
cg00044505,0.0609,0.602,0.6228,0.143,0.6985,0.118,0.6092,0.0586,0.1154
cg05056497,0.7282,0.5957,0.2246,0.185,0.3757,0.4537,0.851,0.1158,0.1489
cg01424562,0.8487,0.5592,0.1068,0.4103,0.1318,0.8368,0.9115,0.1062,0.1507
cg20227056,0.4857,0.488,0.414,0.5474,0.4259,0.5233,0.6507,0.0556,0.0724
cg07216976,0.2618,0.3147,0.0425,0.171,0.0612,0.1856,0.5157,0.0796,0.0843
cg07377519,0.1528,0.5347,0.7061,0.6368,0.7376,0.09,0.7231,0.0677,0.1519
cg14284211,0.0595,0.6562,0.2841,0.4524,0.1985,0.0468,0.6555,0.0436,0.0867
cg23051299,0.2057,0.3467,0.2096,0.3499,0.2129,0.1681,0.349,0.0375,0.0386
cg20704342,0.1466,0.2364,0.1622,0.1844,0.1646,0.1279,0.1985,0.0783,0.0977
cg15076218,0.0538,0.0486,0.049,0.0496,0.0436,0.0451,0.2073,0.052,0.0474
cg14789659,0.8194,0.6834,0.2172,0.6203,0.525,0.8535,0.8926,0.1173,0.1948
cg00928816,0.7962,0.6818,0.3266,0.6438,0.553,0.854,0.8764,0.176,0.2685
cg20746552,0.6966,0.6434,0.321,0.5626,0.5442,0.7588,0.7817,0.157,0.2364
cg16389209,0.7493,0.6001,0.2884,0.6021,0.496,0.8042,0.8371,0.1627,0.2111
cg19414630,0.4722,0.8969,0.8746,0.1962,0.8585,0.4452,0.8993,0.0846,0.1848
cg05098343,0.4534,0.7985,0.5014,0.6795,0.4766,0.839,0.9303,0.0682,0.154
cg22017733,0.434,0.4609,0.129,0.2913,0.1708,0.1845,0.424,0.0623,0.0938
cg24325362,0.0209,0.0248,0.03,0.0195,0.056,0.0466,0.1518,0.0146,0.0
cg26315985,0.1573,0.6598,0.5463,0.4717,0.6674,0.7318,0.821,0.0664,0.1122
cg02962602,0.5569,0.4813,0.3268,0.2805,0.2305,0.4945,0.6419,0.0925,0.3509
cg13442969,0.2589,0.2036,0.0772,0.1201,0.0905,0.3552,0.4393,0.0897,0.0824
cg12474798,0.5198,0.4197,0.2904,0.498,0.3472,0.5324,0.5621,0.0909,0.0903
cg20684110,0.5365,0.3919,0.3404,0.5153,0.4051,0.5404,0.4457,0.0798,0.0861
cg01005506,0.3272,0.3353,0.2354,0.3152,0.257,0.3289,0.3228,0.0932,0.1252
cg19300307,0.8784,0.756,0.5303,0.825,0.7107,0.8563,0.9466,0.2371,0.1263
cg02635260,0.0728,0.2134,0.3094,0.3093,0.3349,0.3628,0.4636,0.0642,0.0821
cg00448868,0.2896,0.8357,0.8228,0.8219,0.8355,0.5968,0.8762,0.0596,0.1877
cg11630632,0.3021,0.1919,0.1615,0.2155,0.1804,0.1331,0.4182,0.1745,0.1205
cg17936564,0.3725,0.3192,0.25,0.2934,0.2565,0.2639,0.384,0.2094,0.1653
cg08255475,0.5367,0.6738,0.4085,0.6093,0.4185,0.466,0.7021,0.1282,0.0871
cg12054453,0.1614,0.4454,0.1144,0.1391,0.1963,0.2764,0.5333,0.1175,0.0668
cg01409343,0.6933,0.5794,0.234,0.5048,0.3874,0.7238,0.8013,0.3297,0.201
cg07520810,0.5493,0.5513,0.2551,0.5268,0.4713,0.637,0.7159,0.1017,0.1589
cg20746552,0.6966,0.6434,0.321,0.5626,0.5442,0.7588,0.7817,0.157,0.2364
cg16401465,0.7596,0.6599,0.3332,0.6975,0.5764,0.8148,0.8608,0.1514,0.1953
cg16389209,0.7493,0.6001,0.2884,0.6021,0.496,0.8042,0.8371,0.1627,0.2111
cg26894079,0.111,0.829,0.2679,0.6989,0.5241,0.3556,0.7912,0.0639,0.0971
cg17084151,0.4988,0.5443,0.5026,0.1051,0.558,0.5877,0.6347,0.0881,0.1516
cg16744438,0.2974,0.4119,0.0971,0.1988,0.0727,0.1124,0.6759,0.2512,0.2046
cg10932907,0.3733,0.6474,0.1337,0.4455,0.2131,0.1096,0.66,0.193,0.1484
cg25124966,0.261,0.4332,0.0699,0.225,0.1201,0.0804,0.41,0.0797,0.0937
cg08367326,0.0967,0.1011,0.0991,0.1038,0.0556,0.0579,0.1113,0.0089,0.0258
cg27016579,0.5499,0.3195,0.1889,0.4232,0.2008,0.5778,0.683,0.086,0.049
cg04858631,0.6594,0.1479,0.0787,0.0516,0.1614,0.644,0.5443,0.1346,0.1091
cg10535675,0.0169,0.0077,0.0237,0.017,0.01,0.0244,0.1351,0.0036,0.0846
cg08786207,0.0484,0.0623,0.0662,0.0641,0.0622,0.0661,0.1636,0.0233,0.0271
cg11895835,0.8771,0.2624,0.2625,0.5883,0.317,0.8452,0.9116,0.1459,0.454
cg06493154,0.4124,0.3614,0.2278,0.4071,0.2993,0.4362,0.5103,0.0822,0.0835
cg13488013,0.0408,0.32,0.3969,0.1501,0.4333,0.2679,0.6625,0.2053,0.1684
cg10807894,0.6399,0.532,0.3691,0.636,0.386,0.714,0.891,0.0547,0.1074
cg07748583,0.4544,0.4468,0.51,0.4108,0.5094,0.4266,0.6075,0.0917,0.1508
cg15935721,0.3176,0.3788,0.3811,0.3085,0.3864,0.2918,0.287,0.091,0.1388
cg19668951,0.2927,0.6113,0.5459,0.4488,0.5706,0.4105,0.7857,0.0873,0.1596
cg12946660,0.2855,0.4654,0.2533,0.3039,0.3414,0.3086,0.3479,0.0399,0.016
cg08979515,0.4232,0.6711,0.5666,0.448,0.5287,0.3276,0.6195,0.0645,0.1134
cg10672681,0.6296,0.7713,0.7566,0.672,0.7399,0.6076,0.6729,0.1451,0.1872
cg12420283,0.1962,0.3307,0.1644,0.3031,0.2273,0.3558,0.3659,0.0683,0.0593
cg25131247,0.0272,0.0195,0.0165,0.027,0.018,0.0234,0.1867,0.151,0.0559
cg11006453,0.8853,0.6327,0.2259,0.5255,0.1917,0.8874,0.9555,0.1649,0.2112
cg13157980,0.3707,0.4918,0.0749,0.2609,0.0743,0.4874,0.879,0.0696,0.101
cg27653384,0.2588,0.5146,0.7997,0.1924,0.6164,0.2619,0.525,0.0182,0.1272
cg27395200,0.6855,0.6112,0.2654,0.3709,0.3032,0.6158,0.7299,0.1616,0.1995
cg07275218,0.6981,0.6353,0.3061,0.4302,0.3325,0.6668,0.7337,0.2387,0.2495
cg27312961,0.5519,0.3744,0.4722,0.5148,0.5939,0.5464,0.6212,0.0699,0.1283
cg13506158,0.8846,0.5882,0.7171,0.8792,0.8744,0.8613,0.9292,0.1851,0.2855
cg27269488,0.5222,0.4121,0.4911,0.517,0.5692,0.5258,0.591,0.118,0.1423
cg22109530,0.6629,0.5279,0.4078,0.5953,0.3922,0.6714,0.8056,0.2046,0.0801
cg14515791,0.8754,0.7924,0.7179,0.8369,0.7028,0.8718,0.8841,0.306,0.1947
cg15643574,0.0439,0.0552,0.0528,0.0375,0.0379,0.043,0.187,0.0923,0.0303
cg12128828,0.1195,0.1542,0.0936,0.1655,0.0866,0.0871,0.2921,0.0606,0.0908
cg25594549,0.1551,0.0593,0.1198,0.172,0.131,0.1074,0.338,0.0626,0.1032
cg19331221,0.1614,0.138,0.1276,0.1695,0.1784,0.1373,0.1822,0.0199,0.0331
cg18569141,0.2735,0.2696,0.3514,0.338,0.4462,0.2938,0.2394,0.0689,0.0466
cg16439823,0.2934,0.2423,0.2437,0.291,0.2821,0.2807,0.3422,0.1361,0.1507
cg09942210,0.412,0.3493,0.2182,0.0806,0.1851,0.4608,0.5713,0.1101,0.2218
cg05507654,0.1953,0.0449,0.0537,0.1751,0.0725,0.2326,0.2002,0.0678,0.0257
cg10509607,0.7058,0.6731,0.0629,0.6437,0.1097,0.6333,0.7449,0.1111,0.198
cg00982136,0.4659,0.3645,0.0369,0.0494,0.0385,0.4724,0.4022,0.0724,0.0632
cg26077811,0.4848,0.3262,0.366,0.4666,0.3813,0.6218,0.7936,0.3295,0.1978
cg25843651,0.5561,0.5277,0.3242,0.5976,0.5015,0.539,0.7135,0.1268,0.14
cg03419014,0.8364,0.8285,0.7382,0.7405,0.8015,0.8363,0.9309,0.2221,0.2624
cg14785464,0.4055,0.4053,0.2854,0.2983,0.3742,0.3937,0.4071,0.045,0.0451
cg06167719,0.4685,0.4815,0.3564,0.3747,0.4603,0.4562,0.6169,0.0459,0.0619
cg09037712,0.7116,0.7505,0.6861,0.667,0.7361,0.7006,0.8243,0.2968,0.3285
cg18215449,0.2396,0.4384,0.4728,0.4526,0.4221,0.472,0.5176,0.1076,0.0613
cg24287110,0.405,0.3139,0.1148,0.0379,0.1982,0.4353,0.6711,0.0345,0.0748
cg17790605,0.0794,0.1263,0.1183,0.0734,0.1512,0.0801,0.1762,0.0658,0.0452
cg26401541,0.7968,0.6311,0.4988,0.6729,0.5019,0.8709,0.9425,0.0899,0.1129
cg19733736,0.3121,0.8301,0.8006,0.1179,0.7225,0.4337,0.8732,0.0751,0.1703
cg18842353,0.6519,0.5637,0.4114,0.7135,0.4558,0.7609,0.8966,0.2687,0.1223
cg22365240,0.5055,0.4484,0.4341,0.1423,0.3573,0.5548,0.7597,0.3114,0.1393
cg16278496,0.7411,0.8528,0.0816,0.8137,0.1024,0.654,0.8132,0.3267,0.1253
cg11798182,0.7748,0.8567,0.1112,0.8118,0.1406,0.6985,0.8092,0.3809,0.1855
cg26269881,0.0802,0.5953,0.5298,0.2051,0.5797,0.0442,0.5421,0.1514,0.0826
cg00270878,0.6504,0.8439,0.692,0.2643,0.7225,0.6201,0.8342,0.0365,0.0989
cg19980260,0.0915,0.8166,0.6917,0.6928,0.8349,0.0545,0.8883,0.1344,0.2033
cg15838914,0.0383,0.1072,0.064,0.0639,0.0632,0.034,0.2298,0.0711,0.038
cg18856478,0.9477,0.941,0.9361,0.9174,0.9398,0.9456,0.9422,0.0793,0.1784
cg19442545,0.2013,0.1137,0.0608,0.041,0.0668,0.1952,0.1601,0.0364,0.0246
cg15838173,0.1819,0.1145,0.0688,0.0588,0.066,0.1798,0.1045,0.0309,0.0138
cg07438103,0.586,0.4884,0.143,0.4274,0.0943,0.5752,0.6658,0.1315,0.209
cg01269537,0.0057,0.0058,0.0066,0.0049,0.0058,0.0061,0.0116,0.2793,0.0064
cg02337825,0.0222,0.0536,0.0374,0.0157,0.0346,0.0182,0.0081,0.2628,0.0073
cg00704305,0.0268,0.0241,0.0262,0.0248,0.0241,0.0219,0.018,0.2869,0.0447
cg11026333,0.021,0.0142,0.0207,0.0135,0.0126,0.0153,0.014,0.1837,0.0285
cg22298430,0.0046,0.0055,0.0309,0.0072,0.0073,0.0069,0.0059,0.3944,0.3619
cg27230784,0.0085,0.0101,0.0219,0.0072,0.0088,0.0137,0.0037,0.4626,0.4291
cg00050152,0.0213,0.0682,0.0173,0.0134,0.0162,0.0132,0.0134,0.1924,0.0161
cg22298430,0.0046,0.0055,0.0309,0.0072,0.0073,0.0069,0.0059,0.3944,0.3619
cg27230784,0.0085,0.0101,0.0219,0.0072,0.0088,0.0137,0.0037,0.4626,0.4291
cg12610207,0.0088,0.0637,0.018,0.0107,0.0227,0.0066,0.0027,0.5116,0.0848
cg05065572,0.0561,0.1116,0.0833,0.054,0.0938,0.0563,0.0396,0.4452,0.137
cg08151857,0.0074,0.0372,0.0089,0.0102,0.01,0.005,0.0042,0.1895,0.0223
cg20291436,0.0266,0.0751,0.0412,0.0358,0.0606,0.0253,0.0146,0.3591,0.099
cg14609025,0.0095,0.0465,0.0159,0.0106,0.0266,0.0105,0.0053,0.2673,0.0593
cg07696033,0.0068,0.0152,0.0093,0.0084,0.0134,0.005,0.0151,0.1674,0.0188
cg01270001,0.0152,0.0174,0.0129,0.0125,0.0121,0.0109,0.0104,0.1999,0.0382
cg14673387,0.0081,0.0523,0.0114,0.0094,0.0147,0.0076,0.0075,0.2057,0.0185
cg12043818,0.0339,0.2303,0.0879,0.0547,0.1566,0.0206,0.0066,0.1902,0.0774
cg09385093,0.0252,0.1128,0.0322,0.0231,0.0337,0.0207,0.0153,0.415,0.0764
cg05401764,0.0026,0.0018,0.0024,0.002,0.0049,0.0023,0.0053,0.1689,0.0051
cg23625715,0.0035,0.005,0.007,0.0015,0.0058,0.0032,0.0022,0.2877,0.2508
cg01150641,0.0557,0.0671,0.0558,0.0601,0.0581,0.0517,0.0304,0.4027,0.3401
cg22773661,0.011,0.0286,0.0126,0.0089,0.0213,0.0079,0.0006,0.2574,0.0411
cg04549333,0.016,0.0391,0.0219,0.0199,0.0243,0.0203,0.0115,0.5097,0.0396
cg15141467,0.0131,0.0191,0.0175,0.0131,0.0154,0.0183,0.0024,0.291,0.0738
cg00585901,0.0114,0.011,0.0134,0.0103,0.0108,0.0152,0.0107,0.3419,0.1047
cg08455275,0.0169,0.0183,0.0163,0.013,0.014,0.0149,0.0204,0.558,0.191
cg00886954,0.0095,0.008,0.0084,0.0091,0.0066,0.0105,0.0022,0.4485,0.2575
cg12378888,0.015,0.052,0.0165,0.0122,0.0241,0.01,0.0021,0.353,0.0705
cg22747076,0.0393,0.0476,0.0628,0.0491,0.071,0.0288,0.0082,0.5594,0.0779
cg01697719,0.0064,0.0516,0.0098,0.0071,0.0103,0.0063,0.0072,0.7122,0.2128
cg18671949,0.0257,0.0285,0.052,0.0221,0.0212,0.0227,0.0113,0.3188,0.3434
cg17466857,0.0111,0.0658,0.018,0.0162,0.0257,0.0072,0.0021,0.4252,0.1254
cg10657141,0.0971,0.2011,0.1344,0.1021,0.1524,0.0703,0.1061,0.4078,0.25
cg25901381,0.0828,0.1682,0.1042,0.091,0.118,0.072,0.0704,0.3522,0.1924
cg22717014,0.0288,0.1126,0.0489,0.0322,0.0861,0.0249,0.0154,0.4429,0.1879
cg16184803,0.1981,0.3345,0.2956,0.2147,0.3545,0.186,0.1723,0.4484,0.3034
cg10107434,0.0358,0.064,0.0391,0.0326,0.042,0.0395,0.0402,0.3959,0.0114
cg01425666,0.0063,0.0435,0.0174,0.0841,0.0211,0.0228,0.0121,0.5165,0.1819
cg08940511,0.0184,0.0248,0.0213,0.0191,0.027,0.0193,0.0242,0.2439,0.0928
cg22122410,0.0063,0.0177,0.0186,0.0096,0.0191,0.0054,0.0072,0.4054,0.1432
cg19638477,0.0486,0.105,0.1274,0.071,0.1248,0.0442,0.0344,0.4241,0.2595
cg09888562,0.0312,0.0554,0.0418,0.0267,0.0404,0.033,0.012,0.2907,0.0831
cg02087954,0.006,0.0266,0.0154,0.007,0.0212,0.0027,0.004,0.1925,0.0033
cg21890551,0.0298,0.0202,0.0381,0.0463,0.0553,0.0154,0.0195,0.6406,0.174
cg14781521,0.009,0.015,0.0184,0.0093,0.0218,0.0186,0.0176,0.3591,0.1703
cg03580106,0.0375,0.0399,0.0482,0.0467,0.0364,0.041,0.0396,0.2031,0.0143
cg06550177,0.0103,0.0282,0.0285,0.111,0.0401,0.0148,0.0013,0.501,0.1425
cg25916282,0.0374,0.0823,0.0563,0.0389,0.0773,0.034,0.0141,0.8679,0.3225
cg18944451,0.0801,0.1165,0.0889,0.0701,0.0966,0.0723,0.0598,0.7215,0.336
cg03709091,0.0625,0.2152,0.0672,0.03,0.1228,0.0579,0.0292,0.3857,0.0925
cg15316660,0.0131,0.0216,0.0186,0.0167,0.0141,0.0184,0.0014,0.1869,0.0059
cg09556952,0.0879,0.1043,0.0891,0.0776,0.0776,0.0753,0.0339,0.3226,0.1127
cg26985666,0.0048,0.0057,0.0062,0.0049,0.008,0.0037,0.0203,0.1359,0.142
cg11986813,0.0112,0.0301,0.0076,0.014,0.014,0.0076,0.0043,0.1289,0.009
cg12426196,0.0275,0.0376,0.0268,0.0284,0.027,0.024,0.0023,0.6729,0.2712
cg13906823,0.0356,0.0589,0.0529,0.0384,0.0498,0.0403,0.0069,0.7459,0.3151
cg24161057,0.022,0.0221,0.0265,0.0201,0.0221,0.0227,0.0134,0.7116,0.2868
cg01519253,0.0233,0.103,0.0469,0.0199,0.0619,0.0214,0.0175,0.3764,0.1136
cg14249348,0.026,0.0957,0.0526,0.0229,0.086,0.02,0.0149,0.3507,0.0734
cg18342279,0.011,0.0516,0.0228,0.0116,0.0326,0.009,0.0084,0.2083,0.0142
cg26222311,0.007,0.0111,0.0071,0.0046,0.0064,0.0081,0.0123,0.3502,0.2889
cg12426196,0.0275,0.0376,0.0268,0.0284,0.027,0.024,0.0023,0.6729,0.2712
cg13906823,0.0356,0.0589,0.0529,0.0384,0.0498,0.0403,0.0069,0.7459,0.3151
cg24161057,0.022,0.0221,0.0265,0.0201,0.0221,0.0227,0.0134,0.7116,0.2868
cg05848863,0.0029,0.007,0.027,0.0063,0.0551,0.0028,0.0069,0.1619,0.0098
cg23932491,0.0273,0.1364,0.0486,0.027,0.0717,0.023,0.0053,0.3084,0.0758
cg12602409,0.0175,0.0239,0.0153,0.0144,0.0196,0.0178,0.0315,0.517,0.448
cg24761867,0.0069,0.0054,0.0074,0.0072,0.0069,0.008,0.0092,0.2717,0.0973
cg01054755,0.0034,0.004,0.0025,0.0033,0.003,0.0031,0.0046,0.4735,0.1742
cg15628956,0.0231,0.0311,0.0295,0.0264,0.0224,0.0258,0.0273,0.2887,0.0848
cg08382235,0.0048,0.0122,0.0073,0.0077,0.0098,0.0047,0.0028,0.6018,0.2437
cg14417498,0.0311,0.113,0.0656,0.0262,0.09,0.0262,0.0072,0.4555,0.0731
cg15141467,0.0131,0.0191,0.0175,0.0131,0.0154,0.0183,0.0024,0.291,0.0738
cg00585901,0.0114,0.011,0.0134,0.0103,0.0108,0.0152,0.0107,0.3419,0.1047
cg26942121,0.0104,0.032,0.05,0.0108,0.041,0.0077,0.0214,0.2804,0.081
cg08451832,0.0455,0.068,0.0531,0.0486,0.0622,0.0496,0.0227,0.4571,0.0929
cg11224624,0.0064,0.008,0.0073,0.0075,0.0063,0.0077,0.0054,0.1716,0.1266
cg27250236,0.0504,0.295,0.0975,0.0626,0.233,0.039,0.033,0.4567,0.2255
cg24035447,0.0188,0.1634,0.0414,0.0232,0.0921,0.0134,0.0426,0.4038,0.198
cg23618440,0.1332,0.3198,0.1748,0.1625,0.2686,0.129,0.0653,0.3641,0.1654
cg09816507,0.0917,0.2593,0.168,0.1109,0.2416,0.0881,0.1007,0.3465,0.1843
cg00457913,0.1146,0.3157,0.1877,0.1374,0.2734,0.0949,0.1096,0.3379,0.2108
cg27180868,0.0324,0.0458,0.038,0.0394,0.0298,0.033,0.0163,0.6331,0.2647
cg17160984,0.0311,0.1165,0.0414,0.0289,0.0754,0.022,0.0181,0.8158,0.3418
cg07724977,0.0144,0.02,0.0213,0.0215,0.0238,0.0165,0.0084,0.1075,0.1546
cg24859937,0.0121,0.025,0.0223,0.0153,0.0624,0.0106,0.0141,0.3385,0.1758
cg04458368,0.0607,0.1323,0.163,0.1102,0.2331,0.0653,0.0556,0.6968,0.3893
cg11731300,0.0316,0.0434,0.0284,0.0253,0.0239,0.0278,0.01,0.4189,0.1892
cg14377596,0.0074,0.01,0.0105,0.0056,0.0122,0.0086,0.0022,0.3504,0.1604
cg09494609,0.0509,0.0513,0.0523,0.0507,0.0498,0.0494,0.0535,0.4925,0.161
cg25021051,0.0583,0.0614,0.0545,0.0597,0.0538,0.053,0.0483,0.5291,0.1828
cg13153394,0.0066,0.0175,0.0098,0.0061,0.009,0.0069,0.0004,0.278,0.0396
cg19092164,0.0313,0.0597,0.0417,0.0354,0.0412,0.0341,0.0179,0.348,0.0988
cg15697476,0.0529,0.1016,0.0472,0.0533,0.077,0.0482,0.021,0.2891,0.0964
cg09996288,0.0077,0.0147,0.0082,0.0098,0.0114,0.0074,0.0028,0.1218,0.0148
cg17001689,0.014,0.0206,0.0204,0.0188,0.03,0.0134,0.0089,0.1263,0.0622
cg02740950,0.0844,0.0879,0.0871,0.0815,0.1003,0.0802,0.0563,0.3624,0.1702
cg08964780,0.0122,0.0995,0.024,0.0627,0.035,0.0116,0.0042,0.3081,0.1592
cg18418335,0.0147,0.0162,0.0186,0.0176,0.015,0.0378,0.0077,0.3349,0.1605
cg10256219,0.012,0.0136,0.0088,0.0125,0.009,0.0133,0.0347,0.1509,0.028
cg12426196,0.0275,0.0376,0.0268,0.0284,0.027,0.024,0.0023,0.6729,0.2712
cg13906823,0.0356,0.0589,0.0529,0.0384,0.0498,0.0403,0.0069,0.7459,0.3151
cg24161057,0.022,0.0221,0.0265,0.0201,0.0221,0.0227,0.0134,0.7116,0.2868
cg09899173,0.0139,0.0123,0.0071,0.0096,0.013,0.0072,0.0022,0.1987,0.0853
cg09177567,0.0313,0.0314,0.0217,0.0214,0.0368,0.0261,0.0086,0.337,0.1577
cg11998141,0.0718,0.0811,0.0658,0.061,0.087,0.0627,0.0277,0.2974,0.1412
cg25673948,0.0615,0.0628,0.0541,0.0558,0.0731,0.0523,0.0352,0.378,0.2118
cg26990102,0.0468,0.1102,0.0737,0.0713,0.0953,0.0454,0.0226,0.4151,0.1051
cg01145709,0.0392,0.0558,0.0667,0.0587,0.0671,0.0477,0.0315,0.2669,0.0604
cg01796166,0.1259,0.2253,0.1429,0.1029,0.1662,0.0965,0.026,0.4747,0.1452
cg19870698,0.0227,0.0677,0.035,0.0308,0.0448,0.0268,0.0155,0.2954,0.0375
cg25644556,0.0216,0.125,0.0443,0.0907,0.0559,0.0224,0.0065,0.396,0.1934
cg21183329,0.0328,0.0412,0.0386,0.0399,0.0331,0.0382,0.0169,0.289,0.1318
cg27136994,0.0597,0.0454,0.0554,0.058,0.0466,0.042,0.0245,0.2891,0.085
cg27045999,0.1385,0.1684,0.1526,0.1291,0.1676,0.1098,0.0806,0.315,0.1725
cg27419860,0.0548,0.0305,0.0387,0.0414,0.0266,0.0333,0.0193,0.286,0.0749
cg26546864,0.1198,0.0799,0.1088,0.1056,0.1066,0.0823,0.0606,0.3756,0.1508
cg16842767,0.0036,0.0097,0.0166,0.0081,0.0192,0.0075,0.0154,0.3116,0.1155
cg07669260,0.1277,0.1833,0.1814,0.1437,0.1731,0.1129,0.1068,0.3861,0.2485
cg09494609,0.0509,0.0513,0.0523,0.0507,0.0498,0.0494,0.0535,0.4925,0.161
cg25021051,0.0583,0.0614,0.0545,0.0597,0.0538,0.053,0.0483,0.5291,0.1828
cg14834267,0.0535,0.1621,0.067,0.0541,0.0762,0.0495,0.0168,0.1403,0.0324
cg16517702,0.0224,0.1729,0.0488,0.0228,0.051,0.0196,0.014,0.1656,0.0232
cg04705435,0.0194,0.031,0.0442,0.0668,0.0586,0.0211,0.0219,0.2643,0.0565
cg01579535,0.087,0.1053,0.1061,0.0983,0.1054,0.1032,0.0442,0.402,0.123
cg02264990,0.0169,0.0245,0.0334,0.014,0.0248,0.0169,0.024,0.4846,0.1941
cg03923561,0.0408,0.0496,0.065,0.0519,0.0566,0.0438,0.0224,0.5733,0.2052
cg09720701,0.0511,0.0531,0.0612,0.0543,0.057,0.054,0.0423,0.4924,0.1523
cg05001964,0.0776,0.2234,0.1222,0.0703,0.1619,0.0701,0.0327,0.1916,0.1122
cg08279075,0.0593,0.2038,0.0996,0.0654,0.1416,0.0531,0.0319,0.3706,0.1331
cg16023122,0.0388,0.0418,0.0441,0.0411,0.0374,0.0396,0.0229,0.3138,0.1437
cg12690127,0.0128,0.0263,0.0244,0.1762,0.0518,0.0134,0.0263,0.6163,0.249
cg23193870,0.0489,0.0747,0.0698,0.2342,0.1275,0.045,0.1393,0.4459,0.2555
cg16063747,0.0375,0.1555,0.093,0.0424,0.1383,0.0347,0.0197,0.2919,0.0775
cg20967139,0.0071,0.0087,0.0101,0.0104,0.0119,0.0078,0.0067,0.4534,0.2015
cg03946762,0.0368,0.0425,0.0507,0.0453,0.0521,0.0445,0.0439,0.4793,0.2651
cg07995179,0.028,0.1369,0.0715,0.0357,0.0912,0.026,0.0118,0.3251,0.1679
cg03003689,0.0569,0.0752,0.0708,0.063,0.1237,0.0596,0.0334,0.2249,0.0363
cg16620392,0.0134,0.066,0.0345,0.0145,0.049,0.0137,0.0326,0.6425,0.3224
cg01283201,0.0117,0.0124,0.013,0.008,0.0108,0.0098,0.0088,0.1817,0.0333
cg12610207,0.0088,0.0637,0.018,0.0107,0.0227,0.0066,0.0027,0.5116,0.0848
cg05065572,0.0561,0.1116,0.0833,0.054,0.0938,0.0563,0.0396,0.4452,0.137
cg13506653,0.0078,0.0106,0.0053,0.005,0.0149,0.0081,0.0071,0.1108,0.008
cg21905630,0.0508,0.0669,0.0794,0.0508,0.0818,0.0442,0.0431,0.1565,0.0857
cg23735712,0.0081,0.0139,0.0172,0.0109,0.0229,0.0082,0.0135,0.5402,0.1132
cg05020685,0.0575,0.0672,0.0988,0.0799,0.1183,0.0541,0.0424,0.6599,0.3442
cg05894734,0.0049,0.0097,0.0136,0.0094,0.0112,0.0104,0.0151,0.3251,0.0801
cg06485940,0.1133,0.1255,0.1418,0.126,0.1204,0.1161,0.0686,0.5597,0.1827
cg06456154,0.0693,0.1186,0.0931,0.0656,0.1088,0.0756,0.0398,0.4657,0.2368
cg15526081,0.0478,0.054,0.046,0.0442,0.0527,0.0429,0.0312,0.5634,0.2326
cg14149007,0.0051,0.0065,0.0065,0.0079,0.0084,0.0042,0.0045,0.0083,0.0054
cg15524063,0.0041,0.0058,0.0032,0.0018,0.004,0.005,0.006,0.0034,0.0076
cg25385412,0.0032,0.0036,0.0074,0.0043,0.004,0.0017,0.0025,0.0018,0.0002
cg05401447,0.005,0.0048,0.0054,0.0022,0.0049,0.0028,0.0092,0.0072,0.0099
cg06772157,0.0626,0.069,0.0733,0.0608,0.0693,0.0669,0.0641,0.0834,0.0858
cg13892980,0.0097,0.01,0.0132,0.0099,0.0098,0.0116,0.0014,0.0046,0.0037
cg11939465,0.0358,0.0324,0.0396,0.0334,0.0315,0.0385,0.0312,0.0511,0.0294
cg18097281,0.0052,0.0093,0.0072,0.0054,0.006,0.0074,0.002,0.0029,0.0036
cg12635019,0.0044,0.0045,0.0064,0.0054,0.0067,0.0026,0.0034,0.0049,0.0
cg04305879,0.051,0.0497,0.0547,0.0455,0.0488,0.0445,0.0399,0.056,0.0541
cg23864632,0.0085,0.0098,0.008,0.0076,0.0081,0.0087,0.0019,0.0027,0.0011
cg12258919,0.0046,0.0093,0.0059,0.0042,0.0058,0.0065,0.0065,0.0047,0.011
cg15524063,0.0041,0.0058,0.0032,0.0018,0.004,0.005,0.006,0.0034,0.0076
cg25385412,0.0032,0.0036,0.0074,0.0043,0.004,0.0017,0.0025,0.0018,0.0002
cg26385074,0.0023,0.0332,0.0125,0.006,0.0306,0.0029,0.0007,0.0009,0.0175
cg05068428,0.0027,0.0084,0.0067,0.002,0.0097,0.0039,0.0003,0.0014,0.0014
cg01036164,0.0543,0.0534,0.0556,0.0456,0.0555,0.0446,0.0452,0.0418,0.0481
cg04812615,0.0397,0.048,0.0476,0.0424,0.0445,0.0385,0.0342,0.0423,0.0405
cg13892980,0.0097,0.01,0.0132,0.0099,0.0098,0.0116,0.0014,0.0046,0.0037
cg18097281,0.0052,0.0093,0.0072,0.0054,0.006,0.0074,0.002,0.0029,0.0036
cg12635019,0.0044,0.0045,0.0064,0.0054,0.0067,0.0026,0.0034,0.0049,0.0
cg24940138,0.011,0.0176,0.0165,0.0163,0.0135,0.0155,0.0029,0.0116,0.085
cg21211480,0.0058,0.004,0.0067,0.0048,0.005,0.0055,0.0078,0.0032,0.0691
cg15026277,0.0056,0.0039,0.0058,0.0068,0.005,0.0066,0.0054,0.0049,0.0723
cg19548479,0.0339,0.0349,0.0391,0.0341,0.0362,0.0341,0.0215,0.0395,0.1387
cg24940138,0.011,0.0176,0.0165,0.0163,0.0135,0.0155,0.0029,0.0116,0.085
cg21211480,0.0058,0.004,0.0067,0.0048,0.005,0.0055,0.0078,0.0032,0.0691
cg15026277,0.0056,0.0039,0.0058,0.0068,0.005,0.0066,0.0054,0.0049,0.0723
cg00500522,0.0042,0.0048,0.0044,0.0049,0.0042,0.0024,0.0155,0.0138,0.0128
cg24804544,0.0046,0.0072,0.0062,0.0069,0.0114,0.0104,0.0011,0.007,0.0008
cg26721700,0.0201,0.0196,0.0208,0.017,0.0144,0.0157,0.0426,0.0397,0.0289
cg09386954,0.0096,0.0087,0.0086,0.0083,0.0072,0.0093,0.0012,0.0114,0.003
cg22194948,0.0046,0.0056,0.0064,0.0054,0.0065,0.0062,0.0131,0.0169,0.019
cg05327835,0.005,0.0988,0.0168,0.007,0.0267,0.0032,0.0077,0.0025,0.0399
cg18732064,0.0331,0.0054,0.0058,0.0034,0.0052,0.0314,0.0107,0.0053,0.0072
cg08230695,0.026,0.024,0.026,0.0261,0.0241,0.0231,0.009,0.0051,0.0011
cg01579950,0.0064,0.0275,0.0034,0.0047,0.0095,0.004,0.0034,0.001,0.114
cg22409276,0.0033,0.0047,0.0052,0.0038,0.0059,0.0041,0.0078,0.0,0.0
cg18477204,0.0182,0.0549,0.0239,0.0154,0.0368,0.0094,0.0189,0.0392,0.0337
cg02380334,0.0591,0.092,0.0596,0.052,0.0606,0.048,0.0391,0.0624,0.0558
cg14280424,0.0142,0.015,0.0164,0.0172,0.0174,0.0144,0.0078,0.0126,0.0135
cg18201077,0.0139,0.0136,0.0127,0.013,0.0115,0.0129,0.0046,0.0155,0.0054
cg14217558,0.0057,0.0107,0.0455,0.053,0.0652,0.0052,0.0073,0.0101,0.0062
cg20154143,0.0931,0.1269,0.1779,0.154,0.2088,0.0913,0.0491,0.1114,0.0696
cg12536502,0.0317,0.0369,0.0523,0.0397,0.049,0.0427,0.0171,0.0128,0.006
cg07749923,0.1744,0.2053,0.2058,0.1845,0.2104,0.1831,0.1037,0.1016,0.1132
cg07804711,0.0428,0.0449,0.0457,0.0406,0.0323,0.0453,0.026,0.0556,0.037
cg25548415,0.0072,0.0086,0.0112,0.0102,0.0121,0.0053,0.0019,0.0087,0.0022
cg13892980,0.0097,0.01,0.0132,0.0099,0.0098,0.0116,0.0014,0.0046,0.0037
cg18097281,0.0052,0.0093,0.0072,0.0054,0.006,0.0074,0.002,0.0029,0.0036
cg12635019,0.0044,0.0045,0.0064,0.0054,0.0067,0.0026,0.0034,0.0049,0.0
cg05330668,0.0071,0.0072,0.0042,0.0075,0.0081,0.0066,0.0094,0.0269,0.0
cg03577460,0.0471,0.0436,0.0509,0.0562,0.059,0.0536,0.0435,0.078,0.0255
cg01914455,0.0444,0.0697,0.0929,0.0748,0.1106,0.0479,0.0243,0.0494,0.0361
cg04976780,0.0029,0.0053,0.0068,0.0074,0.0146,0.0044,0.0028,0.0087,0.0008
cg14506834,0.0111,0.0103,0.0167,0.0138,0.019,0.0105,0.0147,0.0137,0.0242
cg19598544,0.0415,0.0452,0.0476,0.0486,0.0493,0.0433,0.0548,0.0499,0.0514
cg24940138,0.011,0.0176,0.0165,0.0163,0.0135,0.0155,0.0029,0.0116,0.085
cg21211480,0.0058,0.004,0.0067,0.0048,0.005,0.0055,0.0078,0.0032,0.0691
cg15026277,0.0056,0.0039,0.0058,0.0068,0.005,0.0066,0.0054,0.0049,0.0723
cg19548479,0.0339,0.0349,0.0391,0.0341,0.0362,0.0341,0.0215,0.0395,0.1387
cg21185826,0.0124,0.0231,0.0145,0.0154,0.0138,0.0131,0.0087,0.0127,0.0132
cg09456094,0.0076,0.0092,0.0106,0.0082,0.0069,0.0091,0.0051,0.0119,0.0102
cg11702456,0.0154,0.0122,0.0171,0.0138,0.011,0.0116,0.0109,0.0288,0.0164
cg11827097,0.0552,0.0613,0.0513,0.0582,0.048,0.0564,0.0354,0.0574,0.0652
cg14689219,0.006,0.0332,0.0123,0.0052,0.0229,0.0056,0.0025,0.0004,0.031
cg18222083,0.0089,0.011,0.0089,0.0077,0.0068,0.012,0.0024,0.0,0.1625
cg10504751,0.0082,0.011,0.0122,0.0082,0.011,0.0139,0.0096,0.0062,0.0047
cg15892785,0.0032,0.0136,0.0096,0.0065,0.0116,0.0064,0.002,0.0054,0.0067
cg05473804,0.0633,0.0742,0.075,0.0726,0.0652,0.0566,0.059,0.0533,0.0628
cg03529908,0.0024,0.0026,0.005,0.0044,0.0031,0.003,0.0029,0.0004,0.0018
cg03148231,0.0047,0.0064,0.0083,0.0058,0.0089,0.0044,0.0044,0.0041,0.0181
cg03650397,0.0102,0.0183,0.0148,0.0111,0.0139,0.0108,0.0029,0.0065,0.0066
cg01240734,0.0047,0.0066,0.0091,0.0034,0.0068,0.0075,0.0044,0.0134,0.0074
cg09456094,0.0076,0.0092,0.0106,0.0082,0.0069,0.0091,0.0051,0.0119,0.0102
cg11702456,0.0154,0.0122,0.0171,0.0138,0.011,0.0116,0.0109,0.0288,0.0164
cg11827097,0.0552,0.0613,0.0513,0.0582,0.048,0.0564,0.0354,0.0574,0.0652
cg24210478,0.0102,0.0136,0.0142,0.0088,0.0127,0.0114,0.0043,0.0112,0.0065
cg08967106,0.008,0.0117,0.0128,0.0093,0.0186,0.007,0.0051,0.0043,0.0087
cg00371418,0.0503,0.0502,0.0773,0.0505,0.1024,0.0508,0.043,0.057,0.0619
cg16860694,0.0152,0.0158,0.016,0.0169,0.0182,0.0216,0.0102,0.0017,0.0
cg11260421,0.0181,0.0214,0.0224,0.019,0.0165,0.0181,0.0256,0.0079,0.0098
cg10227705,0.013,0.0242,0.0298,0.0257,0.0164,0.0244,0.0247,0.0039,0.0022
cg15844835,0.0132,0.0244,0.0208,0.0138,0.0129,0.0174,0.0111,0.005,0.0104
cg09904383,0.0177,0.0541,0.0214,0.0193,0.0219,0.0219,0.0064,0.0109,0.0074
cg08742288,0.0118,0.0151,0.014,0.0119,0.0085,0.0107,0.0057,0.0063,0.0019
cg12927498,0.0106,0.0446,0.0134,0.0087,0.0121,0.0125,0.0011,0.0035,0.0017
cg12471950,0.0748,0.0889,0.0958,0.0802,0.0764,0.0883,0.0508,0.0947,0.0477
cg05122965,0.0118,0.0166,0.0136,0.0126,0.0122,0.0164,0.0131,0.0181,0.0199
cg01799588,0.0442,0.039,0.0356,0.0416,0.0388,0.0388,0.0257,0.0454,0.0379
cg22125968,0.0043,0.0052,0.0075,0.0039,0.0053,0.0043,0.0024,0.0006,0.0031
cg01536987,0.0114,0.0108,0.0118,0.0094,0.0106,0.0111,0.0081,0.0104,0.0066
cg04537567,0.0028,0.0185,0.0179,0.0076,0.0216,0.0046,0.0046,0.006,0.0218
cg14511665,0.0086,0.0106,0.0128,0.0085,0.0088,0.0102,0.0028,0.0063,0.0021
cg12137286,0.0058,0.0456,0.0062,0.0062,0.0108,0.0063,0.0016,0.0,0.0016
cg08918013,0.0378,0.0737,0.045,0.0453,0.051,0.0444,0.0287,0.0572,0.0673
cg23589045,0.009,0.0073,0.0122,0.0117,0.012,0.0075,0.0056,0.0091,0.0037
cg11026555,0.0077,0.02,0.0661,0.009,0.0901,0.0126,0.0049,0.0187,0.0361
cg25814383,0.044,0.0626,0.0489,0.0503,0.0454,0.0422,0.0262,0.0276,0.0328
cg04313875,0.0056,0.0114,0.0071,0.2367,0.018,0.0058,0.0057,0.0041,0.0033
cg19411214,0.0155,0.0172,0.0162,0.0158,0.0106,0.0166,0.0072,0.0161,0.0005
cg25533943,0.0887,0.0969,0.1076,0.0942,0.0841,0.0904,0.0555,0.037,0.0233
cg10308906,0.0077,0.0156,0.0153,0.0088,0.0127,0.0068,0.0055,0.0034,0.0275
cg18021161,0.0082,0.013,0.0126,0.0113,0.0245,0.0135,0.0081,0.0235,0.002
cg24740818,0.0749,0.0798,0.0867,0.0965,0.1076,0.0648,0.0366,0.1403,0.0983
cg08557928,0.0108,0.0122,0.0166,0.0127,0.0226,0.0153,0.0052,0.0146,0.0085
cg18765439,0.0159,0.0168,0.016,0.0104,0.0135,0.0126,0.0039,0.01,0.0116
cg02532488,0.0844,0.0892,0.0924,0.0875,0.0876,0.0931,0.105,0.0984,0.1058
cg15217978,0.0812,0.0802,0.084,0.0791,0.0735,0.0825,0.0928,0.1009,0.0961
cg18209835,0.0052,0.0055,0.0141,0.0041,0.012,0.0063,0.0063,0.0104,0.0079
cg03657573,0.006,0.0158,0.01,0.0066,0.0126,0.0074,0.0049,0.0047,0.0075
cg07648238,0.0159,0.0456,0.0484,0.0187,0.1048,0.0118,0.0172,0.0081,0.0287
cg10452531,0.079,0.1073,0.1181,0.0894,0.1381,0.0896,0.0392,0.0396,0.0346
cg08740698,0.041,0.0995,0.1202,0.0503,0.2068,0.0454,0.0231,0.021,0.0405
cg17167852,0.0354,0.2246,0.098,0.0636,0.1756,0.0274,0.005,0.0085,0.0606
cg09072162,0.0112,0.0834,0.0204,0.0188,0.059,0.0086,0.0083,0.0003,0.0159
cg25957967,0.044,0.092,0.0706,0.0477,0.089,0.0394,0.0278,0.026,0.0429
cg15844835,0.0132,0.0244,0.0208,0.0138,0.0129,0.0174,0.0111,0.005,0.0104
cg09904383,0.0177,0.0541,0.0214,0.0193,0.0219,0.0219,0.0064,0.0109,0.0074
cg08742288,0.0118,0.0151,0.014,0.0119,0.0085,0.0107,0.0057,0.0063,0.0019
cg12927498,0.0106,0.0446,0.0134,0.0087,0.0121,0.0125,0.0011,0.0035,0.0017
cg08658621,0.0077,0.0465,0.0083,0.0084,0.0125,0.0071,0.0048,0.0127,0.0112
cg24498031,0.0141,0.021,0.0278,0.018,0.0264,0.0182,0.0086,0.0161,0.0113
cg01608788,0.0066,0.0099,0.0136,0.0086,0.0128,0.0065,0.0002,0.023,0.0046
cg20301722,0.0116,0.0103,0.0121,0.0099,0.0098,0.0107,0.0075,0.0032,0.0032
cg08936794,0.0538,0.0522,0.0533,0.0538,0.0513,0.0539,0.0514,0.0655,0.0526
cg15844835,0.0132,0.0244,0.0208,0.0138,0.0129,0.0174,0.0111,0.005,0.0104
cg09904383,0.0177,0.0541,0.0214,0.0193,0.0219,0.0219,0.0064,0.0109,0.0074
cg08742288,0.0118,0.0151,0.014,0.0119,0.0085,0.0107,0.0057,0.0063,0.0019
cg12927498,0.0106,0.0446,0.0134,0.0087,0.0121,0.0125,0.0011,0.0035,0.0017
cg17129986,0.0158,0.019,0.019,0.0144,0.0179,0.0156,0.0074,0.0146,0.013
cg04689080,0.0108,0.0602,0.0233,0.0108,0.0379,0.0095,0.0028,0.0,0.0182
cg08659394,0.007,0.0202,0.0116,0.008,0.0171,0.0084,0.0011,0.0053,0.0094
cg05527491,0.0178,0.0543,0.0392,0.038,0.0489,0.0234,0.0192,0.0173,0.0239
cg06212637,0.0492,0.074,0.0675,0.0884,0.0872,0.0492,0.0501,0.0703,0.0612
cg23696132,0.01,0.0107,0.0161,0.0105,0.0138,0.0146,0.0076,0.0079,0.007
cg22451358,0.0178,0.0266,0.0313,0.0214,0.0254,0.0191,0.0029,0.0063,0.0075
cg10951120,0.0138,0.0216,0.0154,0.0154,0.019,0.0151,0.0056,0.0096,0.0032
cg20107759,0.0063,0.0327,0.0187,0.0099,0.0284,0.0077,0.009,0.0044,0.0089
cg07583894,0.0131,0.0741,0.0394,0.0208,0.0802,0.0169,0.0124,0.0159,0.053
cg22125968,0.0043,0.0052,0.0075,0.0039,0.0053,0.0043,0.0024,0.0006,0.0031
cg01536987,0.0114,0.0108,0.0118,0.0094,0.0106,0.0111,0.0081,0.0104,0.0066
cg12536502,0.0317,0.0369,0.0523,0.0397,0.049,0.0427,0.0171,0.0128,0.006
cg07804711,0.0428,0.0449,0.0457,0.0406,0.0323,0.0453,0.026,0.0556,0.037
cg00846114,0.0038,0.0077,0.0077,0.0068,0.0078,0.0076,0.0068,0.0024,0.0136
cg03314195,0.0319,0.0292,0.0306,0.0298,0.0268,0.0309,0.0142,0.0317,0.034
cg11831003,0.0177,0.0222,0.0226,0.0234,0.0232,0.0198,0.0507,0.037,0.0144
cg24008544,0.02,0.0224,0.0185,0.014,0.0244,0.0174,0.018,0.0236,0.1133
cg03049782,0.0498,0.0543,0.0514,0.0447,0.053,0.0515,0.0368,0.0492,0.1646
cg25361023,0.0104,0.0777,0.0281,0.0108,0.0745,0.0093,0.0055,0.0031,0.0178
cg10129665,0.1077,0.1556,0.144,0.1071,0.2002,0.102,0.0606,0.0727,0.1186
cg22397520,0.0154,0.0159,0.0194,0.0162,0.0134,0.0123,0.011,0.0115,0.0104
cg24838029,0.0198,0.0275,0.0316,0.0251,0.0234,0.0222,0.0044,0.0055,0.0034
cg24729481,0.033,0.0388,0.0376,0.031,0.0305,0.0374,0.0179,0.0277,0.0175
cg10520349,0.0326,0.0276,0.03,0.029,0.029,0.0284,0.0314,0.0335,0.0095
cg15346168,0.0203,0.017,0.048,0.0317,0.1134,0.0188,0.0045,0.0006,0.0117
cg25076767,0.0091,0.0088,0.0173,0.0108,0.0262,0.0098,0.0133,0.0015,0.0051
cg17521583,0.0237,0.0446,0.0347,0.0375,0.0393,0.0276,0.0205,0.0323,0.0076
cg07174665,0.0501,0.0701,0.0612,0.0634,0.0718,0.0457,0.0488,0.1144,0.0686
cg01937701,0.0251,0.0612,0.0672,0.0135,0.0132,0.0342,0.0033,0.0071,0.0194
cg05054115,0.0146,0.048,0.0696,0.0103,0.01,0.0261,0.0003,0.0093,0.0
cg25678052,0.0102,0.0108,0.0094,0.0105,0.0088,0.0099,0.01,0.0137,0.0046
cg08384314,0.0108,0.017,0.0112,0.0137,0.0146,0.0139,0.0113,0.0872,0.0101
cg20178172,0.0103,0.0079,0.0099,0.0103,0.0084,0.0127,0.0108,0.1503,0.0109
cg17389738,0.0879,0.0838,0.0788,0.0768,0.0781,0.0791,0.0678,0.2122,0.0845
cg19006429,0.021,0.0573,0.0783,0.0311,0.0703,0.0228,0.006,0.0177,0.0187
cg22105332,0.0047,0.0318,0.0363,0.0074,0.0325,0.0041,0.0078,0.0009,0.0045
cg05853632,0.0374,0.0787,0.0718,0.0516,0.0752,0.0396,0.013,0.02,0.0214
cg10927841,0.002,0.0052,0.0046,0.0027,0.0039,0.0027,0.0011,0.068,0.0188
cg26360792,0.0382,0.0425,0.0538,0.0436,0.063,0.0374,0.0135,0.0293,0.0501
cg27299406,0.0165,0.0169,0.022,0.02,0.0274,0.0154,0.0164,0.0248,0.0322
cg00765428,0.0283,0.03,0.0385,0.0309,0.0293,0.0371,0.0129,0.0158,0.0111
cg07325233,0.0321,0.0336,0.0302,0.0297,0.0352,0.0309,0.008,0.01,0.0057
cg19333963,0.0152,0.0466,0.0346,0.0234,0.0433,0.0181,0.0113,0.0072,0.0949
cg03306486,0.0105,0.0244,0.024,0.0258,0.0254,0.0103,0.0094,0.0092,0.1151
cg01855735,0.0378,0.0545,0.0496,0.0476,0.0524,0.0484,0.0154,0.031,0.0384
cg26284390,0.03,0.0344,0.0443,0.0392,0.0476,0.0397,0.0379,0.027,0.0028
cg09463900,0.0189,0.0358,0.0384,0.0184,0.035,0.0222,0.0063,0.0,0.0223
cg19333963,0.0152,0.0466,0.0346,0.0234,0.0433,0.0181,0.0113,0.0072,0.0949
cg03306486,0.0105,0.0244,0.024,0.0258,0.0254,0.0103,0.0094,0.0092,0.1151
cg10094078,0.1309,0.2164,0.216,0.1596,0.2266,0.1408,0.129,0.1381,0.23
cg18345115,0.0108,0.0134,0.0566,0.012,0.1758,0.0134,0.0045,0.0089,0.0532
cg22152407,0.0043,0.0248,0.0076,0.0079,0.0079,0.0045,0.0062,0.0101,0.0132
cg25397597,0.018,0.0955,0.0354,0.0263,0.0516,0.016,0.0082,0.0139,0.0168
cg03710719,0.0069,0.0072,0.007,0.0068,0.0043,0.0055,0.0028,0.0025,0.002
cg27297851,0.0282,0.0357,0.0318,0.0298,0.0308,0.0275,0.0375,0.0436,0.0349
cg15090202,0.0025,0.0028,0.0083,0.0017,0.0044,0.0026,0.0142,0.008,0.0212
cg04089426,0.0042,0.0043,0.0048,0.0145,0.0038,0.0038,0.0021,0.0106,0.0018
cg01778114,0.0107,0.0148,0.0288,0.0173,0.0208,0.0197,0.0099,0.0201,0.0191
cg12620499,0.0017,0.001,0.003,0.0029,0.0015,0.0033,0.0073,0.0167,0.0055
cg11224362,0.0056,0.0028,0.0084,0.0031,0.005,0.0047,0.0017,0.0013,0.0011
cg23693289,0.005,0.0051,0.0067,0.0058,0.0024,0.0076,0.0011,0.0079,0.0081
cg27118059,0.0041,0.0073,0.006,0.0052,0.0036,0.0055,0.0062,0.0018,0.0011
cg13341720,0.0111,0.0126,0.0165,0.0137,0.0158,0.0136,0.002,0.0054,0.0043
cg06154084,0.0052,0.0064,0.0032,0.0066,0.0047,0.0043,0.005,0.0056,0.0026
cg17952661,0.0162,0.0183,0.0205,0.0172,0.0219,0.0162,0.0076,0.0205,0.0213
cg04221886,0.0206,0.0624,0.0294,0.0242,0.0336,0.0219,0.0061,0.0097,0.0106
cg02066638,0.0148,0.0161,0.013,0.0127,0.0164,0.0136,0.0128,0.0038,0.0013
cg07993547,0.0048,0.005,0.0063,0.007,0.0053,0.0073,0.0029,0.0048,0.0047
cg23511432,0.0046,0.0042,0.0027,0.0024,0.0036,0.0022,0.003,0.0029,0.0017
cg02288341,0.0406,0.0479,0.0464,0.0452,0.0452,0.0446,0.0289,0.0486,0.0555
cg16147221,0.0167,0.017,0.0219,0.0176,0.0213,0.0138,0.0071,0.0145,0.0649
cg21663580,0.0066,0.0393,0.0137,0.008,0.0268,0.007,0.0038,0.0057,0.0106
cg19091677,0.0064,0.0067,0.0075,0.0074,0.0078,0.0083,0.0113,0.0062,0.0015
cg11186122,0.0137,0.0115,0.0112,0.0158,0.0131,0.01,0.0159,0.0107,0.0057
cg07003632,0.005,0.0583,0.0149,0.0094,0.0152,0.0061,0.0069,0.0035,0.0107
cg14185025,0.0091,0.0508,0.0145,0.0082,0.0145,0.0108,0.0016,0.0093,0.0085
cg04884842,0.0096,0.0084,0.0095,0.0059,0.0072,0.0062,0.0071,0.0009,0.011
cg18224445,0.0039,0.0085,0.0041,0.0045,0.0025,0.0067,0.0047,0.0044,0.0
cg16549711,0.0047,0.0092,0.0057,0.0026,0.007,0.004,0.0085,0.0136,0.0024
cg11037818,0.0364,0.0424,0.044,0.0313,0.0401,0.0362,0.0286,0.0352,0.0353
cg22286978,0.0044,0.0074,0.0061,0.0049,0.0096,0.0058,0.0059,0.0031,0.0488
cg05657618,0.0044,0.0154,0.0088,0.0052,0.0086,0.0053,0.0086,0.0104,0.0145
cg04920951,0.0069,0.0069,0.0108,0.0074,0.0068,0.0086,0.0017,0.001,0.0
cg15273066,0.0107,0.0134,0.0152,0.012,0.0157,0.0132,0.009,0.0043,0.0021
cg13974409,0.003,0.0089,0.0089,0.0066,0.0087,0.0064,0.0098,0.0146,0.0141
cg10628098,0.0628,0.0723,0.0803,0.0783,0.069,0.0557,0.056,0.0875,0.0877
cg03705926,0.0127,0.0163,0.0191,0.0209,0.0269,0.0147,0.0099,0.0134,0.0116
cg11036831,0.0108,0.0388,0.0182,0.0091,0.023,0.0095,0.0189,0.0309,0.0316
cg11854806,0.0049,0.0419,0.0132,0.0067,0.017,0.0043,0.0081,0.0013,0.0029
cg13087076,0.0704,0.119,0.0735,0.0692,0.089,0.06,0.069,0.074,0.0782
cg16771783,0.0596,0.115,0.0721,0.064,0.0888,0.0605,0.0654,0.0737,0.0642
cg03805475,0.0278,0.1223,0.056,0.0295,0.0679,0.0284,0.0244,0.0047,0.0064
cg22220467,0.0041,0.0169,0.0072,0.042,0.0398,0.0043,0.0038,0.0062,0.0214
cg00524108,0.0058,0.0417,0.0234,0.0585,0.0866,0.0079,0.0033,0.0113,0.0426
cg04681368,0.0433,0.0793,0.0633,0.0706,0.0864,0.047,0.0152,0.0257,0.024
cg10632000,0.0442,0.0931,0.0758,0.1639,0.1276,0.0482,0.0355,0.1234,0.0841
cg09897416,0.0095,0.0098,0.0113,0.0107,0.0123,0.0133,0.0089,0.0023,0.0016
cg11802864,0.0151,0.0194,0.0221,0.0175,0.0169,0.0176,0.0113,0.0045,0.0053
cg02454890,0.0093,0.006,0.0219,0.0066,0.0089,0.0054,0.0064,0.0097,0.0075
cg00478874,0.0038,0.0077,0.01,0.0126,0.019,0.005,0.0139,0.0183,0.0183
cg18466911,0.0821,0.0867,0.0999,0.1076,0.0952,0.0829,0.0539,0.1374,0.0949
cg11901544,0.0044,0.0058,0.0072,0.0091,0.0074,0.0047,0.0083,0.0155,0.013
cg03505346,0.0529,0.0665,0.0704,0.076,0.0817,0.0463,0.0583,0.1172,0.0975
cg06681810,0.0615,0.0693,0.0704,0.0809,0.0725,0.0682,0.0579,0.0867,0.0729
cg24852032,0.0745,0.1131,0.1198,0.1791,0.1254,0.0641,0.0413,0.1835,0.1717
cg04739306,0.0061,0.0072,0.007,0.0151,0.0107,0.0089,0.0533,0.0107,0.0051
cg05993306,0.0152,0.0189,0.016,0.0098,0.0197,0.0147,0.0006,0.0152,0.0
cg01778114,0.0107,0.0148,0.0288,0.0173,0.0208,0.0197,0.0099,0.0201,0.0191
cg12620499,0.0017,0.001,0.003,0.0029,0.0015,0.0033,0.0073,0.0167,0.0055
cg03077836,0.0066,0.0132,0.0118,0.0094,0.0116,0.0058,0.0012,0.0055,0.0067
cg20424833,0.066,0.0758,0.0363,0.0783,0.0604,0.0485,0.0188,0.0195,0.0197
cg11872300,0.0054,0.0098,0.0179,0.0275,0.017,0.0118,0.0022,0.0093,0.0055
cg26517849,0.0227,0.0545,0.0298,0.0316,0.0445,0.0266,0.0106,0.026,0.033
cg10037494,0.0359,0.1098,0.0568,0.0436,0.0775,0.0369,0.0131,0.0375,0.0771
cg05452899,0.097,0.1714,0.1454,0.133,0.1689,0.0877,0.0569,0.0766,0.1622
cg01667319,0.0789,0.1328,0.1004,0.0933,0.1113,0.0762,0.049,0.0832,0.1157
cg05859777,0.0805,0.1206,0.1065,0.0857,0.1351,0.0728,0.0615,0.0685,0.1374
cg15264710,0.0399,0.049,0.0423,0.0436,0.0402,0.0416,0.0422,0.0571,0.0662
cg23157971,0.0046,0.0136,0.0067,0.0115,0.0093,0.0055,0.0016,0.0089,0.0047
cg22076972,0.0107,0.0139,0.012,0.0119,0.0122,0.0094,0.0086,0.0179,0.0204
cg03451296,0.0043,0.0056,0.0035,0.0038,0.007,0.0041,0.0034,0.0014,0.0014
cg23411981,0.0149,0.0321,0.0113,0.0236,0.0204,0.0238,0.0103,0.0198,0.0122
cg09276315,0.0242,0.0206,0.0253,0.0226,0.0237,0.028,0.0186,0.0348,0.0299
cg15346168,0.0203,0.017,0.048,0.0317,0.1134,0.0188,0.0045,0.0006,0.0117
cg25076767,0.0091,0.0088,0.0173,0.0108,0.0262,0.0098,0.0133,0.0015,0.0051
cg26705574,0.1029,0.0666,0.1054,0.1267,0.1749,0.0951,0.0592,0.0542,0.0718
cg00054525,0.0162,0.0156,0.0219,0.0178,0.0162,0.0218,0.0083,0.0207,0.0029
cg08177833,0.0143,0.0142,0.0116,0.013,0.0118,0.014,0.009,0.0114,0.0062
cg06410591,0.0165,0.0252,0.2156,0.0682,0.276,0.0195,0.005,0.0071,0.0451
cg13860006,0.0087,0.0098,0.1701,0.0464,0.2373,0.0102,0.004,0.0032,0.0237
cg07981910,0.0025,0.0035,0.0016,0.0027,0.0026,0.0028,0.0083,0.0157,0.0212
cg05896042,0.009,0.0116,0.0429,0.0935,0.1216,0.0116,0.0059,0.0105,0.0151
cg15468521,0.0071,0.0437,0.0101,0.008,0.012,0.0078,0.0244,0.0214,0.0333
cg16348316,0.0147,0.0302,0.0314,0.0232,0.0512,0.0156,0.018,0.0183,0.0507
cg09747827,0.0956,0.1224,0.1336,0.1241,0.1702,0.0856,0.068,0.1114,0.1215
cg05009389,0.0181,0.0286,0.0429,0.021,0.0626,0.0255,0.0099,0.0184,0.0478
cg11688275,0.0316,0.0236,0.0266,0.0217,0.0264,0.029,0.0123,0.0229,0.0234
cg18303215,0.0228,0.184,0.0836,0.039,0.1496,0.0172,0.0073,0.0124,0.0342
cg12137206,0.035,0.0391,0.0386,0.0321,0.033,0.0335,0.0273,0.04,0.0403
cg04879832,0.0072,0.0073,0.007,0.0072,0.0052,0.0072,0.0054,0.0047,0.0052
cg08843517,0.1038,0.1377,0.1407,0.1266,0.1328,0.1251,0.047,0.0479,0.0312
cg03125427,0.0178,0.0281,0.0274,0.0199,0.0181,0.0268,0.0299,0.0123,0.0215
cg03710719,0.0069,0.0072,0.007,0.0068,0.0043,0.0055,0.0028,0.0025,0.002
cg27297851,0.0282,0.0357,0.0318,0.0298,0.0308,0.0275,0.0375,0.0436,0.0349
cg01000657,0.0044,0.0172,0.0254,0.0098,0.0263,0.0068,0.0217,0.0165,0.0092
cg19670286,0.0032,0.0068,0.003,0.0049,0.0066,0.0059,0.0008,0.0129,0.0104
cg19155007,0.0125,0.0151,0.043,0.0172,0.0389,0.0124,0.0167,0.0297,0.0201
cg09738156,0.0878,0.1425,0.2503,0.1723,0.2386,0.0844,0.0968,0.1012,0.0983
cg08125401,0.1379,0.1683,0.1602,0.1594,0.1556,0.1452,0.1852,0.2118,0.182
cg26437123,0.013,0.0148,0.0178,0.0119,0.013,0.0127,0.0032,0.0037,0.006
cg06263834,0.0479,0.0521,0.0549,0.0458,0.0454,0.0464,0.0526,0.0539,0.0561
cg00478874,0.0038,0.0077,0.01,0.0126,0.019,0.005,0.0139,0.0183,0.0183
cg18466911,0.0821,0.0867,0.0999,0.1076,0.0952,0.0829,0.0539,0.1374,0.0949
cg11901544,0.0044,0.0058,0.0072,0.0091,0.0074,0.0047,0.0083,0.0155,0.013
cg03505346,0.0529,0.0665,0.0704,0.076,0.0817,0.0463,0.0583,0.1172,0.0975
cg24852032,0.0745,0.1131,0.1198,0.1791,0.1254,0.0641,0.0413,0.1835,0.1717
cg10734734,0.012,0.0158,0.0175,0.0134,0.0152,0.0115,0.0067,0.0063,0.0114
cg19091677,0.0064,0.0067,0.0075,0.0074,0.0078,0.0083,0.0113,0.0062,0.0015
cg11186122,0.0137,0.0115,0.0112,0.0158,0.0131,0.01,0.0159,0.0107,0.0057
cg07003632,0.005,0.0583,0.0149,0.0094,0.0152,0.0061,0.0069,0.0035,0.0107
cg14185025,0.0091,0.0508,0.0145,0.0082,0.0145,0.0108,0.0016,0.0093,0.0085
cg11714334,0.0035,0.0055,0.0054,0.0046,0.004,0.0041,0.004,0.0135,0.0062
cg16206460,0.0162,0.0304,0.0851,0.022,0.09,0.0227,0.0222,0.0438,0.163
cg07931411,0.0094,0.0204,0.0876,0.018,0.0748,0.0126,0.01,0.0202,0.0804
cg26271110,0.0159,0.0127,0.0154,0.0129,0.015,0.0159,0.0028,0.0091,0.0071
cg12773325,0.0281,0.0473,0.038,0.0386,0.0332,0.0378,0.0107,0.0098,0.009
cg18087943,0.0134,0.0382,0.0214,0.0199,0.0252,0.0192,0.0081,0.0073,0.0098
cg12614029,0.047,0.0833,0.066,0.0648,0.0555,0.0632,0.0354,0.0162,0.0425
cg14608156,0.015,0.0339,0.0166,0.025,0.0195,0.0194,0.0127,0.0114,0.0129
cg04879832,0.0072,0.0073,0.007,0.0072,0.0052,0.0072,0.0054,0.0047,0.0052
cg08843517,0.1038,0.1377,0.1407,0.1266,0.1328,0.1251,0.047,0.0479,0.0312
cg03125427,0.0178,0.0281,0.0274,0.0199,0.0181,0.0268,0.0299,0.0123,0.0215
cg07987843,0.0152,0.0202,0.0189,0.0193,0.0232,0.0242,0.0073,0.063,0.017
cg13139203,0.0127,0.0111,0.0152,0.0132,0.0169,0.0144,0.0072,0.0118,0.0101
cg26170066,0.0356,0.0412,0.05,0.0526,0.0936,0.0384,0.0333,0.0264,0.0072
cg19609502,0.0196,0.0796,0.0172,0.0218,0.0155,0.0201,0.0163,0.0167,0.0334
cg20385508,0.0277,0.0304,0.0336,0.0305,0.031,0.0278,0.0147,0.034,0.024
cg04571847,0.0105,0.0219,0.0223,0.0116,0.0218,0.0152,0.008,0.0255,0.008
cg08125719,0.0333,0.0494,0.0355,0.03,0.0351,0.034,0.0123,0.0152,0.0068
cg09100988,0.0161,0.0394,0.016,0.0168,0.0222,0.0274,0.0211,0.0248,0.0263
cg12773325,0.0281,0.0473,0.038,0.0386,0.0332,0.0378,0.0107,0.0098,0.009
cg18087943,0.0134,0.0382,0.0214,0.0199,0.0252,0.0192,0.0081,0.0073,0.0098
cg12614029,0.047,0.0833,0.066,0.0648,0.0555,0.0632,0.0354,0.0162,0.0425
cg14608156,0.015,0.0339,0.0166,0.025,0.0195,0.0194,0.0127,0.0114,0.0129
cg03787864,0.0162,0.0201,0.0179,0.0214,0.0219,0.0327,0.0171,0.0138,0.0176
cg21107197,0.0068,0.0165,0.008,0.006,0.0104,0.0072,0.0073,0.0289,0.0046
cg26386472,0.0414,0.0455,0.0508,0.0434,0.0495,0.0485,0.0097,0.0165,0.0055
cg16809962,0.0168,0.0187,0.0188,0.0144,0.0219,0.0141,0.0042,0.0026,0.01
cg14514032,0.0169,0.0654,0.0267,0.0235,0.0403,0.0196,0.0071,0.0151,0.0174
cg21429745,0.061,0.1453,0.0681,0.0686,0.1184,0.0625,0.017,0.0196,0.0361
cg12258307,0.0347,0.0317,0.0322,0.029,0.0312,0.032,0.0178,0.0221,0.0193
cg02672397,0.0266,0.0324,0.0283,0.0241,0.0312,0.0343,0.0096,0.016,0.0055
cg10110271,0.0684,0.1058,0.0914,0.0804,0.1057,0.0671,0.0436,0.0833,0.1321
cg03900851,0.0101,0.015,0.0145,0.0111,0.0138,0.008,0.0008,0.0129,0.0022
cg23754431,0.0061,0.009,0.0086,0.0092,0.0074,0.0114,0.0146,0.0101,0.0245
cg24129382,0.0152,0.0064,0.0122,0.0154,0.0129,0.0097,0.0087,0.0081,0.0073
cg25562664,0.0806,0.0878,0.0959,0.0817,0.0882,0.0838,0.1068,0.1596,0.1228
cg12837552,0.0032,0.0048,0.0276,0.0152,0.0809,0.0051,0.0042,0.0004,0.2166
cg26703661,0.025,0.0332,0.0365,0.0292,0.0445,0.0299,0.0238,0.0279,0.0592
cg07873178,0.0114,0.0123,0.0161,0.0432,0.0115,0.0134,0.0112,0.0845,0.0138
cg00992153,0.0388,0.1228,0.1955,0.0785,0.2761,0.039,0.0166,0.033,0.0469
cg03934689,0.012,0.0419,0.1062,0.0301,0.1604,0.0081,0.0062,0.0025,0.0251
cg05304177,0.0278,0.1433,0.0298,0.032,0.0622,0.0189,0.0087,0.0071,0.0214
cg00054525,0.0162,0.0156,0.0219,0.0178,0.0162,0.0218,0.0083,0.0207,0.0029
cg08177833,0.0143,0.0142,0.0116,0.013,0.0118,0.014,0.009,0.0114,0.0062
cg06410591,0.0165,0.0252,0.2156,0.0682,0.276,0.0195,0.005,0.0071,0.0451
cg13860006,0.0087,0.0098,0.1701,0.0464,0.2373,0.0102,0.004,0.0032,0.0237
cg22220467,0.0041,0.0169,0.0072,0.042,0.0398,0.0043,0.0038,0.0062,0.0214
cg00524108,0.0058,0.0417,0.0234,0.0585,0.0866,0.0079,0.0033,0.0113,0.0426
cg04681368,0.0433,0.0793,0.0633,0.0706,0.0864,0.047,0.0152,0.0257,0.024
cg10632000,0.0442,0.0931,0.0758,0.1639,0.1276,0.0482,0.0355,0.1234,0.0841
cg05795596,0.0367,0.033,0.0384,0.0352,0.0417,0.0293,0.0671,0.0648,0.0499
cg22359388,0.0137,0.012,0.0489,0.0398,0.0964,0.0105,0.0273,0.0171,0.0107
cg12296532,0.0247,0.0276,0.0288,0.0277,0.0224,0.028,0.0032,0.0082,0.0087
cg02682457,0.0034,0.005,0.0054,0.0046,0.0026,0.0016,0.0065,0.0019,0.0408
cg05917732,0.0086,0.0071,0.0095,0.0074,0.0086,0.0084,0.0057,0.0036,0.0489
cg14324370,0.0077,0.0312,0.0103,0.0051,0.0127,0.0048,0.0132,0.0033,0.0272
cg20678442,0.0091,0.0055,0.0085,0.0068,0.0122,0.0075,0.0061,0.006,0.0037
cg12023625,0.0204,0.0276,0.0187,0.0226,0.0207,0.0313,0.0211,0.0317,0.0663
cg20389472,0.0094,0.0337,0.0124,0.0156,0.0126,0.0148,0.0402,0.0029,0.0117
cg10830145,0.0268,0.0695,0.0432,0.044,0.0673,0.0433,0.0093,0.0229,0.1401
cg19235339,0.0038,0.0021,0.0068,0.0054,0.0047,0.0052,0.0101,0.0141,0.0242
cg13092806,0.0163,0.096,0.0299,0.0278,0.0472,0.0182,0.0134,0.0,0.0384
cg08718097,0.0282,0.0612,0.048,0.0551,0.0462,0.0296,0.0158,0.0905,0.1237
cg23141355,0.0084,0.0188,0.021,0.0128,0.0255,0.0103,0.0128,0.0082,0.0807
cg11416243,0.0056,0.0065,0.0096,0.0068,0.0095,0.006,0.0041,0.0268,0.0288
cg08154437,0.0078,0.0257,0.0308,0.0102,0.0497,0.0119,0.0038,0.0312,0.2703
cg16911981,0.0143,0.0344,0.024,0.0191,0.0304,0.0171,0.0163,0.1428,0.0273
cg16589135,0.0197,0.0246,0.0376,0.0304,0.0503,0.0257,0.0126,0.0204,0.1252
cg09853371,0.0512,0.0569,0.0669,0.0457,0.0518,0.0473,0.0394,0.0766,0.1145
cg24771349,0.0062,0.0272,0.0037,0.0044,0.0041,0.0034,0.0039,0.0067,0.0738
cg03511806,0.0389,0.0537,0.0418,0.0327,0.0332,0.0385,0.0504,0.0459,0.0522
cg05966978,0.0444,0.0477,0.0497,0.0349,0.0438,0.0399,0.0336,0.0516,0.0337
cg05627029,0.0113,0.0198,0.019,0.0178,0.0226,0.0148,0.0291,0.0197,0.2308
cg11282936,0.0255,0.0392,0.0569,0.0277,0.0614,0.0228,0.0257,0.0509,0.049
cg24548833,0.03,0.0668,0.118,0.0395,0.1229,0.0367,0.0356,0.0547,0.0736
cg11282936,0.0255,0.0392,0.0569,0.0277,0.0614,0.0228,0.0257,0.0509,0.049
cg24548833,0.03,0.0668,0.118,0.0395,0.1229,0.0367,0.0356,0.0547,0.0736
cg05339066,0.0347,0.0422,0.0509,0.0457,0.063,0.0319,0.0383,0.0746,0.0566
cg18192294,0.0244,0.0239,0.0317,0.0295,0.0445,0.0207,0.0163,0.0271,0.0189
cg11861709,0.0688,0.0823,0.1087,0.0972,0.1353,0.0712,0.0537,0.091,0.1099
cg10131095,0.0928,0.0981,0.107,0.0967,0.1003,0.0912,0.0669,0.0645,0.0636
cg06981182,0.047,0.0622,0.0836,0.0748,0.1111,0.0442,0.0492,0.0887,0.0734
cg06118999,0.048,0.0573,0.0705,0.0615,0.0956,0.0533,0.0643,0.0821,0.0602
cg08193650,0.0061,0.0058,0.0051,0.0056,0.0057,0.0058,0.0039,0.0034,0.0028
cg16876647,0.0034,0.0049,0.006,0.0105,0.0076,0.0063,0.0119,0.0032,0.0078
cg27428578,0.0295,0.0362,0.0143,0.0218,0.0132,0.0205,0.0206,0.01,0.034
cg00765312,0.0084,0.0372,0.0192,0.0117,0.0363,0.0096,0.0072,0.0014,0.0472
cg11857997,0.0355,0.0814,0.0578,0.0347,0.0682,0.0312,0.0288,0.1059,0.0552
cg17215170,0.049,0.0509,0.0518,0.0496,0.0471,0.0467,0.0314,0.059,0.2068
cg15680720,0.0171,0.0627,0.0137,0.0214,0.0208,0.0193,0.0309,0.0574,0.0643
cg21126344,0.0134,0.0221,0.0215,0.011,0.0387,0.0094,0.0089,0.004,0.0067
cg17775621,0.0478,0.0483,0.047,0.0401,0.04,0.0471,0.0415,0.0518,0.062
cg12178980,0.0456,0.0447,0.0436,0.0501,0.0456,0.0426,0.0215,0.0699,0.0991
cg11482422,0.0377,0.0331,0.0414,0.0342,0.0348,0.0358,0.037,0.1072,0.1161
cg25761326,0.0526,0.0466,0.0529,0.0439,0.0425,0.0471,0.0433,0.0765,0.0768
cg26150462,0.0548,0.0644,0.0617,0.0562,0.0605,0.0626,0.0495,0.0981,0.1195
cg10800833,0.102,0.1074,0.2048,0.1074,0.143,0.1124,0.0432,0.0594,0.1312
cg11242791,0.0483,0.0953,0.0436,0.057,0.082,0.0462,0.0244,0.0395,0.0165
cg16911349,0.1558,0.2058,0.165,0.1866,0.2041,0.1444,0.1166,0.0918,0.1653
cg06907708,0.0264,0.0523,0.0364,0.0314,0.0435,0.0314,0.0106,0.008,0.0332
cg08554295,0.0327,0.0544,0.0438,0.0316,0.0463,0.0448,0.0119,0.0199,0.0138
cg12436377,0.0196,0.1191,0.0596,0.061,0.1658,0.0251,0.0203,0.0387,0.4122
cg09451457,0.1235,0.2262,0.179,0.1351,0.251,0.1185,0.0806,0.1285,0.4412
cg07040834,0.0712,0.0662,0.0656,0.0492,0.0826,0.0452,0.0717,0.0361,0.1411
cg03012726,0.0378,0.1124,0.0939,0.0411,0.1516,0.0374,0.0157,0.1078,0.1033
cg21601919,0.0337,0.0791,0.0559,0.0387,0.0716,0.0354,0.0245,0.0389,0.041
cg09874289,0.0452,0.0731,0.1183,0.0462,0.1186,0.0398,0.0365,0.0638,0.2566
cg09384411,0.0434,0.0572,0.0565,0.0517,0.0529,0.0568,0.0429,0.0886,0.1069
cg01064265,0.0248,0.0576,0.0432,0.027,0.062,0.027,0.006,0.1551,0.046
cg12602409,0.0175,0.0239,0.0153,0.0144,0.0196,0.0178,0.0315,0.517,0.448
cg17775621,0.0478,0.0483,0.047,0.0401,0.04,0.0471,0.0415,0.0518,0.062
cg11482422,0.0377,0.0331,0.0414,0.0342,0.0348,0.0358,0.037,0.1072,0.1161
cg25761326,0.0526,0.0466,0.0529,0.0439,0.0425,0.0471,0.0433,0.0765,0.0768
cg04249706,0.0423,0.0493,0.05,0.0456,0.0497,0.0485,0.0467,0.1059,0.0953
cg23976499,0.0311,0.0314,0.0337,0.03,0.0338,0.0312,0.0167,0.0577,0.1184
cg08193650,0.0061,0.0058,0.0051,0.0056,0.0057,0.0058,0.0039,0.0034,0.0028
cg16876647,0.0034,0.0049,0.006,0.0105,0.0076,0.0063,0.0119,0.0032,0.0078
cg13729210,0.0233,0.1972,0.0852,0.0421,0.1232,0.02,0.0104,0.1049,0.2049
cg11482422,0.0377,0.0331,0.0414,0.0342,0.0348,0.0358,0.037,0.1072,0.1161
cg25761326,0.0526,0.0466,0.0529,0.0439,0.0425,0.0471,0.0433,0.0765,0.0768
cg04249706,0.0423,0.0493,0.05,0.0456,0.0497,0.0485,0.0467,0.1059,0.0953
cg04933208,0.0071,0.0177,0.0071,0.0073,0.0068,0.0047,0.0029,0.0129,0.5717
cg26884027,0.021,0.0476,0.0247,0.0192,0.024,0.0203,0.0122,0.0442,0.6315
cg13294849,0.0482,0.0938,0.083,0.0512,0.1396,0.0482,0.0259,0.0073,0.3908
cg11487526,0.0069,0.0284,0.0108,0.0126,0.0248,0.0071,0.0082,0.0475,0.3038
cg08928882,0.0246,0.1013,0.0481,0.0318,0.0594,0.0253,0.0091,0.0069,0.0515
cg21845953,0.1262,0.1889,0.1502,0.1216,0.1704,0.1272,0.1124,0.0802,0.1273
cg03152288,0.0636,0.0889,0.0708,0.0676,0.0821,0.0578,0.0591,0.0658,0.0745
cg03859732,0.1005,0.1499,0.1517,0.1604,0.1651,0.0919,0.1405,0.0936,0.1104
cg14774557,0.1051,0.1276,0.1452,0.146,0.1428,0.1299,0.055,0.0643,0.0746
cg21968580,0.028,0.0285,0.0262,0.0315,0.0388,0.027,0.0229,0.0314,0.0285
cg17760391,0.0675,0.1024,0.1112,0.0761,0.1363,0.0723,0.057,0.0659,0.0752
cg09728102,0.0617,0.0901,0.1031,0.0695,0.1416,0.0659,0.0447,0.0433,0.0569
cg01406988,0.0055,0.0264,0.0342,0.0309,0.0564,0.008,0.0886,0.0249,0.0189
cg17775621,0.0478,0.0483,0.047,0.0401,0.04,0.0471,0.0415,0.0518,0.062
cg12178980,0.0456,0.0447,0.0436,0.0501,0.0456,0.0426,0.0215,0.0699,0.0991
cg26150462,0.0548,0.0644,0.0617,0.0562,0.0605,0.0626,0.0495,0.0981,0.1195
cg17775621,0.0478,0.0483,0.047,0.0401,0.04,0.0471,0.0415,0.0518,0.062
cg11482422,0.0377,0.0331,0.0414,0.0342,0.0348,0.0358,0.037,0.1072,0.1161
cg25761326,0.0526,0.0466,0.0529,0.0439,0.0425,0.0471,0.0433,0.0765,0.0768
cg04249706,0.0423,0.0493,0.05,0.0456,0.0497,0.0485,0.0467,0.1059,0.0953
cg20396510,0.0691,0.0874,0.0749,0.0642,0.0809,0.0687,0.0453,0.0747,0.087
cg13695535,0.0722,0.1091,0.0836,0.072,0.0962,0.0824,0.0804,0.0663,0.0787
cg10629165,0.0795,0.0915,0.0788,0.0734,0.0977,0.0813,0.0585,0.0494,0.0569
cg00907427,0.1781,0.2561,0.0684,0.0956,0.0602,0.073,0.0827,0.1987,0.1437
cg07189332,0.117,0.1458,0.135,0.1331,0.1696,0.1157,0.0906,0.0905,0.3434
cg27305704,0.0248,0.0405,0.0426,0.0281,0.0445,0.036,0.0127,0.0056,0.0166
cg24852548,0.0396,0.0352,0.0474,0.0346,0.037,0.0332,0.0239,0.0897,0.1238
cg22413388,0.0128,0.0176,0.0179,0.0187,0.0278,0.0099,0.0101,0.0,0.5498
cg25383503,0.0349,0.0479,0.0457,0.0406,0.0471,0.0421,0.0263,0.0187,0.046
cg18892808,0.0596,0.0563,0.0604,0.0537,0.0571,0.0557,0.0534,0.0932,0.1076
cg09355771,0.0844,0.1283,0.0888,0.0696,0.1055,0.0682,0.0583,0.0585,0.0732
cg01524174,0.002,0.0144,0.0076,0.0069,0.0196,0.003,0.0098,0.0008,0.0084
cg05039004,0.0025,0.0103,0.0079,0.0057,0.007,0.0028,0.0041,0.0039,0.5415
cg17053963,0.0657,0.0791,0.0902,0.066,0.1003,0.0683,0.0442,0.0725,0.215
cg02227919,0.039,0.059,0.049,0.0369,0.063,0.0315,0.0163,0.0335,0.0832
cg05301383,0.1203,0.1525,0.1363,0.1154,0.1662,0.115,0.09,0.1602,0.2864
cg13686615,0.0034,0.0122,0.004,0.0062,0.0068,0.0054,0.0308,0.0047,0.0689
cg01579289,0.0038,0.0145,0.005,0.0031,0.0081,0.0032,0.0111,0.0131,0.0546
cg11099041,0.0073,0.0147,0.0718,0.035,0.0848,0.0102,0.017,0.0081,0.031
cg07794554,0.0623,0.0721,0.1551,0.118,0.1769,0.062,0.061,0.077,0.1036
cg06766427,0.0535,0.1868,0.1186,0.0606,0.1618,0.0456,0.0174,0.0057,0.1714
cg05339066,0.0347,0.0422,0.0509,0.0457,0.063,0.0319,0.0383,0.0746,0.0566
cg18192294,0.0244,0.0239,0.0317,0.0295,0.0445,0.0207,0.0163,0.0271,0.0189
cg11861709,0.0688,0.0823,0.1087,0.0972,0.1353,0.0712,0.0537,0.091,0.1099
cg10131095,0.0928,0.0981,0.107,0.0967,0.1003,0.0912,0.0669,0.0645,0.0636
cg06981182,0.047,0.0622,0.0836,0.0748,0.1111,0.0442,0.0492,0.0887,0.0734
cg06118999,0.048,0.0573,0.0705,0.0615,0.0956,0.0533,0.0643,0.0821,0.0602
cg04718845,0.0714,0.0808,0.0747,0.0789,0.0777,0.1086,0.0244,0.064,0.179
cg13421439,0.0084,0.0198,0.0098,0.0108,0.0109,0.0105,0.0066,0.0878,0.0129
cg04812509,0.0417,0.0534,0.0489,0.0471,0.0573,0.04,0.0242,0.1107,0.0612
cg13283691,0.0231,0.0714,0.045,0.041,0.0496,0.0195,0.0484,0.028,0.0193
cg05339066,0.0347,0.0422,0.0509,0.0457,0.063,0.0319,0.0383,0.0746,0.0566
cg18192294,0.0244,0.0239,0.0317,0.0295,0.0445,0.0207,0.0163,0.0271,0.0189
cg10131095,0.0928,0.0981,0.107,0.0967,0.1003,0.0912,0.0669,0.0645,0.0636
cg06981182,0.047,0.0622,0.0836,0.0748,0.1111,0.0442,0.0492,0.0887,0.0734
cg06118999,0.048,0.0573,0.0705,0.0615,0.0956,0.0533,0.0643,0.0821,0.0602
cg18447772,0.0046,0.0115,0.0066,0.0081,0.0095,0.0053,0.0084,0.008,0.0242
cg16104915,0.0047,0.0246,0.0041,0.0053,0.0092,0.0039,0.0013,0.0029,0.0223
cg21001184,0.0051,0.0734,0.0278,0.0078,0.0492,0.0092,0.0055,0.0047,0.0474
cg12600174,0.0062,0.0437,0.0111,0.0072,0.0185,0.0043,0.0086,0.0062,0.0393
cg25896644,0.0472,0.1618,0.0795,0.059,0.1085,0.0662,0.0584,0.0568,0.0264
cg20396510,0.0691,0.0874,0.0749,0.0642,0.0809,0.0687,0.0453,0.0747,0.087
cg13695535,0.0722,0.1091,0.0836,0.072,0.0962,0.0824,0.0804,0.0663,0.0787
cg10629165,0.0795,0.0915,0.0788,0.0734,0.0977,0.0813,0.0585,0.0494,0.0569
cg23060646,0.0237,0.0522,0.0414,0.0315,0.0617,0.0256,0.0138,0.0137,0.03
cg01317772,0.0193,0.0369,0.034,0.0188,0.0328,0.0152,0.041,0.0241,0.0075
cg20396510,0.0691,0.0874,0.0749,0.0642,0.0809,0.0687,0.0453,0.0747,0.087
cg13695535,0.0722,0.1091,0.0836,0.072,0.0962,0.0824,0.0804,0.0663,0.0787
cg10629165,0.0795,0.0915,0.0788,0.0734,0.0977,0.0813,0.0585,0.0494,0.0569
cg17278864,0.0926,0.1669,0.1421,0.1102,0.172,0.0869,0.0566,0.0494,0.1843
cg17775621,0.0478,0.0483,0.047,0.0401,0.04,0.0471,0.0415,0.0518,0.062
cg12178980,0.0456,0.0447,0.0436,0.0501,0.0456,0.0426,0.0215,0.0699,0.0991
cg26150462,0.0548,0.0644,0.0617,0.0562,0.0605,0.0626,0.0495,0.0981,0.1195
cg01697719,0.0064,0.0516,0.0098,0.0071,0.0103,0.0063,0.0072,0.7122,0.2128
cg06585708,0.0186,0.1869,0.0374,0.0283,0.0741,0.008,0.0075,0.3247,0.2976
cg26991199,0.0323,0.0314,0.0306,0.0275,0.0305,0.0282,0.0189,0.0356,0.0529
cg00642306,0.0155,0.0324,0.0246,0.0315,0.0316,0.0218,0.0054,0.0059,0.0741
cg11894951,0.0353,0.0495,0.0452,0.0409,0.0458,0.0352,0.012,0.0225,0.1908
cg02016130,0.1741,0.167,0.0575,0.1783,0.0474,0.1678,0.0732,0.0305,0.0357
cg07074543,0.0254,0.0352,0.0542,0.0439,0.0511,0.0356,0.0126,0.0054,0.015
cg03323696,0.0653,0.3028,0.1973,0.0778,0.3446,0.1071,0.0249,0.0164,0.1047
cg08466792,0.0183,0.2131,0.0672,0.0324,0.1595,0.0223,0.0068,0.1267,0.3261
cg05916707,0.0623,0.0808,0.0813,0.0544,0.0821,0.067,0.0336,0.1216,0.0692
cg11641791,0.0635,0.1282,0.3033,0.0812,0.4248,0.0524,0.0098,0.038,0.0432
cg23776012,0.0882,0.1516,0.2447,0.107,0.3014,0.0783,0.0229,0.0594,0.1034
cg10050661,0.1325,0.2288,0.3834,0.1641,0.4566,0.1162,0.0816,0.0813,0.1673
cg12029804,0.0965,0.1687,0.2221,0.1121,0.2964,0.0885,0.0788,0.0714,0.1377
cg03804272,0.0936,0.1298,0.0954,0.0729,0.1341,0.153,0.0521,0.0592,0.1335
cg03061122,0.0035,0.0051,0.0039,0.0047,0.0041,0.0041,0.001,0.0006,0.001
cg23748923,0.0073,0.0277,0.0067,0.005,0.0082,0.0036,0.003,0.0012,0.0046
cg20402552,0.009,0.0242,0.0161,0.011,0.0186,0.008,0.0165,0.0043,0.0
cg15138883,0.0098,0.0119,0.0119,0.0076,0.01,0.0068,0.0147,0.0015,0.0032
cg23837867,0.0469,0.0684,0.0516,0.0445,0.0525,0.0431,0.0418,0.0623,0.082
cg19105122,0.0124,0.0115,0.0106,0.007,0.0098,0.0129,0.0239,0.0094,0.0189
cg20979233,0.0056,0.0157,0.0163,0.0144,0.0159,0.014,0.0129,0.0272,0.0003
cg22975160,0.0064,0.0107,0.01,0.0078,0.0151,0.0072,0.0018,0.0018,0.071
cg11452571,0.0049,0.0115,0.0128,0.0136,0.0219,0.0096,0.0044,0.0041,0.1221
cg08651867,0.0083,0.0083,0.0105,0.0116,0.0121,0.0088,0.0167,0.0296,0.0457
cg10001282,0.0163,0.026,0.0387,0.0212,0.0396,0.0212,0.0148,0.0334,0.0146
cg05956462,0.0269,0.0498,0.055,0.0393,0.0404,0.0368,0.0165,0.0193,0.0208
cg00385863,0.0104,0.0171,0.0093,0.0103,0.01,0.0136,0.0044,0.0024,0.1214
cg20724810,0.0132,0.0295,0.0161,0.013,0.0175,0.0106,0.0031,0.0094,0.0023
cg11088422,0.0302,0.0624,0.0325,0.0324,0.0308,0.0347,0.0063,0.0068,0.006
cg01122302,0.0382,0.0747,0.05,0.0436,0.0447,0.0381,0.0275,0.0571,0.0464
cg27537203,0.0235,0.0279,0.0342,0.0184,0.0401,0.0232,0.0156,0.0052,0.0147
cg00523012,0.0157,0.0163,0.0184,0.0169,0.0145,0.0146,0.0045,0.0004,0.003
cg05974816,0.0314,0.0356,0.0315,0.0301,0.0338,0.0287,0.0103,0.0334,0.0259
cg04674803,0.026,0.061,0.0421,0.0261,0.0409,0.0299,0.0103,0.0082,0.006
cg00794178,0.0248,0.0797,0.0366,0.0253,0.0447,0.0252,0.007,0.0111,0.016
cg08794939,0.0102,0.0126,0.0115,0.0073,0.011,0.013,0.0027,0.0143,0.0171
cg16596102,0.0188,0.0262,0.0334,0.0291,0.049,0.017,0.0077,0.0065,0.0224
cg10188897,0.019,0.0229,0.0226,0.0212,0.022,0.0304,0.011,0.0066,0.0053
cg02899346,0.0289,0.0358,0.053,0.0382,0.1016,0.0339,0.0115,0.0507,0.3057
cg19716433,0.006,0.0107,0.0133,0.0101,0.0206,0.0088,0.0082,0.0123,0.0092
cg11990562,0.0186,0.0168,0.02,0.0226,0.0163,0.0184,0.0102,0.0139,0.0186
cg04525491,0.0286,0.0404,0.0392,0.0332,0.0272,0.028,0.0202,0.0356,0.0327
cg20495404,0.0251,0.0399,0.0495,0.0244,0.0345,0.0274,0.0127,0.0251,0.0073
cg00473416,0.0284,0.073,0.0445,0.0369,0.0597,0.0346,0.0149,0.0212,0.0182
cg25660386,0.0074,0.0098,0.01,0.0107,0.0073,0.0106,0.0015,0.0076,0.0054
cg05278650,0.0174,0.0206,0.0213,0.0178,0.023,0.0198,0.0181,0.0185,0.0177
cg13612175,0.0366,0.032,0.037,0.0353,0.0283,0.0336,0.0309,0.0443,0.0179
cg25660386,0.0074,0.0098,0.01,0.0107,0.0073,0.0106,0.0015,0.0076,0.0054
cg05278650,0.0174,0.0206,0.0213,0.0178,0.023,0.0198,0.0181,0.0185,0.0177
cg08134631,0.0208,0.0934,0.0294,0.0239,0.0717,0.0165,0.0035,0.0039,0.0201
cg14758218,0.0442,0.0566,0.0448,0.0459,0.0437,0.0487,0.0505,0.0496,0.0438
cg17323383,0.0252,0.0531,0.04,0.0301,0.0409,0.0296,0.0116,0.0114,0.0122
cg04547244,0.0078,0.0084,0.0091,0.0088,0.0097,0.0091,0.0189,0.028,0.017
cg14262681,0.0085,0.0572,0.0248,0.0085,0.0439,0.0061,0.011,0.0092,0.0393
cg00438215,0.0255,0.022,0.029,0.026,0.0383,0.0232,0.0959,0.0162,0.0351
cg17768491,0.0219,0.196,0.0408,0.0535,0.0877,0.0183,0.0125,0.0115,0.1558
cg12248614,0.0146,0.1258,0.0212,0.0264,0.0454,0.0101,0.0103,0.0044,0.1222
cg01660473,0.0718,0.1019,0.0816,0.0529,0.0873,0.068,0.0287,0.0172,0.0356
cg08603188,0.0403,0.0708,0.063,0.0424,0.0557,0.0439,0.0227,0.0466,0.0301
cg25546248,0.084,0.1323,0.1035,0.0804,0.1201,0.0854,0.0679,0.0215,0.0645
cg12396325,0.0063,0.05,0.0091,0.008,0.0383,0.0026,0.0201,0.0254,0.2665
cg10696085,0.0155,0.0751,0.1098,0.0294,0.1296,0.0183,0.0082,0.0276,0.0298
cg17017152,0.1597,0.1683,0.1788,0.1693,0.1628,0.1632,0.0902,0.161,0.1075
cg08037935,0.0292,0.0507,0.0296,0.0314,0.0262,0.0229,0.029,0.0266,0.029
cg15125763,0.036,0.0635,0.0438,0.0372,0.0566,0.0404,0.0613,0.0938,0.0509
cg05737526,0.0367,0.0432,0.0362,0.0362,0.0378,0.04,0.0547,0.0377,0.0354
cg01660473,0.0718,0.1019,0.0816,0.0529,0.0873,0.068,0.0287,0.0172,0.0356
cg08603188,0.0403,0.0708,0.063,0.0424,0.0557,0.0439,0.0227,0.0466,0.0301
cg12899157,0.0551,0.0518,0.0658,0.0595,0.13,0.055,0.0589,0.0824,0.0957
cg15555970,0.0104,0.0195,0.0209,0.0132,0.103,0.0139,0.0007,0.0031,0.053
cg21164232,0.053,0.069,0.1032,0.0622,0.1976,0.0529,0.0341,0.0537,0.0814
cg10678427,0.0403,0.1232,0.0466,0.0513,0.0656,0.0488,0.0318,0.0285,0.0193
cg18937330,0.0547,0.0487,0.0669,0.0542,0.0669,0.0499,0.0233,0.0593,0.0499
cg07985890,0.0405,0.0412,0.0479,0.0421,0.0411,0.0465,0.0302,0.0749,0.0372
cg13690864,0.0033,0.0045,0.0024,0.002,0.0059,0.0052,0.0145,0.011,0.0551
cg18577511,0.0347,0.0338,0.0378,0.0344,0.0358,0.0342,0.0346,0.0595,0.0605
cg11088422,0.0302,0.0624,0.0325,0.0324,0.0308,0.0347,0.0063,0.0068,0.006
cg01122302,0.0382,0.0747,0.05,0.0436,0.0447,0.0381,0.0275,0.0571,0.0464
cg00290994,0.0446,0.076,0.0611,0.0457,0.0758,0.0382,0.0101,0.0074,0.2685
cg01184784,0.02,0.0195,0.0399,0.0206,0.0176,0.0236,0.0557,0.0934,0.0426
cg09411730,0.0266,0.054,0.0714,0.0284,0.0904,0.0563,0.0278,0.0303,0.0203
cg19027852,0.0166,0.021,0.0243,0.0204,0.0143,0.0178,0.0113,0.006,0.0356
cg06059056,0.0247,0.064,0.0587,0.0433,0.1075,0.0292,0.0164,0.0157,0.0203
cg06710900,0.0648,0.1131,0.1255,0.0839,0.1666,0.068,0.0858,0.0792,0.0912
cg27376136,0.0392,0.1912,0.1173,0.0624,0.1504,0.0359,0.0259,0.0123,0.0377
cg09923107,0.0048,0.014,0.0125,0.008,0.0256,0.0045,0.0019,0.0031,0.0085
cg09595202,0.0455,0.1102,0.0558,0.0459,0.0716,0.0499,0.0203,0.038,0.0326
cg22350070,0.0949,0.2204,0.1835,0.114,0.2212,0.0902,0.0632,0.0713,0.1487
cg18913890,0.0394,0.1238,0.09,0.0508,0.1263,0.0347,0.03,0.0355,0.046
cg04373435,0.0902,0.1936,0.1621,0.1404,0.1993,0.0921,0.0855,0.0914,0.1196
cg23643814,0.023,0.075,0.0401,0.0264,0.062,0.0214,0.0216,0.0304,0.0375
cg08118159,0.0074,0.0129,0.0113,0.0106,0.0161,0.0086,0.0001,0.0044,0.0043
cg10227187,0.0165,0.0283,0.0273,0.0183,0.0426,0.0166,0.0082,0.0016,0.0089
cg18019132,0.0474,0.0505,0.0542,0.0408,0.0478,0.043,0.0382,0.0475,0.054
cg02921887,0.0115,0.0208,0.014,0.0059,0.0157,0.0101,0.028,0.067,0.0155
cg04951797,0.0748,0.1146,0.1239,0.05,0.1352,0.0575,0.0581,0.344,0.2124
cg07789559,0.0149,0.0162,0.0343,0.0152,0.0246,0.0185,0.0069,0.0124,0.0331
cg04525491,0.0286,0.0404,0.0392,0.0332,0.0272,0.028,0.0202,0.0356,0.0327
cg20495404,0.0251,0.0399,0.0495,0.0244,0.0345,0.0274,0.0127,0.0251,0.0073
cg22097768,0.0593,0.0765,0.0708,0.08,0.0699,0.0702,0.0454,0.0244,0.0373
cg18189994,0.0305,0.0627,0.0431,0.0314,0.0504,0.0286,0.0151,0.0334,0.0425
cg12738347,0.0308,0.0586,0.0462,0.0296,0.0479,0.0297,0.0112,0.0118,0.0353
cg25084101,0.0628,0.1239,0.0848,0.0663,0.0793,0.0722,0.0223,0.021,0.0384
cg02550231,0.0317,0.1,0.0654,0.0288,0.09,0.0296,0.0221,0.0091,0.0475
cg17200920,0.0427,0.1229,0.0775,0.0633,0.0991,0.03,0.0161,0.0185,0.0281
cg02383785,0.088,0.205,0.1607,0.1144,0.1917,0.0764,0.0771,0.124,0.2498
cg09337897,0.0779,0.0769,0.0614,0.061,0.0641,0.0762,0.0523,0.0512,0.0603
cg02776664,0.021,0.0418,0.0582,0.0348,0.0494,0.025,0.0114,0.0146,0.0438
cg08305551,0.0453,0.0786,0.0951,0.0753,0.0773,0.063,0.0135,0.0113,0.0242
cg02558623,0.0162,0.0386,0.0299,0.0196,0.041,0.019,0.007,0.0152,0.0276
cg03446079,0.0132,0.0148,0.0123,0.0105,0.0122,0.0077,0.0534,0.0041,0.0008
cg06874218,0.1663,0.1804,0.2272,0.171,0.2797,0.1675,0.1052,0.1734,0.1308
cg21346639,0.0291,0.041,0.1781,0.0615,0.302,0.03,0.0112,0.0386,0.0698
cg05001478,0.0428,0.0369,0.0596,0.0434,0.0699,0.0351,0.0319,0.0437,0.0416
cg00346326,0.0781,0.0886,0.0806,0.076,0.0847,0.079,0.089,0.0533,0.0632
cg19154027,0.0898,0.114,0.0813,0.0838,0.1086,0.0751,0.0637,0.0378,0.0539
cg07822305,0.0279,0.0252,0.0312,0.0261,0.026,0.0254,0.0148,0.0245,0.0237
cg25743043,0.0058,0.0092,0.0105,0.007,0.0086,0.0078,0.0025,0.0054,0.0054
cg23304296,0.0585,0.0709,0.0678,0.0638,0.0613,0.0621,0.0471,0.0638,0.0607
cg16739845,0.0041,0.0091,0.006,0.0058,0.007,0.0053,0.0024,0.003,0.0009
cg16061381,0.0042,0.0037,0.0038,0.004,0.004,0.005,0.0023,0.0106,0.0039
cg13874046,0.0556,0.0614,0.0628,0.0563,0.0546,0.0542,0.04,0.0692,0.0667
cg25019648,0.0122,0.1559,0.0162,0.0087,0.0216,0.0032,0.0076,0.0041,0.0818
cg17768491,0.0219,0.196,0.0408,0.0535,0.0877,0.0183,0.0125,0.0115,0.1558
cg12248614,0.0146,0.1258,0.0212,0.0264,0.0454,0.0101,0.0103,0.0044,0.1222
cg08212230,0.0821,0.0573,0.0697,0.0784,0.0898,0.0786,0.0279,0.0289,0.0141
cg22437153,0.0316,0.0408,0.0351,0.0302,0.0382,0.0275,0.0212,0.0568,0.0476
cg16825290,0.0052,0.0044,0.0055,0.0065,0.0074,0.006,0.0357,0.0418,0.0877
cg19590227,0.0284,0.0559,0.0859,0.0368,0.1218,0.0312,0.0216,0.0252,0.0178
cg04305764,0.0646,0.0867,0.1178,0.0779,0.1541,0.0646,0.0597,0.0562,0.0637
cg22481960,0.0107,0.0998,0.2513,0.0633,0.3993,0.0119,0.0103,0.0024,0.0318
cg01660473,0.0718,0.1019,0.0816,0.0529,0.0873,0.068,0.0287,0.0172,0.0356
cg25546248,0.084,0.1323,0.1035,0.0804,0.1201,0.0854,0.0679,0.0215,0.0645
cg13727849,0.0161,0.0412,0.0369,0.0273,0.0402,0.0172,0.0216,0.0422,0.078
cg01237565,0.01,0.0144,0.0237,0.0109,0.0191,0.0165,0.0051,0.0066,0.0031
cg19597031,0.0222,0.027,0.0294,0.0257,0.0262,0.0246,0.0203,0.034,0.0334
cg11452571,0.0049,0.0115,0.0128,0.0136,0.0219,0.0096,0.0044,0.0041,0.1221
cg08651867,0.0083,0.0083,0.0105,0.0116,0.0121,0.0088,0.0167,0.0296,0.0457
cg12565585,0.0548,0.1133,0.0841,0.0597,0.1213,0.0558,0.0273,0.0447,0.3108
cg25259711,0.0753,0.101,0.0874,0.0725,0.1025,0.0734,0.0626,0.0718,0.2322
cg14029489,0.0256,0.0425,0.0398,0.0312,0.0792,0.0258,0.0102,0.052,0.1274
cg22487414,0.0455,0.1123,0.0952,0.0511,0.1038,0.0401,0.0257,0.0254,0.058
cg20434926,0.014,0.042,0.1474,0.0373,0.2841,0.0149,0.0077,0.313,0.2107
cg02036387,0.0292,0.0574,0.0666,0.037,0.062,0.0313,0.0223,0.031,0.0768
cg01053411,0.0207,0.0297,0.0266,0.023,0.0214,0.0256,0.0098,0.0174,0.0078
cg04145264,0.0433,0.0506,0.0566,0.048,0.0518,0.0486,0.0143,0.0479,0.0533
cg04017769,0.0017,0.0017,0.0034,0.0026,0.0021,0.0019,0.0053,0.0019,0.0107
cg17225129,0.0082,0.0043,0.0046,0.0035,0.0036,0.0116,0.0073,0.0016,0.0
cg26381352,0.0108,0.0107,0.0105,0.0113,0.0126,0.0127,0.0139,0.0058,0.0043
cg21387418,0.0089,0.0086,0.011,0.009,0.0092,0.0097,0.0113,0.0032,0.0048
cg27373972,0.0102,0.0105,0.0117,0.0084,0.0101,0.0115,0.0069,0.0133,0.0063
cg19156220,0.0241,0.0248,0.0273,0.0234,0.0255,0.0279,0.0215,0.0411,0.0325
cg03701001,0.0032,0.0028,0.0044,0.0032,0.0024,0.0047,0.0045,0.0026,0.0025
cg06663068,0.002,0.0034,0.004,0.0018,0.0019,0.0052,0.0018,0.0018,0.0
cg21746851,0.0035,0.0029,0.0045,0.0028,0.0048,0.0029,0.0005,0.0037,0.0056
cg12060306,0.0048,0.0109,0.0058,0.0031,0.0084,0.0016,0.0101,0.0012,0.0003
cg04290779,0.004,0.0072,0.007,0.0053,0.0056,0.0043,0.0011,0.0038,0.0161
cg06554120,0.0064,0.046,0.0145,0.0084,0.0446,0.0047,0.0053,0.0094,0.0222
cg10864074,0.0026,0.02,0.0125,0.0081,0.0229,0.0044,0.0067,0.0041,0.0077
cg20893717,0.0031,0.0141,0.0138,0.0061,0.0233,0.007,0.0122,0.0047,0.0189
cg17225129,0.0082,0.0043,0.0046,0.0035,0.0036,0.0116,0.0073,0.0016,0.0
cg26381352,0.0108,0.0107,0.0105,0.0113,0.0126,0.0127,0.0139,0.0058,0.0043
cg21387418,0.0089,0.0086,0.011,0.009,0.0092,0.0097,0.0113,0.0032,0.0048
cg27373972,0.0102,0.0105,0.0117,0.0084,0.0101,0.0115,0.0069,0.0133,0.0063
cg19156220,0.0241,0.0248,0.0273,0.0234,0.0255,0.0279,0.0215,0.0411,0.0325
cg26005578,0.0104,0.0371,0.0119,0.0106,0.0167,0.0109,0.0012,0.0007,0.0062
cg08876434,0.0337,0.0993,0.0481,0.0319,0.0646,0.0184,0.0295,0.0446,0.0435
cg25344734,0.0736,0.1248,0.091,0.0557,0.0964,0.0687,0.0535,0.0636,0.0766
cg25110126,0.0045,0.0095,0.0058,0.0079,0.0102,0.0031,0.0045,0.002,0.001
cg04275806,0.0764,0.094,0.0891,0.0781,0.0965,0.0693,0.0573,0.0768,0.078
cg06663068,0.002,0.0034,0.004,0.0018,0.0019,0.0052,0.0018,0.0018,0.0
cg21746851,0.0035,0.0029,0.0045,0.0028,0.0048,0.0029,0.0005,0.0037,0.0056
cg10864074,0.0026,0.02,0.0125,0.0081,0.0229,0.0044,0.0067,0.0041,0.0077
cg20893717,0.0031,0.0141,0.0138,0.0061,0.0233,0.007,0.0122,0.0047,0.0189
cg01224063,0.0118,0.0108,0.0116,0.0104,0.0125,0.0127,0.0088,0.0,0.0002
cg16061381,0.0042,0.0037,0.0038,0.004,0.004,0.005,0.0023,0.0106,0.0039
cg13874046,0.0556,0.0614,0.0628,0.0563,0.0546,0.0542,0.04,0.0692,0.0667
cg05804220,0.04,0.1801,0.083,0.0466,0.137,0.0304,0.016,0.0072,0.0148
cg10583297,0.011,0.0647,0.0164,0.0148,0.0335,0.0117,0.0056,0.0078,0.0143
cg10496082,0.0114,0.042,0.0142,0.0104,0.0223,0.0097,0.002,0.001,0.0029
cg24505618,0.0539,0.198,0.099,0.0523,0.1536,0.0389,0.0409,0.0359,0.0631
cg16645133,0.0128,0.0079,0.0255,0.0174,0.0297,0.0116,0.0112,0.0125,0.0081
cg24120357,0.0741,0.0732,0.1002,0.0979,0.0955,0.0795,0.0466,0.0643,0.0784
cg16739845,0.0041,0.0091,0.006,0.0058,0.007,0.0053,0.0024,0.003,0.0009
cg06358970,0.0022,0.0032,0.0083,0.0025,0.0037,0.0041,0.0019,0.0024,0.0033
cg09453116,0.0067,0.0057,0.0068,0.0054,0.0052,0.006,0.0038,0.0035,0.0042
cg02727363,0.015,0.0198,0.0126,0.0131,0.0135,0.0128,0.0048,0.002,0.0115
cg11996632,0.0644,0.0729,0.066,0.0595,0.064,0.0587,0.0263,0.0319,0.044
cg01060026,0.0074,0.0093,0.0096,0.0057,0.0087,0.0079,0.0051,0.0033,0.0036
cg08815398,0.0107,0.0104,0.0151,0.0081,0.0112,0.0094,0.0051,0.012,0.0414
cg23013309,0.0501,0.0578,0.0595,0.0551,0.0548,0.0504,0.0206,0.0452,0.1553
cg06277900,0.01,0.0159,0.0151,0.01,0.0186,0.0127,0.0031,0.0169,0.0095
cg10034364,0.0132,0.0516,0.0204,0.0088,0.018,0.0132,0.0048,0.011,0.0362
cg15992563,0.0665,0.1458,0.0923,0.0699,0.0933,0.0697,0.0969,0.0551,0.1339
cg01193690,0.0597,0.0949,0.0775,0.0627,0.072,0.0528,0.0258,0.0434,0.1012
cg12539796,0.0066,0.033,0.0167,0.0134,0.029,0.0039,0.0098,0.0058,0.0119
cg09594067,0.0193,0.0188,0.0214,0.0133,0.0197,0.0157,0.002,0.002,0.0005
cg03585419,0.0089,0.0222,0.0106,0.0094,0.0066,0.0108,0.0083,0.0083,0.0131
cg00153856,0.0098,0.0109,0.0116,0.0111,0.0113,0.0096,0.0036,0.0068,0.0083
cg18191418,0.0068,0.0065,0.0066,0.0034,0.0041,0.006,0.0025,0.0038,0.0081
cg17466946,0.0168,0.014,0.0196,0.014,0.0172,0.0141,0.0063,0.0041,0.0023
cg26087598,0.0562,0.0628,0.0583,0.0539,0.0569,0.0595,0.0479,0.0734,0.0728
cg25181507,0.0278,0.0336,0.0312,0.0291,0.0325,0.034,0.011,0.0122,0.0122
cg17976191,0.0151,0.0676,0.1365,0.0149,0.185,0.025,0.0794,0.0804,0.0409
cg11758861,0.0069,0.0524,0.0754,0.0088,0.0931,0.0091,0.0244,0.0419,0.0126
cg20707679,0.0035,0.0049,0.0034,0.0025,0.0033,0.0039,0.0033,0.0008,0.0007
cg26026416,0.0309,0.0363,0.0361,0.0238,0.0301,0.0312,0.0234,0.0393,0.047
cg03764259,0.0128,0.0513,0.0322,0.016,0.0346,0.0219,0.0175,0.0014,0.0183
cg14652131,0.0238,0.0875,0.0569,0.0492,0.1249,0.0245,0.0159,0.0156,0.1108
cg12024828,0.0085,0.0198,0.0143,0.0185,0.0401,0.0072,0.0103,0.01,0.0261
cg14019323,0.0149,0.028,0.0167,0.0154,0.0162,0.0154,0.0057,0.0153,0.0586
cg01881939,0.0046,0.0062,0.008,0.0068,0.0073,0.006,0.0036,0.005,0.0008
cg20353496,0.0073,0.0094,0.0086,0.0061,0.0104,0.0136,0.0086,0.0031,0.0
cg20364050,0.0271,0.0278,0.0261,0.0223,0.0214,0.025,0.0225,0.0464,0.0426
cg01961447,0.0102,0.0267,0.0153,0.0125,0.0245,0.007,0.0042,0.0001,0.0817
cg16616449,0.0197,0.0229,0.0262,0.0171,0.0229,0.0249,0.0164,0.033,0.0291
cg10533277,0.003,0.0036,0.0055,0.0028,0.0047,0.0052,0.0219,0.0246,0.0281
cg09044296,0.1065,0.1224,0.1342,0.1218,0.125,0.1144,0.0585,0.0499,0.0598
cg10424454,0.0793,0.082,0.0994,0.0918,0.0846,0.1021,0.046,0.0579,0.0391
cg11633126,0.0122,0.0273,0.0561,0.0356,0.0248,0.0534,0.0451,0.0647,0.0122
cg11270070,0.0159,0.024,0.0314,0.0802,0.1008,0.0146,0.005,0.0458,0.0399
cg23208152,0.0057,0.0093,0.0136,0.0365,0.0377,0.0089,0.0056,0.0097,0.0118
cg20289346,0.0187,0.0475,0.0232,0.0204,0.0204,0.0169,0.0085,0.0127,0.0077
cg23684878,0.0117,0.0196,0.0171,0.011,0.0168,0.0114,0.0009,0.0116,0.0869
cg11832404,0.08,0.0967,0.096,0.0846,0.097,0.0827,0.0662,0.1058,0.1776
cg05804220,0.04,0.1801,0.083,0.0466,0.137,0.0304,0.016,0.0072,0.0148
cg10583297,0.011,0.0647,0.0164,0.0148,0.0335,0.0117,0.0056,0.0078,0.0143
cg10496082,0.0114,0.042,0.0142,0.0104,0.0223,0.0097,0.002,0.001,0.0029
cg24505618,0.0539,0.198,0.099,0.0523,0.1536,0.0389,0.0409,0.0359,0.0631
cg15045802,0.0092,0.0131,0.0168,0.0194,0.0299,0.0098,0.013,0.004,0.0143
cg02161471,0.0694,0.0775,0.0842,0.0752,0.089,0.072,0.0674,0.0735,0.0821
cg04772683,0.01,0.0536,0.0236,0.0126,0.025,0.0082,0.0032,0.0039,0.0142
cg01524174,0.002,0.0144,0.0076,0.0069,0.0196,0.003,0.0098,0.0008,0.0084
cg15754548,0.0176,0.0198,0.0208,0.017,0.0162,0.0226,0.0086,0.0092,0.0073
cg23045255,0.0205,0.0258,0.0244,0.0188,0.0198,0.0203,0.0141,0.0182,0.0118
cg13499300,0.0194,0.11,0.0233,0.0155,0.0186,0.0167,0.0041,0.0146,0.1038
cg23305567,0.01,0.038,0.0106,0.0052,0.0092,0.0067,0.0251,0.0314,0.067
cg05337743,0.012,0.0294,0.0128,0.0126,0.0119,0.0113,0.0024,0.0077,0.0363
cg17225129,0.0082,0.0043,0.0046,0.0035,0.0036,0.0116,0.0073,0.0016,0.0
cg26381352,0.0108,0.0107,0.0105,0.0113,0.0126,0.0127,0.0139,0.0058,0.0043
cg21387418,0.0089,0.0086,0.011,0.009,0.0092,0.0097,0.0113,0.0032,0.0048
cg27373972,0.0102,0.0105,0.0117,0.0084,0.0101,0.0115,0.0069,0.0133,0.0063
cg19156220,0.0241,0.0248,0.0273,0.0234,0.0255,0.0279,0.0215,0.0411,0.0325
cg06508783,0.0094,0.0136,0.0131,0.009,0.0089,0.0081,0.0023,0.007,0.0017
cg12046168,0.0071,0.0089,0.0112,0.0105,0.017,0.0264,0.0087,0.0109,0.0235
cg16253840,0.0164,0.016,0.02,0.016,0.0204,0.0205,0.0081,0.0071,0.0035
cg27212234,0.0058,0.0177,0.011,0.0046,0.0143,0.0056,0.012,0.0,0.005
cg17093995,0.0053,0.0264,0.0125,0.0074,0.0268,0.0034,0.004,0.0012,0.0243
cg01237565,0.01,0.0144,0.0237,0.0109,0.0191,0.0165,0.0051,0.0066,0.0031
cg17225129,0.0082,0.0043,0.0046,0.0035,0.0036,0.0116,0.0073,0.0016,0.0
cg26381352,0.0108,0.0107,0.0105,0.0113,0.0126,0.0127,0.0139,0.0058,0.0043
cg21387418,0.0089,0.0086,0.011,0.009,0.0092,0.0097,0.0113,0.0032,0.0048
cg27373972,0.0102,0.0105,0.0117,0.0084,0.0101,0.0115,0.0069,0.0133,0.0063
cg19156220,0.0241,0.0248,0.0273,0.0234,0.0255,0.0279,0.0215,0.0411,0.0325
cg16427096,0.0048,0.0038,0.0059,0.0079,0.0088,0.0046,0.0059,0.0025,0.0514
cg03114585,0.0016,0.0049,0.0104,0.0084,0.0052,0.0051,0.0124,0.0041,0.0707
cg21789280,0.0557,0.0632,0.0678,0.0542,0.0641,0.059,0.0432,0.0552,0.1647
cg04223671,0.0066,0.0094,0.0183,0.0072,0.0205,0.0045,0.0025,0.0043,0.0
cg14248553,0.0521,0.0684,0.0994,0.0706,0.1073,0.0566,0.0362,0.0712,0.0536
cg25360181,0.0146,0.0366,0.0278,0.0226,0.0371,0.0145,0.0127,0.0139,0.0311
cg04092762,0.0104,0.0262,0.0127,0.0141,0.0188,0.014,0.0102,0.0079,0.0036
cg10424454,0.0793,0.082,0.0994,0.0918,0.0846,0.1021,0.046,0.0579,0.0391
cg13945107,0.0098,0.0245,0.047,0.0278,0.0304,0.0399,0.0317,0.049,0.0378
cg14944575,0.0172,0.0232,0.0333,0.0207,0.021,0.0248,0.0047,0.0066,0.0627
cg07629094,0.045,0.0376,0.0484,0.0388,0.0421,0.0393,0.0279,0.0467,0.0695
cg25868998,0.0067,0.026,0.0186,0.0094,0.0219,0.009,0.0094,0.013,0.0217
cg09920557,0.0049,0.0047,0.006,0.0063,0.0082,0.0043,0.0037,0.0324,0.0376
cg25054907,0.0564,0.0627,0.063,0.0602,0.0615,0.06,0.0615,0.1027,0.1152
cg23525243,0.0344,0.0418,0.0448,0.0369,0.0494,0.0417,0.0271,0.0405,0.0208
cg08873912,0.1218,0.1211,0.1348,0.1166,0.1207,0.1141,0.0694,0.1314,0.0788
cg06807966,0.028,0.0297,0.0278,0.0288,0.0292,0.0278,0.0183,0.0337,0.0275
cg24165760,0.0078,0.0195,0.0026,0.0073,0.0071,0.0047,0.0029,0.0138,0.0078
cg01248080,0.0241,0.0228,0.0254,0.0202,0.0192,0.0243,0.0184,0.0095,0.01
cg03989125,0.0166,0.0188,0.0199,0.0201,0.019,0.0175,0.0075,0.0203,0.0105
cg02602699,0.0169,0.0206,0.0197,0.0155,0.0168,0.0186,0.008,0.0093,0.0074
cg22219254,0.0224,0.0272,0.0306,0.0194,0.0278,0.0229,0.0091,0.011,0.0144
cg19664267,0.0084,0.0098,0.0093,0.0091,0.009,0.0076,0.0035,0.0075,0.0
cg15543281,0.0045,0.0071,0.0076,0.0048,0.0072,0.0077,0.006,0.0033,0.0072
cg06181784,0.0211,0.0216,0.0222,0.0227,0.0205,0.0244,0.0102,0.0137,0.0183
cg02131967,0.0123,0.025,0.0187,0.0118,0.022,0.0113,0.0102,0.0123,0.0265
cg13584718,0.0164,0.0181,0.043,0.0102,0.0169,0.0134,0.0119,0.0061,0.0722
cg19665644,0.0179,0.0409,0.0244,0.0212,0.0255,0.0202,0.0111,0.0116,0.0047
cg20918243,0.0658,0.117,0.0833,0.0674,0.0989,0.0658,0.0646,0.0633,0.0667
cg09596429,0.0647,0.1216,0.0923,0.07,0.1039,0.0594,0.0725,0.0721,0.0768
cg25481474,0.0466,0.0525,0.0477,0.0518,0.0549,0.0389,0.0191,0.0436,0.0178
cg20754145,0.0302,0.0306,0.0373,0.0351,0.039,0.032,0.0144,0.0464,0.0276
cg16616449,0.0197,0.0229,0.0262,0.0171,0.0229,0.0249,0.0164,0.033,0.0291
cg10533277,0.003,0.0036,0.0055,0.0028,0.0047,0.0052,0.0219,0.0246,0.0281
cg09044296,0.1065,0.1224,0.1342,0.1218,0.125,0.1144,0.0585,0.0499,0.0598
cg14871628,0.012,0.0154,0.0113,0.0141,0.0152,0.0153,0.0139,0.0123,0.0024
cg04378107,0.0295,0.031,0.0248,0.026,0.0303,0.0276,0.0168,0.0292,0.0273
cg04529785,0.01,0.0728,0.0172,0.0089,0.0453,0.0074,0.0016,0.0023,0.0188
cg11979743,0.0089,0.0104,0.011,0.0088,0.008,0.0091,0.01,0.0182,0.0105
cg17793059,0.0226,0.0227,0.0165,0.0163,0.0172,0.0194,0.0206,0.0288,0.0415
cg16745616,0.095,0.0932,0.0948,0.0946,0.0823,0.0927,0.0763,0.1143,0.1785
cg19664267,0.0084,0.0098,0.0093,0.0091,0.009,0.0076,0.0035,0.0075,0.0
cg15543281,0.0045,0.0071,0.0076,0.0048,0.0072,0.0077,0.006,0.0033,0.0072
cg27098900,0.0244,0.0233,0.0256,0.0252,0.0312,0.0256,0.0129,0.0107,0.0057
cg19182353,0.0104,0.0085,0.0046,0.0052,0.0019,0.0057,0.0144,0.0116,0.0
cg02119927,0.0074,0.0089,0.0086,0.0082,0.0108,0.013,0.006,0.0124,0.0145
cg14685095,0.0075,0.022,0.0148,0.0085,0.0176,0.0066,0.0063,0.0102,0.0155
cg04241652,0.0154,0.0717,0.0187,0.0171,0.0269,0.0108,0.0047,0.0082,0.1382
cg18912855,0.0158,0.0532,0.0418,0.0757,0.0336,0.0066,0.0527,0.0709,0.0408
cg16094412,0.005,0.0099,0.0086,0.0063,0.0084,0.0076,0.0075,0.005,0.0061
cg26243894,0.0025,0.0056,0.0049,0.0028,0.0035,0.0051,0.0004,0.0017,0.0
cg12155013,0.0239,0.0251,0.023,0.0193,0.0252,0.0241,0.029,0.0334,0.0359
cg21126344,0.0134,0.0221,0.0215,0.011,0.0387,0.0094,0.0089,0.004,0.0067
cg05415131,0.0278,0.0328,0.07,0.048,0.1044,0.0292,0.0174,0.0067,0.0091
cg19664267,0.0084,0.0098,0.0093,0.0091,0.009,0.0076,0.0035,0.0075,0.0
cg27098900,0.0244,0.0233,0.0256,0.0252,0.0312,0.0256,0.0129,0.0107,0.0057
cg01272707,0.0055,0.0057,0.005,0.0019,0.0044,0.0054,0.0024,0.01,0.0
cg07822305,0.0279,0.0252,0.0312,0.0261,0.026,0.0254,0.0148,0.0245,0.0237
cg25743043,0.0058,0.0092,0.0105,0.007,0.0086,0.0078,0.0025,0.0054,0.0054
cg23304296,0.0585,0.0709,0.0678,0.0638,0.0613,0.0621,0.0471,0.0638,0.0607
cg10025396,0.0046,0.0048,0.0043,0.0036,0.0051,0.0044,0.0003,0.0018,0.003
cg21617762,0.0165,0.0273,0.0222,0.0133,0.0385,0.0154,0.01,0.0203,0.011
cg02379082,0.1053,0.1283,0.1351,0.1167,0.1485,0.1056,0.0633,0.0615,0.1044
cg08124910,0.0036,0.0049,0.0062,0.0075,0.0056,0.006,0.0032,0.0134,0.003
cg01627847,0.0053,0.0079,0.0096,0.0059,0.0045,0.008,0.0174,0.0523,0.039
cg03048083,0.0136,0.0155,0.0176,0.0111,0.0122,0.0127,0.0139,0.0359,0.0185
cg17222164,0.0449,0.0493,0.0486,0.049,0.0454,0.0441,0.0487,0.0758,0.0567
cg00149473,0.0121,0.01,0.0128,0.0094,0.0176,0.0138,0.0141,0.023,0.0277
cg14862207,0.018,0.0199,0.0195,0.0172,0.021,0.0158,0.046,0.022,0.0067
cg03026373,0.003,0.0049,0.004,0.0084,0.0062,0.0048,0.0053,0.0012,0.0121
cg04138361,0.0083,0.0072,0.0092,0.0078,0.0086,0.0067,0.0244,0.0208,0.0272
cg11384924,0.1796,0.1979,0.1942,0.1857,0.1982,0.1898,0.1042,0.1853,0.1532
cg27181765,0.0159,0.0169,0.0222,0.0171,0.0208,0.0194,0.0419,0.0341,0.0402
cg13586420,0.008,0.0093,0.0064,0.0054,0.0084,0.0108,0.0027,0.0077,0.0058
cg04770813,0.0172,0.016,0.0164,0.0148,0.0129,0.0138,0.0197,0.0137,0.0312
cg01635061,0.081,0.0878,0.0893,0.0742,0.1101,0.0768,0.0455,0.1071,0.0795
cg19069346,0.0323,0.0448,0.0412,0.036,0.0567,0.0304,0.0335,0.0486,0.0544
cg12938068,0.0444,0.0745,0.0461,0.0446,0.052,0.051,0.0238,0.0257,0.0462
cg14862207,0.018,0.0199,0.0195,0.0172,0.021,0.0158,0.046,0.022,0.0067
cg03026373,0.003,0.0049,0.004,0.0084,0.0062,0.0048,0.0053,0.0012,0.0121
cg02558623,0.0162,0.0386,0.0299,0.0196,0.041,0.019,0.007,0.0152,0.0276
cg08124910,0.0036,0.0049,0.0062,0.0075,0.0056,0.006,0.0032,0.0134,0.003
cg01627847,0.0053,0.0079,0.0096,0.0059,0.0045,0.008,0.0174,0.0523,0.039
cg03048083,0.0136,0.0155,0.0176,0.0111,0.0122,0.0127,0.0139,0.0359,0.0185
cg17222164,0.0449,0.0493,0.0486,0.049,0.0454,0.0441,0.0487,0.0758,0.0567
cg01663018,0.007,0.0329,0.016,0.0085,0.0175,0.0058,0.0015,0.0038,0.0503
cg00860379,0.0525,0.109,0.0837,0.0578,0.0943,0.059,0.0391,0.0599,0.1153
cg18189994,0.0305,0.0627,0.0431,0.0314,0.0504,0.0286,0.0151,0.0334,0.0425
cg12738347,0.0308,0.0586,0.0462,0.0296,0.0479,0.0297,0.0112,0.0118,0.0353
cg14359435,0.0056,0.0072,0.0096,0.0062,0.0067,0.0096,0.0138,0.0032,0.1549
cg25538627,0.0336,0.0316,0.0279,0.0373,0.0327,0.0291,0.0247,0.0362,0.2138
cg23928165,0.0018,0.0025,0.003,0.0033,0.0044,0.0035,0.0032,0.0027,0.0176
cg15273468,0.0323,0.0442,0.0366,0.052,0.046,0.0362,0.0382,0.062,0.0487
cg08124910,0.0036,0.0049,0.0062,0.0075,0.0056,0.006,0.0032,0.0134,0.003
cg01627847,0.0053,0.0079,0.0096,0.0059,0.0045,0.008,0.0174,0.0523,0.039
cg03048083,0.0136,0.0155,0.0176,0.0111,0.0122,0.0127,0.0139,0.0359,0.0185
cg17222164,0.0449,0.0493,0.0486,0.049,0.0454,0.0441,0.0487,0.0758,0.0567
cg07822305,0.0279,0.0252,0.0312,0.0261,0.026,0.0254,0.0148,0.0245,0.0237
cg25743043,0.0058,0.0092,0.0105,0.007,0.0086,0.0078,0.0025,0.0054,0.0054
cg23304296,0.0585,0.0709,0.0678,0.0638,0.0613,0.0621,0.0471,0.0638,0.0607
cg11956396,0.0316,0.0391,0.0373,0.0451,0.0447,0.0351,0.0231,0.0201,0.064
cg12293340,0.0065,0.0085,0.01,0.0067,0.0077,0.0073,0.0049,0.0115,0.0113
cg04194674,0.0059,0.0083,0.0066,0.0094,0.0076,0.0078,0.0086,0.01,0.0134
cg08822360,0.0638,0.0638,0.0773,0.067,0.0765,0.0638,0.0426,0.0715,0.0796
cg08151063,0.0514,0.0542,0.0604,0.0575,0.0567,0.0563,0.0365,0.0622,0.0636
cg27209395,0.0356,0.0398,0.0495,0.0216,0.0377,0.0318,0.006,0.0023,0.0004
cg13738140,0.0059,0.0143,0.0094,0.011,0.0068,0.0073,0.0107,0.0103,0.0175
cg22049858,0.0176,0.0214,0.0169,0.0169,0.0193,0.0174,0.0157,0.017,0.0565
cg17179875,0.0102,0.0124,0.0104,0.009,0.0118,0.0148,0.0082,0.0327,0.0247
cg05039004,0.0025,0.0103,0.0079,0.0057,0.007,0.0028,0.0041,0.0039,0.5415
cg22973319,0.0045,0.0079,0.0077,0.0059,0.0047,0.0071,0.0023,0.0022,0.1396
cg08822360,0.0638,0.0638,0.0773,0.067,0.0765,0.0638,0.0426,0.0715,0.0796
cg08151063,0.0514,0.0542,0.0604,0.0575,0.0567,0.0563,0.0365,0.0622,0.0636
cg12865381,0.0592,0.0573,0.0634,0.0608,0.0676,0.0558,0.0351,0.0504,0.0783
cg23274680,0.0446,0.0635,0.0649,0.0502,0.0706,0.0508,0.0176,0.016,0.0181
cg07759570,0.0231,0.0198,0.025,0.025,0.0229,0.0234,0.0188,0.0217,0.039
cg12352124,0.0486,0.0822,0.0695,0.0536,0.0717,0.0427,0.0205,0.0557,0.0916
cg00860379,0.0525,0.109,0.0837,0.0578,0.0943,0.059,0.0391,0.0599,0.1153
cg19716433,0.006,0.0107,0.0133,0.0101,0.0206,0.0088,0.0082,0.0123,0.0092
cg04138361,0.0083,0.0072,0.0092,0.0078,0.0086,0.0067,0.0244,0.0208,0.0272
cg13586420,0.008,0.0093,0.0064,0.0054,0.0084,0.0108,0.0027,0.0077,0.0058
cg04770813,0.0172,0.016,0.0164,0.0148,0.0129,0.0138,0.0197,0.0137,0.0312
cg26944851,0.0605,0.0504,0.0544,0.0388,0.0623,0.0454,0.0598,0.0513,0.0606
cg23636941,0.0623,0.1,0.0916,0.0578,0.099,0.058,0.0294,0.0992,0.3381
cg12002708,0.0121,0.0232,0.0199,0.0126,0.024,0.017,0.0151,0.0228,0.1287
cg09250727,0.0369,0.06,0.055,0.042,0.0599,0.0389,0.0249,0.0503,0.1266
cg03876823,0.0947,0.1031,0.0881,0.0854,0.1009,0.0973,0.0278,0.0199,0.0442
cg18189994,0.0305,0.0627,0.0431,0.0314,0.0504,0.0286,0.0151,0.0334,0.0425
cg12738347,0.0308,0.0586,0.0462,0.0296,0.0479,0.0297,0.0112,0.0118,0.0353
cg12804010,0.027,0.0887,0.0497,0.038,0.0604,0.0274,0.017,0.0209,0.0371
cg11166108,0.047,0.0468,0.0481,0.0404,0.0431,0.0456,0.0294,0.0449,0.0418
cg16201038,0.0571,0.1364,0.08,0.0539,0.1018,0.05,0.0355,0.0251,0.1474
cg09662694,0.0394,0.0488,0.0504,0.0416,0.05,0.0377,0.0097,0.0108,0.0148
cg03128635,0.009,0.0127,0.0104,0.0059,0.011,0.0064,0.0048,0.0026,0.0
cg12930553,0.0374,0.054,0.0694,0.0435,0.0802,0.034,0.035,0.0506,0.05
cg18815025,0.0407,0.0481,0.0515,0.0508,0.0512,0.0408,0.03,0.0339,0.0447
cg14694342,0.0106,0.0191,0.0136,0.0092,0.0111,0.011,0.0031,0.0155,0.0252
cg18058994,0.0039,0.003,0.005,0.0034,0.006,0.0051,0.0027,0.002,0.1934
cg20898829,0.025,0.0307,0.0275,0.0218,0.0234,0.0246,0.0176,0.0206,0.0211
cg20334252,0.0365,0.0696,0.0602,0.0455,0.0621,0.034,0.0154,0.0219,0.0413
cg23695707,0.0076,0.0468,0.0162,0.0099,0.0189,0.008,0.0087,0.0523,0.0279
cg05142765,0.0803,0.1393,0.1129,0.0811,0.1258,0.0748,0.0542,0.2498,0.2101
cg10353108,0.0388,0.081,0.0412,0.0471,0.041,0.0352,0.0358,0.0313,0.2591
cg12600030,0.0148,0.0132,0.0098,0.0133,0.0137,0.0085,0.0061,0.012,0.0077
cg00450784,0.0983,0.0934,0.0671,0.0392,0.0945,0.0632,0.035,0.0433,0.0992
cg17851046,0.1218,0.1385,0.1201,0.0797,0.1345,0.0771,0.075,0.1096,0.1579
cg01165043,0.0203,0.0253,0.0246,0.024,0.0249,0.0225,0.0574,0.0234,0.0333
cg27579711,0.0416,0.0478,0.0463,0.0472,0.0438,0.042,0.0572,0.0648,0.0525
cg14375937,0.0282,0.0923,0.0551,0.0398,0.0696,0.0234,0.0198,0.2126,0.0483
cg18097224,0.0106,0.0112,0.0061,0.0072,0.0055,0.0084,0.0027,0.0112,0.0304
cg11485451,0.0126,0.0176,0.0151,0.0098,0.0116,0.0109,0.0095,0.0159,0.0385
cg17487170,0.2641,0.2759,0.2394,0.2332,0.2328,0.2588,0.2142,0.256,0.2324
cg13046271,0.0746,0.0781,0.0649,0.0611,0.0664,0.0672,0.0502,0.0753,0.0852
cg11575912,0.0542,0.0601,0.0677,0.0411,0.0587,0.044,0.0115,0.0167,0.0266
cg09911521,0.0699,0.097,0.0764,0.0664,0.0685,0.0707,0.0478,0.0881,0.0947
cg15256164,0.005,0.0052,0.0042,0.0024,0.003,0.0027,0.0072,0.0264,0.0018
cg14359435,0.0056,0.0072,0.0096,0.0062,0.0067,0.0096,0.0138,0.0032,0.1549
cg25538627,0.0336,0.0316,0.0279,0.0373,0.0327,0.0291,0.0247,0.0362,0.2138
cg24526433,0.0231,0.0272,0.0218,0.0179,0.0298,0.0166,0.0096,0.0433,0.155
cg19584803,0.063,0.0763,0.0599,0.0577,0.0614,0.0582,0.0531,0.0814,0.1439
cg06768944,0.0152,0.0122,0.0657,0.0504,0.022,0.012,0.0365,0.0106,0.0238
cg08294986,0.0449,0.0405,0.0342,0.0425,0.0389,0.0403,0.0459,0.0408,0.1484
cg12641569,0.0202,0.0339,0.0319,0.0288,0.0262,0.0257,0.0133,0.0109,0.0063
cg02390319,0.0153,0.1093,0.0343,0.0237,0.0679,0.0146,0.0063,0.0088,0.0067
cg13690864,0.0033,0.0045,0.0024,0.002,0.0059,0.0052,0.0145,0.011,0.0551
cg18577511,0.0347,0.0338,0.0378,0.0344,0.0358,0.0342,0.0346,0.0595,0.0605
cg16053334,0.0288,0.0249,0.0246,0.024,0.0265,0.0253,0.0197,0.0345,0.0455
cg07148716,0.0175,0.0607,0.0175,0.0146,0.1153,0.014,0.0064,0.008,0.0131
cg20469799,0.0152,0.0144,0.02,0.0172,0.0196,0.017,0.0114,0.0099,0.0037
cg12171183,0.0348,0.0486,0.0491,0.0395,0.0591,0.0382,0.0311,0.0401,0.0614
cg06198398,0.0359,0.0407,0.0416,0.0341,0.0475,0.0327,0.0159,0.028,0.054
cg05498007,0.0426,0.0498,0.0536,0.0431,0.0742,0.0458,0.0289,0.0428,0.0625
cg16720619,0.0766,0.0982,0.0954,0.0692,0.0975,0.0692,0.0487,0.0697,0.1172
cg10904972,0.0118,0.0162,0.0166,0.0152,0.0114,0.013,0.0092,0.0283,0.2914
cg27092752,0.062,0.0612,0.0588,0.0518,0.0574,0.0505,0.0378,0.0552,0.1769
cg01899130,0.0434,0.0445,0.0495,0.0468,0.0467,0.0453,0.03,0.0496,0.0436
cg09940032,0.0714,0.0671,0.1528,0.0904,0.1276,0.0618,0.0956,0.0541,0.0931
cg11384924,0.1796,0.1979,0.1942,0.1857,0.1982,0.1898,0.1042,0.1853,0.1532
cg27181765,0.0159,0.0169,0.0222,0.0171,0.0208,0.0194,0.0419,0.0341,0.0402
cg13586420,0.008,0.0093,0.0064,0.0054,0.0084,0.0108,0.0027,0.0077,0.0058
cg04770813,0.0172,0.016,0.0164,0.0148,0.0129,0.0138,0.0197,0.0137,0.0312
cg01635061,0.081,0.0878,0.0893,0.0742,0.1101,0.0768,0.0455,0.1071,0.0795
cg03413097,0.083,0.1874,0.1384,0.086,0.1723,0.0761,0.0351,0.0343,0.1458
cg02825977,0.0203,0.0799,0.0477,0.0217,0.0799,0.0138,0.0056,0.2611,0.0618
cg26678920,0.0105,0.0484,0.0236,0.0123,0.0543,0.0111,0.0017,0.0082,0.0097
cg15202102,0.0044,0.023,0.0142,0.009,0.0214,0.0062,0.0041,0.0021,0.0029
cg05628549,0.0773,0.1503,0.1115,0.0915,0.1599,0.0928,0.0429,0.0174,0.0986
cg27132391,0.0928,0.1126,0.114,0.095,0.0985,0.0962,0.0372,0.0405,0.0309
cg20938665,0.0479,0.0897,0.071,0.0574,0.0804,0.0482,0.0493,0.0472,0.059
cg10064871,0.1126,0.1488,0.1326,0.1231,0.1552,0.109,0.1076,0.0909,0.1955
cg19221841,0.0032,0.0076,0.0064,0.0048,0.0047,0.0056,0.004,0.0121,0.2427
cg10227187,0.0165,0.0283,0.0273,0.0183,0.0426,0.0166,0.0082,0.0016,0.0089
cg13707894,0.0955,0.0544,0.0896,0.0432,0.0879,0.114,0.0705,0.1707,0.0521
cg23439966,0.1271,0.0957,0.1251,0.0823,0.1232,0.1352,0.0848,0.1866,0.0742
cg12473285,0.0034,0.0384,0.01,0.0058,0.0101,0.0055,0.0015,0.0149,0.0407
cg16570157,0.009,0.0088,0.0234,0.0326,0.0714,0.008,0.0089,0.0073,0.2685
cg23620822,0.0054,0.0202,0.0122,0.0102,0.0193,0.0064,0.0072,0.0022,0.0669
cg03553786,0.0387,0.1025,0.0996,0.0485,0.1218,0.0393,0.034,0.027,0.1796
cg11487526,0.0069,0.0284,0.0108,0.0126,0.0248,0.0071,0.0082,0.0475,0.3038
cg16630989,0.0098,0.01,0.0144,0.0127,0.0108,0.011,0.0036,0.059,0.2748
cg00013655,0.0159,0.0825,0.1443,0.1027,0.1843,0.0619,0.0369,0.0798,0.0855
cg27557378,0.0074,0.0632,0.0849,0.0204,0.1275,0.0072,0.0161,0.0176,0.0664
cg01120165,0.0029,0.004,0.0233,0.0114,0.0254,0.0053,0.0054,0.0081,0.0118
cg12464820,0.0934,0.1062,0.1804,0.1053,0.1872,0.0865,0.1308,0.1705,0.1856
cg14703002,0.0892,0.1572,0.1362,0.0961,0.2158,0.1112,0.0615,0.0185,0.1672
cg23829024,0.0621,0.099,0.0927,0.0708,0.157,0.0816,0.039,0.0098,0.0523
cg07984133,0.0995,0.1858,0.1233,0.1098,0.1568,0.1141,0.087,0.0436,0.138
cg21250356,0.0736,0.1907,0.1347,0.0835,0.176,0.0689,0.0756,0.0729,0.1493
cg24052359,0.0915,0.2462,0.1846,0.1101,0.2198,0.1018,0.0789,0.074,0.1593
cg04138361,0.0083,0.0072,0.0092,0.0078,0.0086,0.0067,0.0244,0.0208,0.0272
cg27181765,0.0159,0.0169,0.0222,0.0171,0.0208,0.0194,0.0419,0.0341,0.0402
cg13586420,0.008,0.0093,0.0064,0.0054,0.0084,0.0108,0.0027,0.0077,0.0058
cg04770813,0.0172,0.016,0.0164,0.0148,0.0129,0.0138,0.0197,0.0137,0.0312
cg07345934,0.0061,0.0203,0.0567,0.0182,0.1633,0.0101,0.0057,0.0021,0.1464
cg18368411,0.0085,0.0153,0.0358,0.01,0.104,0.012,0.011,0.0079,0.0729
cg15833534,0.0318,0.0361,0.0526,0.0378,0.0945,0.0303,0.0645,0.0667,0.1054
cg14407437,0.0746,0.118,0.2517,0.1327,0.2983,0.1077,0.0908,0.0746,0.4747
cg20101529,0.0834,0.1552,0.108,0.0957,0.142,0.0676,0.0503,0.0796,0.0783
cg22078710,0.0328,0.0551,0.0432,0.0338,0.0581,0.0312,0.0256,0.0195,0.0231
cg16825290,0.0052,0.0044,0.0055,0.0065,0.0074,0.006,0.0357,0.0418,0.0877
cg19595402,0.0096,0.0116,0.0107,0.0105,0.0097,0.0088,0.004,0.0011,0.0092
cg19323951,0.0222,0.0323,0.0825,0.3618,0.0874,0.0244,0.0072,0.0253,0.02
cg01172640,0.023,0.0588,0.0251,0.0199,0.0361,0.0145,0.0068,0.0427,0.106
cg18097224,0.0106,0.0112,0.0061,0.0072,0.0055,0.0084,0.0027,0.0112,0.0304
cg11485451,0.0126,0.0176,0.0151,0.0098,0.0116,0.0109,0.0095,0.0159,0.0385
cg17487170,0.2641,0.2759,0.2394,0.2332,0.2328,0.2588,0.2142,0.256,0.2324
cg13046271,0.0746,0.0781,0.0649,0.0611,0.0664,0.0672,0.0502,0.0753,0.0852
cg24799921,0.0052,0.0195,0.0162,0.0074,0.0186,0.0053,0.0082,0.0028,0.2284
cg23085343,0.0044,0.0062,0.0074,0.0061,0.0052,0.007,0.0025,0.0793,0.0682
cg13496979,0.0156,0.063,0.0268,0.0163,0.0223,0.0158,0.0075,0.1622,0.0169
cg06046430,0.0123,0.0303,0.0155,0.0121,0.0186,0.0154,0.016,0.0379,0.0292
cg03477792,0.0469,0.059,0.043,0.0462,0.0529,0.0433,0.026,0.0883,0.0716
cg26792755,0.0134,0.0227,0.0145,0.0101,0.0135,0.0132,0.0049,0.0246,0.0263
cg06706894,0.0465,0.0601,0.0648,0.0687,0.1172,0.0545,0.0334,0.1106,0.0316
cg18110444,0.0012,0.0051,0.0041,0.0034,0.0027,0.0028,0.0058,0.0427,0.1166
cg19291355,0.0177,0.0546,0.0294,0.016,0.019,0.0165,0.0037,0.0179,0.0859
cg04911280,0.0299,0.0688,0.0464,0.0355,0.0394,0.0326,0.0251,0.062,0.1044
cg05917988,0.0859,0.1888,0.1123,0.0772,0.0999,0.0754,0.0602,0.1119,0.1808
cg14362630,0.0316,0.0875,0.0366,0.0225,0.0349,0.0304,0.0089,0.2942,0.0668
cg03062002,0.003,0.0095,0.014,0.006,0.0192,0.0048,0.0043,0.0198,0.0237
cg02473600,0.005,0.0079,0.0066,0.0077,0.0099,0.0072,0.0109,0.2305,0.0653
cg01978368,0.0337,0.0348,0.0404,0.039,0.0398,0.0334,0.0245,0.1561,0.0522
cg08482682,0.0115,0.0172,0.0197,0.0125,0.0158,0.0099,0.0054,0.0101,0.0435
cg05848863,0.0029,0.007,0.027,0.0063,0.0551,0.0028,0.0069,0.1619,0.0098
cg05855588,0.0121,0.0355,0.0196,0.0153,0.0145,0.0159,0.0047,0.0676,0.028
cg18040901,0.0415,0.0576,0.0531,0.0302,0.0488,0.0364,0.0158,0.1438,0.0743
cg07466807,0.013,0.0171,0.0151,0.0168,0.0172,0.021,0.0259,0.0945,0.0947
cg14071579,0.0153,0.0357,0.0249,0.0178,0.0166,0.0196,0.043,0.0243,0.0098
cg16479539,0.0473,0.1258,0.073,0.0422,0.0997,0.0559,0.0186,0.1122,0.1904
cg02376703,0.0038,0.0038,0.0043,0.003,0.0051,0.0021,0.0013,0.0647,0.0366
cg06161630,0.0576,0.0541,0.0519,0.0554,0.05,0.0499,0.0427,0.1063,0.0981
cg27426220,0.0503,0.0602,0.0535,0.0568,0.0528,0.0485,0.0445,0.1523,0.1357
cg18569335,0.0216,0.133,0.0691,0.0388,0.0595,0.0162,0.0185,0.0606,0.0952
cg04368796,0.0076,0.0922,0.0373,0.011,0.029,0.0087,0.0063,0.0368,0.0772
cg06974755,0.0047,0.0035,0.0053,0.0084,0.0052,0.0029,0.0005,0.0357,0.0494
cg10383447,0.0039,0.0038,0.002,0.0031,0.0042,0.006,0.0097,0.1343,0.1187
cg08645670,0.0376,0.069,0.0549,0.0394,0.0628,0.0375,0.0242,0.0171,0.0216
cg23929284,0.0214,0.022,0.0209,0.0289,0.0324,0.028,0.0216,0.302,0.1235
cg14162940,0.0944,0.0721,0.1032,0.0926,0.1408,0.0848,0.0703,0.4763,0.2423
cg00401091,0.0215,0.0236,0.0548,0.0221,0.0782,0.0192,0.0075,0.1106,0.0919
cg11086066,0.0633,0.057,0.0748,0.0568,0.0802,0.0593,0.0627,0.1724,0.1375
cg02618300,0.0156,0.0886,0.0448,0.022,0.0623,0.0192,0.0165,0.0227,0.0538
cg09385093,0.0252,0.1128,0.0322,0.0231,0.0337,0.0207,0.0153,0.415,0.0764
cg09508531,0.0169,0.0318,0.0221,0.0155,0.0241,0.0156,0.0071,0.0891,0.0716
cg10480584,0.0699,0.1288,0.1572,0.0829,0.1467,0.0522,0.0479,0.108,0.1081
cg24842260,0.0143,0.0416,0.0526,0.0231,0.0912,0.0133,0.0061,0.2834,0.1073
cg15141467,0.0131,0.0191,0.0175,0.0131,0.0154,0.0183,0.0024,0.291,0.0738
cg00585901,0.0114,0.011,0.0134,0.0103,0.0108,0.0152,0.0107,0.3419,0.1047
cg07644571,0.0448,0.0648,0.0558,0.0518,0.0458,0.0511,0.0233,0.0279,0.0256
cg24554061,0.0115,0.0149,0.0293,0.0142,0.0226,0.0133,0.0046,0.0719,0.0571
cg26590411,0.0098,0.0114,0.018,0.0074,0.008,0.0082,0.0037,0.0119,0.0119
cg09074743,0.0492,0.0456,0.056,0.0482,0.0448,0.0443,0.0213,0.0626,0.0521
cg11009335,0.0048,0.0037,0.0062,0.0036,0.0045,0.0038,0.0024,0.0309,0.0159
cg25492645,0.0592,0.0535,0.0552,0.0493,0.047,0.0498,0.0376,0.0888,0.0735
cg05852040,0.0128,0.0139,0.0885,0.0153,0.0903,0.0146,0.0138,0.0895,0.0641
cg13233461,0.0633,0.1483,0.0954,0.0539,0.1232,0.0719,0.025,0.1299,0.305
cg17959327,0.0435,0.1136,0.0628,0.0523,0.0628,0.0502,0.0135,0.1836,0.0756
cg21707187,0.0096,0.1082,0.0248,0.0104,0.0368,0.007,0.005,0.0965,0.2556
cg14093715,0.0226,0.0901,0.0492,0.0261,0.0586,0.0187,0.0114,0.0422,0.0676
cg03035213,0.0285,0.0411,0.04,0.0397,0.0343,0.0409,0.0078,0.028,0.2566
cg26809635,0.0202,0.1172,0.0397,0.024,0.0594,0.0195,0.0155,0.0739,0.4426
cg09176256,0.0109,0.0788,0.0207,0.0141,0.0564,0.0081,0.003,0.1425,0.045
cg04521510,0.0329,0.0759,0.0372,0.0259,0.0354,0.0361,0.0134,0.2175,0.0575
cg10979436,0.0315,0.0524,0.0352,0.032,0.0387,0.0282,0.0182,0.167,0.0448
cg05600350,0.0118,0.0644,0.0125,0.007,0.0142,0.0064,0.0176,0.0603,0.0551
cg07215504,0.0124,0.0093,0.0118,0.0084,0.012,0.0106,0.013,0.0653,0.2992
cg26094299,0.0122,0.0147,0.0136,0.0104,0.014,0.0128,0.0033,0.0341,0.0502
cg15920654,0.0092,0.0963,0.026,0.0089,0.0469,0.0093,0.0369,0.1366,0.1349
cg17518931,0.0335,0.0519,0.0527,0.0391,0.072,0.0297,0.015,0.1704,0.1385
cg13761440,0.0487,0.0698,0.072,0.0558,0.0965,0.0435,0.0482,0.1071,0.1118
cg09601912,0.0886,0.1216,0.1009,0.0942,0.1095,0.0943,0.0488,0.3021,0.0717
cg19612309,0.0184,0.0225,0.0479,0.0293,0.0983,0.0272,0.0095,0.0511,0.153
cg04894705,0.0533,0.063,0.0623,0.1951,0.0538,0.0556,0.0388,0.049,0.0669
cg20161976,0.0272,0.0515,0.0541,0.0348,0.0635,0.0298,0.0202,0.0634,0.0865
cg19291355,0.0177,0.0546,0.0294,0.016,0.019,0.0165,0.0037,0.0179,0.0859
cg04911280,0.0299,0.0688,0.0464,0.0355,0.0394,0.0326,0.0251,0.062,0.1044
cg05917988,0.0859,0.1888,0.1123,0.0772,0.0999,0.0754,0.0602,0.1119,0.1808
cg05207834,0.0264,0.036,0.0366,0.0706,0.0559,0.0222,0.0169,0.0571,0.0719
cg16833452,0.0617,0.0556,0.0741,0.0611,0.0657,0.0606,0.0606,0.0881,0.1042
cg13352750,0.0312,0.1938,0.0343,0.0366,0.0562,0.0165,0.0061,0.269,0.1466
cg24446586,0.0428,0.2458,0.0968,0.0543,0.1482,0.0293,0.033,0.2526,0.2013
cg15916646,0.1692,0.3569,0.2191,0.1886,0.2661,0.1415,0.1451,0.3582,0.2565
cg10767141,0.087,0.1565,0.0996,0.1075,0.1195,0.0883,0.0949,0.3266,0.1366
cg04521510,0.0329,0.0759,0.0372,0.0259,0.0354,0.0361,0.0134,0.2175,0.0575
cg10979436,0.0315,0.0524,0.0352,0.032,0.0387,0.0282,0.0182,0.167,0.0448
cg06046430,0.0123,0.0303,0.0155,0.0121,0.0186,0.0154,0.016,0.0379,0.0292
cg03477792,0.0469,0.059,0.043,0.0462,0.0529,0.0433,0.026,0.0883,0.0716
cg10548492,0.0547,0.083,0.0621,0.0509,0.0554,0.0651,0.0221,0.027,0.0558
cg09973284,0.0392,0.0746,0.051,0.0418,0.0562,0.0363,0.0232,0.1929,0.2394
cg15697476,0.0529,0.1016,0.0472,0.0533,0.077,0.0482,0.021,0.2891,0.0964
cg09996288,0.0077,0.0147,0.0082,0.0098,0.0114,0.0074,0.0028,0.1218,0.0148
cg17001689,0.014,0.0206,0.0204,0.0188,0.03,0.0134,0.0089,0.1263,0.0622
cg02740950,0.0844,0.0879,0.0871,0.0815,0.1003,0.0802,0.0563,0.3624,0.1702
cg21698185,0.019,0.1852,0.0249,0.0194,0.0405,0.0096,0.0019,0.0027,0.2314
cg15550435,0.0326,0.0308,0.0603,0.0461,0.085,0.0313,0.026,0.0791,0.0403
cg02387326,0.0653,0.144,0.0901,0.0742,0.1096,0.0654,0.0528,0.1226,0.1596
cg26958524,0.0492,0.105,0.0654,0.0538,0.0699,0.0449,0.0379,0.0708,0.1436
cg11165158,0.0694,0.1812,0.1291,0.0772,0.1559,0.0685,0.0384,0.071,0.1408
cg14609025,0.0095,0.0465,0.0159,0.0106,0.0266,0.0105,0.0053,0.2673,0.0593
cg05401764,0.0026,0.0018,0.0024,0.002,0.0049,0.0023,0.0053,0.1689,0.0051
cg26990102,0.0468,0.1102,0.0737,0.0713,0.0953,0.0454,0.0226,0.4151,0.1051
cg27182106,0.0151,0.06,0.1192,0.0569,0.1257,0.0186,0.0141,0.0358,0.0595
cg08382235,0.0048,0.0122,0.0073,0.0077,0.0098,0.0047,0.0028,0.6018,0.2437
cg05472468,0.0157,0.035,0.0318,0.0184,0.0659,0.0139,0.024,0.1808,0.1837
cg01490094,0.048,0.0953,0.0972,0.0646,0.1315,0.0486,0.0336,0.2833,0.2395
cg22747076,0.0393,0.0476,0.0628,0.0491,0.071,0.0288,0.0082,0.5594,0.0779
cg11104418,0.0103,0.0145,0.0115,0.0167,0.0135,0.011,0.0137,0.007,0.003
cg23166970,0.0243,0.0498,0.0861,0.0987,0.0824,0.0258,0.0278,0.0461,0.0556
cg03344955,0.0426,0.0621,0.1604,0.1396,0.1903,0.0469,0.0675,0.0731,0.0466
cg18351406,0.0543,0.0665,0.093,0.0466,0.0828,0.0523,0.069,0.2221,0.1565
cg25916282,0.0374,0.0823,0.0563,0.0389,0.0773,0.034,0.0141,0.8679,0.3225
cg18944451,0.0801,0.1165,0.0889,0.0701,0.0966,0.0723,0.0598,0.7215,0.336
cg14204784,0.0428,0.1207,0.0957,0.0409,0.1085,0.05,0.0338,0.0962,0.0713
cg15141467,0.0131,0.0191,0.0175,0.0131,0.0154,0.0183,0.0024,0.291,0.0738
cg00585901,0.0114,0.011,0.0134,0.0103,0.0108,0.0152,0.0107,0.3419,0.1047
cg10072309,0.0135,0.0136,0.0179,0.0184,0.0142,0.0145,0.0205,0.1094,0.0579
cg01697719,0.0064,0.0516,0.0098,0.0071,0.0103,0.0063,0.0072,0.7122,0.2128
cg16879247,0.0278,0.0235,0.0335,0.0349,0.0295,0.0217,0.0308,0.0664,0.1341
cg13506653,0.0078,0.0106,0.0053,0.005,0.0149,0.0081,0.0071,0.1108,0.008
cg21905630,0.0508,0.0669,0.0794,0.0508,0.0818,0.0442,0.0431,0.1565,0.0857
cg21434530,0.0412,0.1736,0.0898,0.0372,0.1369,0.0403,0.0174,0.2644,0.0858
cg24685134,0.0193,0.0402,0.0093,0.006,0.012,0.0137,0.0273,0.4206,0.1891
cg04871778,0.0587,0.0775,0.0598,0.0476,0.056,0.0442,0.0523,0.2844,0.1887
cg14063191,0.047,0.0529,0.0539,0.0409,0.0468,0.0478,0.0406,0.0768,0.1166
cg14914822,0.0307,0.2354,0.1654,0.0872,0.3139,0.0258,0.014,0.2395,0.0692
cg14836636,0.034,0.0528,0.0242,0.0244,0.0214,0.0189,0.0215,0.0651,0.0695
cg26956371,0.021,0.079,0.0518,0.023,0.0391,0.0212,0.0079,0.029,0.0891
cg00862376,0.0756,0.1082,0.0835,0.0714,0.0997,0.0658,0.0551,0.128,0.1542
cg05951084,0.0944,0.153,0.1178,0.0931,0.1457,0.0911,0.0643,0.1974,0.19
cg08522676,0.1036,0.1508,0.1273,0.0967,0.1445,0.0993,0.0901,0.2332,0.2214
cg14377596,0.0074,0.01,0.0105,0.0056,0.0122,0.0086,0.0022,0.3504,0.1604
cg10102418,0.0452,0.0581,0.0579,0.05,0.0503,0.0446,0.0518,0.0542,0.0632
cg27509306,0.0553,0.0781,0.0713,0.0536,0.0589,0.051,0.0574,0.0756,0.0907
cg05458052,0.0604,0.0842,0.0819,0.0828,0.0988,0.0545,0.0276,0.3095,0.1667
cg00588920,0.019,0.027,0.0335,0.022,0.0574,0.0145,0.0092,0.2105,0.1203
cg19818998,0.03,0.0356,0.0451,0.0343,0.047,0.0275,0.009,0.0457,0.0548
cg12426196,0.0275,0.0376,0.0268,0.0284,0.027,0.024,0.0023,0.6729,0.2712
cg13906823,0.0356,0.0589,0.0529,0.0384,0.0498,0.0403,0.0069,0.7459,0.3151
cg24161057,0.022,0.0221,0.0265,0.0201,0.0221,0.0227,0.0134,0.7116,0.2868
cg23156348,0.0294,0.061,0.0572,0.03,0.042,0.031,0.0229,0.0898,0.0952
cg08811314,0.0609,0.0736,0.0898,0.0582,0.1196,0.0546,0.0561,0.1086,0.0963
cg19807376,0.081,0.0713,0.058,0.0732,0.0611,0.0653,0.0211,0.1588,0.0517
cg21460606,0.0253,0.0372,0.0279,0.0377,0.0398,0.0269,0.0112,0.2278,0.0413
cg26997880,0.1799,0.1996,0.2009,0.188,0.2034,0.1887,0.1233,0.2548,0.1457
cg11823230,0.088,0.122,0.0995,0.098,0.122,0.09,0.0844,0.2783,0.1538
cg05483184,0.0696,0.0804,0.0674,0.0782,0.0781,0.0712,0.0631,0.3154,0.1409
cg10515048,0.0219,0.0325,0.1348,0.04,0.1561,0.0294,0.0176,0.0654,0.0488
cg12378888,0.015,0.052,0.0165,0.0122,0.0241,0.01,0.0021,0.353,0.0705
cg12855166,0.0058,0.006,0.006,0.004,0.004,0.0038,0.0063,0.0055,0.0057
cg07602980,0.0093,0.0365,0.0256,0.0111,0.0396,0.0095,0.0023,0.0017,0.0123
cg15472784,0.0029,0.0063,0.0204,0.0064,0.0452,0.0048,0.0092,0.007,0.0751
cg25823419,0.0033,0.0038,0.0037,0.0042,0.0044,0.0047,0.0001,0.0005,0.001
cg09130077,0.0179,0.0416,0.0201,0.0156,0.0136,0.0181,0.0137,0.0253,0.2386
cg11090364,0.0161,0.0312,0.0215,0.0255,0.0207,0.0169,0.0019,0.0134,0.0601
cg18479972,0.0898,0.117,0.0967,0.0846,0.0887,0.0889,0.0594,0.0772,0.2063
cg05064297,0.0022,0.0038,0.0052,0.0068,0.0046,0.0042,0.0086,0.0023,0.0021
cg21915647,0.0211,0.028,0.0259,0.0219,0.0229,0.0245,0.0085,0.0128,0.0034
cg08063125,0.0074,0.053,0.021,0.0083,0.0545,0.0075,0.0048,0.0049,0.0213
cg24626312,0.003,0.0044,0.01,0.0037,0.0023,0.005,0.0218,0.0029,0.2225
cg10153335,0.0322,0.0349,0.0384,0.0348,0.034,0.0294,0.0004,0.0086,0.4052
cg02293936,0.0505,0.0389,0.0395,0.0381,0.0444,0.0446,0.0216,0.0279,0.3629
cg18780412,0.0094,0.0394,0.009,0.0077,0.0197,0.0067,0.0059,0.0056,0.0449
cg13668618,0.0099,0.0285,0.0544,0.0177,0.0868,0.028,0.0162,0.0203,0.0479
cg12961842,0.0123,0.0414,0.0788,0.018,0.1364,0.0373,0.0071,0.0068,0.0436
cg11788523,0.155,0.1725,0.2533,0.151,0.2933,0.1592,0.1337,0.0753,0.1791
cg21444693,0.1397,0.1476,0.2656,0.1392,0.3147,0.1513,0.0929,0.0769,0.1739
cg15060012,0.1285,0.1579,0.2637,0.1475,0.3393,0.1452,0.0808,0.0701,0.1915
cg02147695,0.0162,0.0451,0.0238,0.0152,0.0214,0.0151,0.0032,0.0071,0.0012
cg07035515,0.0332,0.0683,0.0567,0.0386,0.0508,0.0434,0.0096,0.0077,0.0085
cg09152886,0.0116,0.0265,0.0162,0.0125,0.0176,0.011,0.0043,0.0096,0.0092
cg25717994,0.0292,0.0824,0.0529,0.0386,0.063,0.0239,0.0148,0.0207,0.047
cg23494140,0.0142,0.0372,0.0167,0.0084,0.0234,0.0078,0.0044,0.0069,0.0067
cg21087137,0.0044,0.0162,0.0159,0.006,0.0263,0.0063,0.0083,0.0131,0.0461
cg24234651,0.0072,0.0455,0.0392,0.012,0.0732,0.006,0.0009,0.0143,0.0661
cg02818811,0.0061,0.0072,0.007,0.0069,0.0067,0.0037,0.0074,0.0005,0.0073
cg08873805,0.016,0.0926,0.0248,0.0173,0.033,0.0156,0.0086,0.0043,0.0132
cg01145430,0.0149,0.019,0.0268,0.0147,0.0167,0.021,0.0022,0.0037,0.0
cg11431346,0.0481,0.0505,0.0559,0.0503,0.0628,0.044,0.0355,0.0546,0.0429
cg04932544,0.0099,0.0301,0.0117,0.0123,0.0166,0.0119,0.0026,0.0007,0.0088
cg02401399,0.0076,0.0335,0.0248,0.0131,0.0331,0.01,0.0105,0.0221,0.0752
cg20973720,0.0148,0.0655,0.0219,0.0147,0.0445,0.0106,0.0043,0.001,0.0057
cg11623922,0.0092,0.0279,0.017,0.0138,0.023,0.0136,0.0101,0.0053,0.0295
cg17438737,0.0824,0.0923,0.0985,0.0827,0.1027,0.0857,0.0604,0.0751,0.0905
cg24799187,0.0748,0.1085,0.1068,0.0856,0.1142,0.0821,0.0576,0.0756,0.1054
cg18578405,0.0068,0.0549,0.0141,0.0082,0.0396,0.0073,0.0021,0.006,0.0414
cg04557544,0.0099,0.074,0.0152,0.0097,0.033,0.0068,0.0091,0.0029,0.0406
cg02810156,0.0116,0.0096,0.0247,0.0091,0.0307,0.0143,0.0039,0.0015,0.0024
cg01638592,0.0101,0.0352,0.0126,0.0114,0.0118,0.0091,0.0052,0.0033,0.052
cg04342092,0.0109,0.0166,0.0117,0.011,0.0176,0.0078,0.0009,0.006,0.0253
cg00800512,0.0717,0.0817,0.0838,0.0813,0.1114,0.0646,0.0651,0.0823,0.1528
cg02653557,0.0627,0.0746,0.0751,0.07,0.086,0.0696,0.0401,0.0549,0.0991
cg18435449,0.0772,0.0879,0.0952,0.0728,0.111,0.0762,0.0519,0.079,0.1246
cg02300154,0.0058,0.0538,0.009,0.0058,0.0276,0.0022,0.0063,0.0036,0.1018
cg01366419,0.0635,0.162,0.0911,0.064,0.143,0.0547,0.0516,0.0643,0.1789
cg23867997,0.012,0.0125,0.0125,0.0127,0.0132,0.0151,0.0049,0.0109,0.0069
cg22310279,0.0362,0.1225,0.0727,0.0399,0.0927,0.0328,0.0231,0.0284,0.0713
cg24236409,0.0111,0.0624,0.0196,0.0121,0.039,0.0074,0.0025,0.0046,0.048
cg19650157,0.0615,0.1431,0.0908,0.0604,0.1092,0.0479,0.037,0.052,0.1124
cg10016380,0.0506,0.1107,0.0737,0.0564,0.0835,0.0428,0.0287,0.048,0.079
cg12602112,0.0582,0.117,0.0768,0.0512,0.1013,0.0459,0.0333,0.0704,0.0711
cg13434989,0.032,0.1049,0.058,0.0332,0.0701,0.0302,0.0126,0.0275,0.0706
cg10088041,0.0084,0.0101,0.009,0.012,0.0103,0.0066,0.0054,0.0159,0.0709
cg25908973,0.0067,0.0074,0.0082,0.0079,0.0095,0.0074,0.0085,0.0137,0.0575
cg00645339,0.0065,0.0099,0.011,0.0086,0.0122,0.0089,0.0006,0.0036,0.0596
cg15241920,0.0138,0.0294,0.0184,0.0158,0.015,0.0168,0.006,0.0044,0.0102
cg24757310,0.0058,0.0089,0.0173,0.0094,0.0191,0.0151,0.0517,0.0196,0.0672
cg18158151,0.0498,0.0471,0.0584,0.0399,0.0449,0.0584,0.04,0.0458,0.0588
cg18577280,0.0034,0.0272,0.0056,0.005,0.0274,0.0039,0.0051,0.0032,0.0073
cg00720475,0.0151,0.0286,0.0185,0.0139,0.0271,0.0142,0.0067,0.0102,0.0246
cg06873316,0.0409,0.1173,0.0686,0.0424,0.0915,0.0333,0.0313,0.0064,0.0231
cg14749465,0.0041,0.0278,0.0086,0.0059,0.0098,0.0017,0.0086,0.0045,0.0138
cg15836635,0.0027,0.0292,0.0142,0.0059,0.0319,0.0042,0.004,0.0006,0.0434
cg03405515,0.0088,0.0096,0.0132,0.0097,0.0094,0.009,0.0102,0.0099,0.0263
cg12060744,0.1469,0.1678,0.1602,0.1789,0.1729,0.1636,0.0718,0.1523,0.1654
cg18579862,0.004,0.02,0.0114,0.0174,0.0322,0.0044,0.0034,0.0015,0.0909
cg01046104,0.071,0.0948,0.0955,0.0931,0.1445,0.0672,0.0333,0.0712,0.1656
cg18578405,0.0068,0.0549,0.0141,0.0082,0.0396,0.0073,0.0021,0.006,0.0414
cg04557544,0.0099,0.074,0.0152,0.0097,0.033,0.0068,0.0091,0.0029,0.0406
cg02147695,0.0162,0.0451,0.0238,0.0152,0.0214,0.0151,0.0032,0.0071,0.0012
cg07035515,0.0332,0.0683,0.0567,0.0386,0.0508,0.0434,0.0096,0.0077,0.0085
cg09152886,0.0116,0.0265,0.0162,0.0125,0.0176,0.011,0.0043,0.0096,0.0092
cg25717994,0.0292,0.0824,0.0529,0.0386,0.063,0.0239,0.0148,0.0207,0.047
cg23494140,0.0142,0.0372,0.0167,0.0084,0.0234,0.0078,0.0044,0.0069,0.0067
cg17353354,0.0105,0.0456,0.0268,0.0144,0.0528,0.0128,0.0078,0.0008,0.007
cg25222014,0.0031,0.0075,0.0022,0.0043,0.0075,0.003,0.0069,0.0008,0.0013
cg18565342,0.1061,0.1475,0.1219,0.1219,0.1469,0.1012,0.0923,0.1042,0.1924
cg13668618,0.0099,0.0285,0.0544,0.0177,0.0868,0.028,0.0162,0.0203,0.0479
cg12961842,0.0123,0.0414,0.0788,0.018,0.1364,0.0373,0.0071,0.0068,0.0436
cg11788523,0.155,0.1725,0.2533,0.151,0.2933,0.1592,0.1337,0.0753,0.1791
cg21444693,0.1397,0.1476,0.2656,0.1392,0.3147,0.1513,0.0929,0.0769,0.1739
cg15060012,0.1285,0.1579,0.2637,0.1475,0.3393,0.1452,0.0808,0.0701,0.1915
cg15542798,0.0051,0.0046,0.0069,0.0048,0.008,0.0046,0.0035,0.0132,0.0013
cg15708153,0.0072,0.0183,0.0121,0.0103,0.0428,0.0059,0.0017,0.0003,0.0179
cg18787401,0.0037,0.0138,0.0056,0.0085,0.0226,0.0039,0.0118,0.0241,0.0601
cg26309134,0.0521,0.0647,0.0588,0.0476,0.0819,0.0486,0.0311,0.0501,0.0745
cg16007456,0.011,0.0254,0.0103,0.0069,0.0143,0.0081,0.0125,0.0026,0.039
cg03131298,0.0053,0.0508,0.0068,0.0045,0.0122,0.0039,0.0059,0.0105,0.0415
cg01450705,0.0068,0.0191,0.0112,0.0156,0.0188,0.007,0.0116,0.0131,0.0135
cg16328106,0.0137,0.0232,0.0272,0.019,0.0208,0.029,0.0519,0.0253,0.0429
cg05037927,0.0479,0.05,0.0679,0.0513,0.0588,0.073,0.0363,0.0527,0.1226
cg19790321,0.0611,0.0662,0.1042,0.0707,0.0902,0.098,0.0674,0.0756,0.2128
cg10088041,0.0084,0.0101,0.009,0.012,0.0103,0.0066,0.0054,0.0159,0.0709
cg25908973,0.0067,0.0074,0.0082,0.0079,0.0095,0.0074,0.0085,0.0137,0.0575
cg00645339,0.0065,0.0099,0.011,0.0086,0.0122,0.0089,0.0006,0.0036,0.0596
cg06179060,0.0139,0.0289,0.0219,0.0138,0.0207,0.0142,0.0016,0.0026,0.0202
cg26230285,0.0073,0.0698,0.0098,0.0057,0.0104,0.006,0.0048,0.0083,0.0868
cg03419058,0.0207,0.1014,0.023,0.0154,0.0285,0.0186,0.0104,0.0039,0.0958
cg20124450,0.0105,0.0809,0.0116,0.0099,0.0166,0.0083,0.0036,0.0099,0.0871
cg16389285,0.0105,0.0601,0.0116,0.0117,0.0149,0.0101,0.0063,0.0067,0.0534
cg22113930,0.0205,0.0985,0.03,0.0286,0.0232,0.0298,0.0099,0.0115,0.0672
cg25936054,0.009,0.0566,0.0138,0.0103,0.0172,0.0098,0.0007,0.0015,0.0101
cg04704053,0.0051,0.0636,0.0068,0.0069,0.0139,0.0047,0.011,0.0243,0.0538
cg02510267,0.0056,0.0349,0.0105,0.0062,0.0129,0.0063,0.0074,0.0077,0.0127
cg24463006,0.0052,0.0036,0.0046,0.0049,0.0038,0.0042,0.0013,0.0052,0.0071
cg04422150,0.0056,0.0231,0.0051,0.0061,0.0122,0.0038,0.0126,0.0122,0.0141
cg09130077,0.0179,0.0416,0.0201,0.0156,0.0136,0.0181,0.0137,0.0253,0.2386
cg11090364,0.0161,0.0312,0.0215,0.0255,0.0207,0.0169,0.0019,0.0134,0.0601
cg18479972,0.0898,0.117,0.0967,0.0846,0.0887,0.0889,0.0594,0.0772,0.2063
cg07544038,0.0076,0.0147,0.0228,0.0108,0.0351,0.0114,0.0044,0.0115,0.0013
cg21790626,0.0157,0.0258,0.0183,0.0227,0.032,0.0156,0.0093,0.0076,0.0875
cg27049766,0.0818,0.0666,0.0753,0.0618,0.0995,0.0723,0.0424,0.0639,0.1685
cg03897712,0.0102,0.0161,0.04,0.0164,0.0536,0.0088,0.0055,0.0191,0.0073
cg19704726,0.0034,0.0033,0.0052,0.0035,0.006,0.0025,0.0015,0.0045,0.0854
cg19818764,0.0172,0.0144,0.019,0.0173,0.0161,0.0156,0.0131,0.0249,0.0088
cg26230285,0.0073,0.0698,0.0098,0.0057,0.0104,0.006,0.0048,0.0083,0.0868
cg03419058,0.0207,0.1014,0.023,0.0154,0.0285,0.0186,0.0104,0.0039,0.0958
cg20124450,0.0105,0.0809,0.0116,0.0099,0.0166,0.0083,0.0036,0.0099,0.0871
cg16389285,0.0105,0.0601,0.0116,0.0117,0.0149,0.0101,0.0063,0.0067,0.0534
cg22113930,0.0205,0.0985,0.03,0.0286,0.0232,0.0298,0.0099,0.0115,0.0672
cg14907769,0.0705,0.1826,0.1634,0.095,0.2317,0.0758,0.0475,0.11,0.1755
cg10826197,0.012,0.0248,0.0214,0.0177,0.0227,0.0139,0.0007,0.0019,0.0089
cg11423323,0.0051,0.0296,0.0091,0.0065,0.0106,0.0054,0.0,0.0093,0.0003
cg15315157,0.1234,0.216,0.1658,0.1274,0.1814,0.1187,0.1204,0.1133,0.1675
cg02327501,0.0075,0.0192,0.011,0.0088,0.0138,0.0058,0.0098,0.0061,0.0013
cg15480367,0.2116,0.3145,0.2696,0.2165,0.3007,0.1967,0.2026,0.1795,0.3225
cg25820699,0.0307,0.0757,0.0511,0.0184,0.0511,0.0258,0.0121,0.0082,0.0008
cg10148473,0.0715,0.1581,0.1034,0.0832,0.1336,0.0714,0.0586,0.0614,0.0747
cg18448581,0.0138,0.1533,0.0196,0.0292,0.1218,0.0036,0.0025,0.0029,0.0378
cg10924691,0.0066,0.0096,0.014,0.0108,0.0098,0.0121,0.0105,0.0233,0.0148
cg07700514,0.0029,0.0085,0.008,0.004,0.0324,0.0026,0.0057,0.0024,0.0187
cg02667667,0.0084,0.0064,0.0107,0.0085,0.0202,0.0021,0.0041,0.0022,0.005
cg19047292,0.0168,0.0293,0.0248,0.019,0.0477,0.0216,0.0186,0.0021,0.0295
cg00246932,0.0147,0.0107,0.013,0.0144,0.0236,0.0171,0.0275,0.0158,0.0154
cg08808128,0.0077,0.0127,0.0128,0.0161,0.0124,0.0174,0.0118,0.008,0.0054
cg13912117,0.0099,0.1202,0.0368,0.0103,0.0606,0.0096,0.0022,0.0059,0.0759
cg18845189,0.0122,0.0235,0.0158,0.0127,0.0176,0.0133,0.0056,0.013,0.0374
cg13122377,0.0724,0.1485,0.1706,0.0608,0.2035,0.0393,0.0264,0.0501,0.0992
cg16635314,0.006,0.0899,0.027,0.009,0.0726,0.0038,0.0086,0.0252,0.0426
cg12919520,0.0235,0.1282,0.0492,0.0292,0.084,0.0248,0.0065,0.0058,0.0147
cg27553667,0.0294,0.1218,0.0683,0.0328,0.0941,0.028,0.0059,0.0153,0.0453
cg25467973,0.0254,0.0385,0.0356,0.0345,0.0482,0.0278,0.0109,0.0141,0.0459
cg07700514,0.0029,0.0085,0.008,0.004,0.0324,0.0026,0.0057,0.0024,0.0187
cg02667667,0.0084,0.0064,0.0107,0.0085,0.0202,0.0021,0.0041,0.0022,0.005
cg00246932,0.0147,0.0107,0.013,0.0144,0.0236,0.0171,0.0275,0.0158,0.0154
cg16400492,0.021,0.1335,0.0542,0.0177,0.0864,0.0127,0.0069,0.0029,0.0711
cg23026864,0.0653,0.215,0.1397,0.0832,0.1607,0.0628,0.0359,0.0241,0.0592
cg23953697,0.0144,0.1165,0.0381,0.0132,0.0658,0.0077,0.0048,0.0024,0.0751
cg02004641,0.0141,0.0848,0.0296,0.0138,0.042,0.0152,0.0032,0.0083,0.0473
cg02105519,0.009,0.089,0.0216,0.0085,0.0454,0.0054,0.0014,0.0015,0.0574
cg18902090,0.1049,0.2191,0.1717,0.1098,0.2005,0.0912,0.0792,0.0667,0.1276
cg13463054,0.0053,0.0269,0.0087,0.0064,0.0119,0.0046,0.0172,0.0074,0.0245
cg16966815,0.038,0.0608,0.0399,0.0356,0.0442,0.0354,0.0136,0.0277,0.0485
cg13823136,0.0311,0.0683,0.0418,0.039,0.0585,0.0353,0.0132,0.0352,0.0855
cg06201642,0.0662,0.1051,0.0846,0.0686,0.0878,0.0696,0.0402,0.0579,0.1208
cg10088041,0.0084,0.0101,0.009,0.012,0.0103,0.0066,0.0054,0.0159,0.0709
cg25908973,0.0067,0.0074,0.0082,0.0079,0.0095,0.0074,0.0085,0.0137,0.0575
cg00645339,0.0065,0.0099,0.011,0.0086,0.0122,0.0089,0.0006,0.0036,0.0596
cg11433319,0.0058,0.0703,0.0248,0.0075,0.0617,0.0074,0.0091,0.0006,0.0273
cg23739994,0.007,0.0336,0.0119,0.0085,0.0188,0.0103,0.0036,0.0003,0.0
cg22638597,0.005,0.0642,0.0166,0.0075,0.0204,0.0067,0.0067,0.0068,0.0009
cg09891129,0.0415,0.1208,0.0616,0.0434,0.0806,0.0397,0.0159,0.0143,0.0164
cg09657963,0.003,0.0209,0.0063,0.0033,0.0096,0.0039,0.0141,0.0219,0.0198
cg21077559,0.0064,0.068,0.0051,0.0056,0.0043,0.0035,0.0035,0.0023,0.0357
cg05396987,0.0529,0.1296,0.0709,0.0564,0.0596,0.0513,0.0504,0.0662,0.135
cg02527199,0.0056,0.0216,0.0072,0.0074,0.0081,0.0054,0.0012,0.0046,0.003
cg26246807,0.0149,0.0434,0.0233,0.0311,0.0354,0.0202,0.0122,0.004,0.0997
cg26365690,0.0214,0.0553,0.0506,0.0234,0.0705,0.021,0.0073,0.0143,0.0167
cg19233753,0.0693,0.0955,0.0884,0.0642,0.1226,0.0561,0.0405,0.0641,0.0787
cg17256157,0.0743,0.0983,0.0972,0.0626,0.1112,0.0634,0.041,0.061,0.0893
cg22310279,0.0362,0.1225,0.0727,0.0399,0.0927,0.0328,0.0231,0.0284,0.0713
cg18032190,0.0162,0.0626,0.0298,0.02,0.0407,0.017,0.0086,0.0164,0.031
cg23702615,0.0573,0.1109,0.0638,0.0534,0.0682,0.0504,0.0275,0.0621,0.0649
cg01910869,0.0714,0.1271,0.094,0.0756,0.1163,0.0739,0.0773,0.0753,0.1011
cg19916212,0.0989,0.1432,0.0985,0.082,0.1338,0.079,0.0433,0.0702,0.1144
cg17741501,0.0042,0.0378,0.0047,0.0054,0.0042,0.0136,0.0014,0.0231,0.08
cg10055771,0.0113,0.0767,0.0219,0.0182,0.0816,0.0128,0.0096,0.0068,0.0118
cg00397324,0.0074,0.0118,0.0082,0.0136,0.0157,0.0067,0.0075,0.0025,0.0056
cg15428578,0.0058,0.0442,0.009,0.0064,0.0171,0.0064,0.006,0.0055,0.0294
cg23727983,0.0104,0.0999,0.0223,0.0128,0.0376,0.0095,0.0096,0.0064,0.0742
cg04609163,0.0177,0.101,0.0305,0.0157,0.0419,0.0094,0.0082,0.007,0.0854
cg01736784,0.0239,0.077,0.0254,0.0186,0.026,0.0151,0.0217,0.0151,0.0691
cg03142586,0.0194,0.0343,0.032,0.0325,0.0449,0.0222,0.0066,0.0056,0.0624
cg26230285,0.0073,0.0698,0.0098,0.0057,0.0104,0.006,0.0048,0.0083,0.0868
cg03419058,0.0207,0.1014,0.023,0.0154,0.0285,0.0186,0.0104,0.0039,0.0958
cg20124450,0.0105,0.0809,0.0116,0.0099,0.0166,0.0083,0.0036,0.0099,0.0871
cg16389285,0.0105,0.0601,0.0116,0.0117,0.0149,0.0101,0.0063,0.0067,0.0534
cg22113930,0.0205,0.0985,0.03,0.0286,0.0232,0.0298,0.0099,0.0115,0.0672
cg03424342,0.0466,0.098,0.0717,0.0597,0.0825,0.0558,0.0201,0.0378,0.018
cg15109851,0.0156,0.0603,0.0216,0.0126,0.0199,0.0146,0.0139,0.0034,0.0153
cg02712075,0.0073,0.0106,0.0071,0.0082,0.0059,0.0047,0.0117,0.0095,0.2309
cg10153335,0.0322,0.0349,0.0384,0.0348,0.034,0.0294,0.0004,0.0086,0.4052
cg11155697,0.0178,0.0274,0.026,0.0212,0.0248,0.0179,0.0121,0.023,0.2674
cg06384413,0.1251,0.1224,0.1226,0.1084,0.1278,0.128,0.0396,0.0423,0.1905
cg06781712,0.0128,0.0968,0.0688,0.0148,0.099,0.01,0.0077,0.0065,0.0193
cg13604337,0.0076,0.0386,0.0133,0.0054,0.0113,0.0092,0.0102,0.005,0.0105
cg06765956,0.0071,0.0329,0.016,0.0065,0.0279,0.0087,0.002,0.012,0.0175
cg17094985,0.0046,0.0335,0.01,0.0082,0.0267,0.0024,0.0044,0.0153,0.0113
cg21176048,0.0185,0.0466,0.0304,0.026,0.0397,0.0209,0.0131,0.0115,0.0204
cg05131623,0.0945,0.1496,0.1709,0.1019,0.171,0.0926,0.1279,0.1058,0.1678
cg05545132,0.0127,0.0103,0.0148,0.0114,0.0101,0.0124,0.0049,0.0117,0.014
cg21185289,0.0049,0.0326,0.01,0.0036,0.024,0.0069,0.0034,0.0007,0.1255
cg26021246,0.0076,0.0089,0.0135,0.0144,0.0387,0.0111,0.0072,0.025,0.0393
cg05401764,0.0026,0.0018,0.0024,0.002,0.0049,0.0023,0.0053,0.1689,0.0051
cg17251433,0.0244,0.0213,0.0257,0.0167,0.0217,0.0212,0.0081,0.0186,0.0176
cg13409170,0.0043,0.0146,0.0192,0.0238,0.0897,0.0069,0.0077,0.0213,0.0143
cg23207710,0.0082,0.0167,0.0208,0.0165,0.0308,0.0078,0.0077,0.0032,0.0262
cg15048660,0.0196,0.0344,0.033,0.0248,0.0398,0.0185,0.0124,0.0175,0.011
cg17276002,0.0108,0.0245,0.0489,0.0246,0.0623,0.0095,0.0393,0.0524,0.0183
cg09495418,0.0145,0.1472,0.0618,0.0356,0.1434,0.0102,0.0015,0.0149,0.0375
cg23207710,0.0082,0.0167,0.0208,0.0165,0.0308,0.0078,0.0077,0.0032,0.0262
cg15048660,0.0196,0.0344,0.033,0.0248,0.0398,0.0185,0.0124,0.0175,0.011
cg01257828,0.082,0.0939,0.1099,0.0822,0.1354,0.0726,0.0736,0.0715,0.0946
cg08900371,0.0256,0.0297,0.031,0.0246,0.0263,0.0241,0.0082,0.0875,0.0473
cg18265162,0.047,0.0562,0.0538,0.0505,0.0471,0.0446,0.0435,0.4242,0.221
cg18591107,0.0316,0.0202,0.0452,0.0315,0.0298,0.0201,0.0173,0.0165,0.0115
cg10383447,0.0039,0.0038,0.002,0.0031,0.0042,0.006,0.0097,0.1343,0.1187
cg10624054,0.0103,0.016,0.0156,0.0077,0.0134,0.0109,0.0124,0.0047,0.019
cg04855748,0.0532,0.0681,0.0602,0.0526,0.0664,0.0512,0.0234,0.0241,0.0706
cg09675196,0.0048,0.0027,0.0036,0.0044,0.0031,0.0036,0.0074,0.003,0.0208
cg18383813,0.0511,0.0525,0.0466,0.0499,0.0495,0.0463,0.0612,0.0639,0.0991
cg20270863,0.0249,0.041,0.0319,0.0238,0.0238,0.0256,0.0249,0.1326,0.0455
cg04282788,0.0953,0.1365,0.0989,0.0808,0.0829,0.0911,0.0685,0.2735,0.1458
cg25876656,0.0756,0.1052,0.0811,0.0598,0.0726,0.0668,0.0636,0.2861,0.1453
cg22298430,0.0046,0.0055,0.0309,0.0072,0.0073,0.0069,0.0059,0.3944,0.3619
cg27230784,0.0085,0.0101,0.0219,0.0072,0.0088,0.0137,0.0037,0.4626,0.4291
cg22298430,0.0046,0.0055,0.0309,0.0072,0.0073,0.0069,0.0059,0.3944,0.3619
cg27230784,0.0085,0.0101,0.0219,0.0072,0.0088,0.0137,0.0037,0.4626,0.4291
cg08002883,0.0044,0.0124,0.0166,0.009,0.0715,0.0052,0.004,0.011,0.0634
cg21029769,0.0362,0.041,0.0561,0.0413,0.0764,0.047,0.0754,0.08,0.0697
cg00496004,0.2064,0.2221,0.2464,0.2091,0.2718,0.2002,0.2118,0.1846,0.1807
cg18373354,0.0143,0.0142,0.0254,0.0237,0.0459,0.0188,0.0303,0.0323,0.0243
cg17573813,0.3292,0.0403,0.1137,0.175,0.1879,0.1045,0.2102,0.3484,0.0311
cg04367486,0.0092,0.0096,0.0156,0.0118,0.011,0.0086,0.0065,0.0054,0.0114
cg12868173,0.031,0.079,0.0262,0.0149,0.025,0.0506,0.0219,0.2125,0.0574
cg25930673,0.0456,0.0588,0.0609,0.056,0.0517,0.0544,0.0647,0.0732,0.0556
cg22806341,0.0927,0.1449,0.1202,0.0849,0.1246,0.0929,0.112,0.1246,0.1078
cg12093371,0.0358,0.0834,0.0549,0.034,0.0708,0.0366,0.0328,0.0234,0.0453
cg20319211,0.0758,0.1284,0.0898,0.0691,0.1071,0.0639,0.0442,0.0552,0.0594
cg08076807,0.0173,0.0147,0.0115,0.0093,0.0109,0.0125,0.011,0.0103,0.0041
cg16911981,0.0143,0.0344,0.024,0.0191,0.0304,0.0171,0.0163,0.1428,0.0273
cg23669611,0.0299,0.134,0.0578,0.0457,0.062,0.03,0.0273,0.0489,0.12
cg02624855,0.035,0.0371,0.0382,0.0334,0.0345,0.0359,0.0199,0.0896,0.0595
cg07808231,0.0144,0.0138,0.0169,0.0119,0.0118,0.0131,0.0088,0.1256,0.1013
cg18671949,0.0257,0.0285,0.052,0.0221,0.0212,0.0227,0.0113,0.3188,0.3434
cg10504751,0.0082,0.011,0.0122,0.0082,0.011,0.0139,0.0096,0.0062,0.0047
cg01269537,0.0057,0.0058,0.0066,0.0049,0.0058,0.0061,0.0116,0.2793,0.0064
cg01283201,0.0117,0.0124,0.013,0.008,0.0108,0.0098,0.0088,0.1817,0.0333
cg08161947,0.0361,0.0427,0.039,0.0355,0.0376,0.0378,0.0793,0.0635,0.0112
cg07545317,0.0765,0.1442,0.1263,0.0701,0.1353,0.0762,0.0401,0.0546,0.0355
cg15149596,0.0468,0.0595,0.0628,0.0481,0.0679,0.0687,0.0706,0.0268,0.0229
cg14046477,0.0272,0.071,0.1012,0.0728,0.1949,0.0308,0.0165,0.303,0.0992
cg05809668,0.046,0.1357,0.0961,0.0562,0.1402,0.046,0.0209,0.0245,0.3346
cg27087956,0.0186,0.0266,0.0161,0.0114,0.0224,0.0153,0.0083,0.2214,0.0956
cg17061505,0.0761,0.0874,0.0747,0.0837,0.083,0.085,0.0465,0.0253,0.0753
cg22831269,0.0815,0.0896,0.0708,0.0816,0.0556,0.0894,0.0625,0.0359,0.058
cg20842253,0.0274,0.0802,0.0371,0.0208,0.0488,0.0185,0.0329,0.0415,0.0772
cg11222527,0.0411,0.0524,0.0482,0.0496,0.0447,0.0486,0.0229,0.034,0.0215
cg11401257,0.029,0.0386,0.0223,0.0373,0.0216,0.0373,0.0113,0.0125,0.0022
cg05869122,0.0572,0.0526,0.0534,0.0472,0.0564,0.0465,0.0524,0.0561,0.0476
cg06550177,0.0103,0.0282,0.0285,0.111,0.0401,0.0148,0.0013,0.501,0.1425
cg17352995,0.0326,0.0344,0.043,0.0257,0.0963,0.0297,0.0082,0.0301,0.0704
cg12422844,0.038,0.0406,0.0486,0.0389,0.0676,0.0423,0.0345,0.0633,0.0858
cg12637869,0.0144,0.0187,0.0243,0.0164,0.0115,0.0145,0.1174,0.0045,0.0044
cg12120729,0.0207,0.022,0.0273,0.0218,0.0226,0.0216,0.0113,0.0121,0.0074
cg20749769,0.0116,0.0228,0.0344,0.0251,0.0724,0.0148,0.0059,0.0112,0.0143
cg01425666,0.0063,0.0435,0.0174,0.0841,0.0211,0.0228,0.0121,0.5165,0.1819
cg17170948,0.0409,0.0393,0.0546,0.0408,0.0668,0.0328,0.0169,0.0479,0.0407
cg26572488,0.0168,0.0174,0.0301,0.0198,0.0388,0.0111,0.0084,0.0016,0.007
cg04364339,0.0045,0.0116,0.018,0.0083,0.0147,0.0131,0.0815,0.0643,0.0431
cg03458172,0.0403,0.0442,0.0519,0.0505,0.063,0.0416,0.0297,0.3056,0.079
cg24681845,0.0111,0.0585,0.0162,0.0106,0.0175,0.0061,0.0048,0.0754,0.0305
cg03503516,0.1323,0.3332,0.3559,0.1541,0.4304,0.1308,0.0998,0.2647,0.4645
cg15552843,0.0929,0.2751,0.2522,0.0974,0.3381,0.0792,0.052,0.1489,0.3982
cg03364108,0.0377,0.2345,0.1688,0.0405,0.2659,0.0261,0.0165,0.0652,0.3001
cg12492885,0.1722,0.4143,0.4053,0.1964,0.4776,0.152,0.1062,0.1951,0.4539
cg02469909,0.1043,0.2982,0.3203,0.111,0.3849,0.0883,0.0428,0.1724,0.4004
cg12550055,0.2089,0.3147,0.3568,0.2241,0.3822,0.194,0.2118,0.3486,0.4636
cg24859937,0.0121,0.025,0.0223,0.0153,0.0624,0.0106,0.0141,0.3385,0.1758
cg04458368,0.0607,0.1323,0.163,0.1102,0.2331,0.0653,0.0556,0.6968,0.3893
cg26663796,0.0293,0.0233,0.0332,0.044,0.031,0.0345,0.0475,0.0555,0.0251
cg22122410,0.0063,0.0177,0.0186,0.0096,0.0191,0.0054,0.0072,0.4054,0.1432
cg19638477,0.0486,0.105,0.1274,0.071,0.1248,0.0442,0.0344,0.4241,0.2595
cg02624855,0.035,0.0371,0.0382,0.0334,0.0345,0.0359,0.0199,0.0896,0.0595
cg07808231,0.0144,0.0138,0.0169,0.0119,0.0118,0.0131,0.0088,0.1256,0.1013
cg02506867,0.0339,0.045,0.0279,0.0303,0.0281,0.0331,0.0091,0.0738,0.0191
cg00087417,0.026,0.0324,0.0267,0.0297,0.025,0.0254,0.0212,0.0675,0.0358
cg12215478,0.0261,0.0278,0.0224,0.0296,0.0249,0.0228,0.0176,0.0562,0.0625
cg00361146,0.0288,0.0318,0.0431,0.0332,0.0437,0.0346,0.0303,0.0276,0.0137
cg07990843,0.0288,0.0309,0.0368,0.0271,0.0296,0.0389,0.0178,0.1013,0.0734
cg09588360,0.0527,0.058,0.0558,0.0488,0.054,0.0466,0.0511,0.1438,0.0853
cg27539060,0.0406,0.0357,0.0446,0.0515,0.0544,0.0348,0.0399,0.1616,0.1891
cg16854917,0.0325,0.0693,0.0873,0.046,0.1064,0.0331,0.0249,0.1229,0.4346
cg17519645,0.178,0.3399,0.4331,0.2418,0.4957,0.1862,0.1159,0.5494,0.7015
cg02376703,0.0038,0.0038,0.0043,0.003,0.0051,0.0021,0.0013,0.0647,0.0366
cg06161630,0.0576,0.0541,0.0519,0.0554,0.05,0.0499,0.0427,0.1063,0.0981
cg27426220,0.0503,0.0602,0.0535,0.0568,0.0528,0.0485,0.0445,0.1523,0.1357
cg08900101,0.0253,0.0808,0.06,0.0264,0.0842,0.0274,0.0515,0.4328,0.2409
cg24761867,0.0069,0.0054,0.0074,0.0072,0.0069,0.008,0.0092,0.2717,0.0973
cg01054755,0.0034,0.004,0.0025,0.0033,0.003,0.0031,0.0046,0.4735,0.1742
cg22773899,0.0801,0.1755,0.1052,0.073,0.128,0.0757,0.0316,0.2679,0.1467
cg18470839,0.0316,0.0716,0.0302,0.0228,0.0514,0.0284,0.0268,0.2579,0.1109
cg25247290,0.0484,0.1182,0.1128,0.0763,0.1452,0.0587,0.0607,0.0756,0.133
cg03669282,0.0415,0.0576,0.0404,0.0445,0.0384,0.0283,0.0348,0.0605,0.1239
cg16209795,0.0534,0.0702,0.0763,0.0608,0.0794,0.0601,0.0515,0.0519,0.0731
cg16366473,0.049,0.0785,0.0749,0.0583,0.0853,0.0533,0.0159,0.0251,0.034
cg26721700,0.0201,0.0196,0.0208,0.017,0.0144,0.0157,0.0426,0.0397,0.0289
cg09386954,0.0096,0.0087,0.0086,0.0083,0.0072,0.0093,0.0012,0.0114,0.003
cg22618240,0.0394,0.0426,0.0431,0.0404,0.0432,0.0362,0.0283,0.0449,0.033
cg13044675,0.0737,0.065,0.0438,0.0846,0.0559,0.1143,0.0537,0.5125,0.2969
cg16851771,0.0533,0.0858,0.0334,0.0278,0.029,0.0604,0.0596,0.0496,0.0404
cg26263234,0.0186,0.0852,0.0441,0.0229,0.062,0.023,0.0101,0.2102,0.1443
cg24087211,0.0535,0.0756,0.0466,0.0554,0.0516,0.0582,0.051,0.0778,0.0969
cg00087417,0.026,0.0324,0.0267,0.0297,0.025,0.0254,0.0212,0.0675,0.0358
cg12215478,0.0261,0.0278,0.0224,0.0296,0.0249,0.0228,0.0176,0.0562,0.0625
cg15701237,0.0614,0.0609,0.0588,0.0601,0.057,0.0731,0.0804,0.0817,0.0808
cg26824216,0.0516,0.0533,0.0514,0.0506,0.048,0.061,0.0443,0.062,0.0658
cg19383430,0.0356,0.0286,0.0258,0.0276,0.022,0.0292,0.045,0.0485,0.0288
cg13757826,0.0338,0.0562,0.0565,0.0304,0.0691,0.0324,0.0124,0.0144,0.0152
cg08455275,0.0169,0.0183,0.0163,0.013,0.014,0.0149,0.0204,0.558,0.191
cg00133595,0.0057,0.0356,0.0366,0.0097,0.031,0.0058,0.0029,0.0038,0.0232
cg05310249,0.0604,0.1091,0.0939,0.0596,0.0933,0.0511,0.0482,0.0607,0.088
cg17352995,0.0326,0.0344,0.043,0.0257,0.0963,0.0297,0.0082,0.0301,0.0704
cg12422844,0.038,0.0406,0.0486,0.0389,0.0676,0.0423,0.0345,0.0633,0.0858
cg00886954,0.0095,0.008,0.0084,0.0091,0.0066,0.0105,0.0022,0.4485,0.2575
cg08313638,0.0144,0.0259,0.024,0.0091,0.0173,0.0098,0.0721,0.0587,0.0795
cg18886436,0.034,0.0382,0.0388,0.0461,0.0422,0.0432,0.029,0.3056,0.1278
cg25954914,0.0251,0.029,0.0274,0.0237,0.0228,0.0271,0.0314,0.0575,0.039
cg01465169,0.02,0.0257,0.0291,0.0255,0.021,0.0262,0.0061,0.0149,0.0236
cg19657814,0.0131,0.0189,0.0137,0.019,0.0269,0.0122,0.0015,0.1787,0.1682
cg16718263,0.0349,0.1058,0.0463,0.038,0.0574,0.0372,0.0231,0.4008,0.2164
cg00978584,0.0382,0.0365,0.0362,0.0344,0.038,0.034,0.0251,0.0327,0.0476
cg27413732,0.0684,0.0729,0.0704,0.0714,0.0682,0.0672,0.0532,0.0848,0.0998
cg26629969,0.0812,0.1337,0.107,0.1028,0.0837,0.0926,0.0502,0.0807,0.0535
cg16674492,0.0174,0.0254,0.0268,0.024,0.0275,0.0191,0.0107,0.5427,0.3196
cg24685134,0.0193,0.0402,0.0093,0.006,0.012,0.0137,0.0273,0.4206,0.1891
cg04871778,0.0587,0.0775,0.0598,0.0476,0.056,0.0442,0.0523,0.2844,0.1887
cg05261559,0.01,0.0194,0.0258,0.0133,0.0322,0.0108,0.0057,0.0783,0.0547
cg26475688,0.0292,0.0589,0.0536,0.0355,0.0659,0.0298,0.0188,0.1117,0.0977
cg15747933,0.0377,0.0371,0.0356,0.0411,0.0464,0.0436,0.0957,0.0617,0.0698
cg18418335,0.0147,0.0162,0.0186,0.0176,0.015,0.0378,0.0077,0.3349,0.1605
cg12350325,0.0064,0.0067,0.0074,0.004,0.0054,0.0052,0.0032,0.2084,0.2086
cg00848945,0.0028,0.0032,0.0018,0.0045,0.0015,0.005,0.0139,0.1485,0.0979
cg27030141,0.0361,0.0799,0.0839,0.0612,0.0854,0.0361,0.0242,0.033,0.0345
cg17299615,0.0155,0.0192,0.0211,0.0182,0.0272,0.0131,0.0039,0.0159,0.4998
cg11171224,0.0062,0.0069,0.0088,0.0067,0.0096,0.0081,0.0039,0.0011,0.312
cg16779463,0.0396,0.047,0.0483,0.0442,0.0368,0.0487,0.0191,0.0329,0.3357
cg17300544,0.0134,0.016,0.0158,0.0153,0.0126,0.0168,0.0065,0.0076,0.5711
cg19554255,0.0456,0.0574,0.0552,0.0566,0.0496,0.054,0.0532,0.0632,0.3436
cg25789216,0.005,0.0062,0.0076,0.0049,0.0044,0.0052,0.0038,0.0051,0.207
cg15528091,0.0052,0.0086,0.0129,0.0114,0.0136,0.0084,0.0007,0.0002,0.2296
cg07721276,0.0081,0.0135,0.0165,0.0142,0.0158,0.0152,0.0083,0.0058,0.1604
cg03576234,0.0088,0.013,0.0091,0.0063,0.0099,0.0098,0.0103,0.0019,0.2045
cg12182991,0.0278,0.0315,0.0291,0.0272,0.0246,0.026,0.024,0.0328,0.1884
cg03804136,0.0167,0.0197,0.0211,0.0138,0.0197,0.0217,0.0312,0.041,0.4552
cg15044248,0.0269,0.0283,0.0255,0.0243,0.0244,0.0243,0.0078,0.0188,0.4502
cg02884239,0.0722,0.0714,0.0712,0.068,0.0661,0.0671,0.0655,0.077,0.3222
cg25730685,0.0308,0.1282,0.0415,0.037,0.067,0.0269,0.0058,0.0104,0.5746
cg18058994,0.0039,0.003,0.005,0.0034,0.006,0.0051,0.0027,0.002,0.1934
cg14517217,0.0273,0.0347,0.0303,0.0282,0.0308,0.0332,0.0143,0.013,0.4713
cg18104645,0.043,0.0444,0.0447,0.0441,0.0378,0.0469,0.0438,0.0624,0.5344
cg26687120,0.0115,0.0128,0.0138,0.0144,0.0116,0.0112,0.0069,0.0162,0.2169
cg20275528,0.0084,0.0142,0.0109,0.0086,0.0079,0.0129,0.0058,0.0075,0.5355
cg21929771,0.0072,0.0098,0.0099,0.0089,0.0075,0.0102,0.0006,0.0291,0.4667
cg03804136,0.0167,0.0197,0.0211,0.0138,0.0197,0.0217,0.0312,0.041,0.4552
cg15044248,0.0269,0.0283,0.0255,0.0243,0.0244,0.0243,0.0078,0.0188,0.4502
cg02884239,0.0722,0.0714,0.0712,0.068,0.0661,0.0671,0.0655,0.077,0.3222
cg09184502,0.0153,0.0176,0.0196,0.0121,0.0145,0.0172,0.0285,0.0425,0.437
cg14980983,0.0256,0.1155,0.0292,0.0252,0.0467,0.0255,0.0041,0.0021,0.2334
cg13845982,0.0108,0.1281,0.0163,0.0127,0.0318,0.009,0.0122,0.0069,0.1975
cg20265733,0.0094,0.1079,0.0119,0.0064,0.0192,0.0082,0.0061,0.0099,0.268
cg12664464,0.0285,0.1398,0.0477,0.0323,0.0634,0.0271,0.0088,0.0103,0.1993
cg02484469,0.0163,0.1502,0.0191,0.0155,0.0516,0.0104,0.0097,0.0102,0.266
cg01742627,0.0183,0.0217,0.0307,0.027,0.0255,0.0296,0.0301,0.0048,0.3691
cg05127899,0.0701,0.085,0.1042,0.0916,0.0808,0.076,0.0667,0.0597,0.5275
cg20668644,0.0061,0.0067,0.0107,0.0106,0.0132,0.0061,0.0034,0.003,0.5969
cg00532449,0.0272,0.1311,0.0421,0.0296,0.064,0.0172,0.0175,0.024,0.5628
cg27200446,0.0079,0.0165,0.0097,0.0079,0.0126,0.0098,0.0052,0.0048,0.2634
cg08021780,0.0463,0.0598,0.074,0.0479,0.0653,0.057,0.0334,0.0455,0.274
cg07844660,0.0094,0.0147,0.0232,0.0147,0.0181,0.0121,0.0025,0.0054,0.2365
cg10791911,0.0411,0.0471,0.0564,0.053,0.056,0.0424,0.0389,0.0418,0.241
cg01956420,0.0225,0.1901,0.0264,0.0112,0.0746,0.0041,0.0025,0.0029,0.3008
cg17541528,0.0107,0.1178,0.0245,0.0148,0.0412,0.0071,0.0066,0.0081,0.2778
cg15528091,0.0052,0.0086,0.0129,0.0114,0.0136,0.0084,0.0007,0.0002,0.2296
cg07721276,0.0081,0.0135,0.0165,0.0142,0.0158,0.0152,0.0083,0.0058,0.1604
cg01956420,0.0225,0.1901,0.0264,0.0112,0.0746,0.0041,0.0025,0.0029,0.3008
cg17541528,0.0107,0.1178,0.0245,0.0148,0.0412,0.0071,0.0066,0.0081,0.2778
cg06848185,0.0112,0.0201,0.0186,0.0196,0.0248,0.0151,0.0184,0.0169,0.4377
cg23183906,0.0147,0.0146,0.0165,0.0173,0.0119,0.0169,0.0021,0.0068,0.1726
cg15233183,0.0388,0.0374,0.0412,0.039,0.037,0.038,0.0555,0.0702,0.2339
cg14866200,0.0067,0.0102,0.0127,0.0118,0.0153,0.0066,0.0045,0.0081,0.1893
cg16862295,0.0061,0.0092,0.0153,0.0083,0.0168,0.0042,0.005,0.0186,0.1692
cg21523564,0.0087,0.0353,0.032,0.014,0.051,0.0118,0.0114,0.0205,0.584
cg27437806,0.0128,0.0133,0.0132,0.0121,0.0098,0.0122,0.0121,0.0141,0.1854
cg16232979,0.0106,0.0176,0.0161,0.0154,0.0128,0.0195,0.009,0.0125,0.1879
cg27317433,0.0035,0.022,0.0095,0.0183,0.0147,0.0054,0.0054,0.0113,0.482
cg02966153,0.0191,0.0295,0.0266,0.0328,0.0332,0.0224,0.011,0.0075,0.5186
cg04260368,0.0618,0.0849,0.0704,0.0686,0.0785,0.0567,0.0471,0.1202,0.4784
cg26708100,0.0066,0.0079,0.005,0.0047,0.0066,0.0036,0.0053,0.0285,0.3305
cg04473078,0.0112,0.1006,0.0122,0.0135,0.0109,0.0111,0.0041,0.0091,0.1742
cg19872299,0.0337,0.0439,0.0516,0.0426,0.0365,0.0507,0.0194,0.0285,0.2994
cg12783819,0.0177,0.0259,0.0182,0.017,0.0172,0.0222,0.006,0.0122,0.6058
cg01565320,0.0084,0.0137,0.0202,0.013,0.0212,0.0101,0.0079,0.0059,0.1957
cg14866200,0.0067,0.0102,0.0127,0.0118,0.0153,0.0066,0.0045,0.0081,0.1893
cg23684249,0.0315,0.0495,0.0723,0.0574,0.0794,0.0326,0.0226,0.0279,0.2394
cg14517217,0.0273,0.0347,0.0303,0.0282,0.0308,0.0332,0.0143,0.013,0.4713
cg18104645,0.043,0.0444,0.0447,0.0441,0.0378,0.0469,0.0438,0.0624,0.5344
cg26802289,0.0047,0.0913,0.0138,0.0038,0.0444,0.0044,0.0025,0.0096,0.1628
cg22674699,0.0204,0.2317,0.0212,0.0108,0.0492,0.007,0.0098,0.0059,0.6444
cg13687825,0.0364,0.0752,0.095,0.0046,0.0045,0.004,0.0134,0.0083,0.1395
cg11991516,0.0335,0.0255,0.03,0.0277,0.028,0.0381,0.0171,0.0835,0.4516
cg14980983,0.0256,0.1155,0.0292,0.0252,0.0467,0.0255,0.0041,0.0021,0.2334
cg13845982,0.0108,0.1281,0.0163,0.0127,0.0318,0.009,0.0122,0.0069,0.1975
cg20265733,0.0094,0.1079,0.0119,0.0064,0.0192,0.0082,0.0061,0.0099,0.268
cg12664464,0.0285,0.1398,0.0477,0.0323,0.0634,0.0271,0.0088,0.0103,0.1993
cg02484469,0.0163,0.1502,0.0191,0.0155,0.0516,0.0104,0.0097,0.0102,0.266
cg01565320,0.0084,0.0137,0.0202,0.013,0.0212,0.0101,0.0079,0.0059,0.1957
cg14866200,0.0067,0.0102,0.0127,0.0118,0.0153,0.0066,0.0045,0.0081,0.1893
cg16862295,0.0061,0.0092,0.0153,0.0083,0.0168,0.0042,0.005,0.0186,0.1692
cg23684249,0.0315,0.0495,0.0723,0.0574,0.0794,0.0326,0.0226,0.0279,0.2394
cg27317433,0.0035,0.022,0.0095,0.0183,0.0147,0.0054,0.0054,0.0113,0.482
cg02966153,0.0191,0.0295,0.0266,0.0328,0.0332,0.0224,0.011,0.0075,0.5186
cg04260368,0.0618,0.0849,0.0704,0.0686,0.0785,0.0567,0.0471,0.1202,0.4784
cg15014826,0.042,0.0357,0.0437,0.0415,0.0486,0.0402,0.0251,0.0423,0.35
cg00675569,0.012,0.012,0.014,0.008,0.017,0.0109,0.0115,0.0117,0.4982
cg13544006,0.0525,0.058,0.062,0.0468,0.0717,0.0485,0.0266,0.0648,0.521
cg03902160,0.0084,0.0129,0.0099,0.0083,0.0089,0.0129,0.0238,0.0214,0.2155
cg06653045,0.0171,0.0681,0.0278,0.0234,0.0806,0.0146,0.0008,0.0044,0.1786
cg09684381,0.1021,0.1025,0.1061,0.0913,0.1007,0.0946,0.0352,0.0694,0.2536
cg15264752,0.0455,0.04,0.0456,0.0404,0.0443,0.0473,0.0306,0.0374,0.3644
cg14980983,0.0256,0.1155,0.0292,0.0252,0.0467,0.0255,0.0041,0.0021,0.2334
cg13845982,0.0108,0.1281,0.0163,0.0127,0.0318,0.009,0.0122,0.0069,0.1975
cg20265733,0.0094,0.1079,0.0119,0.0064,0.0192,0.0082,0.0061,0.0099,0.268
cg12664464,0.0285,0.1398,0.0477,0.0323,0.0634,0.0271,0.0088,0.0103,0.1993
cg02484469,0.0163,0.1502,0.0191,0.0155,0.0516,0.0104,0.0097,0.0102,0.266
cg19221841,0.0032,0.0076,0.0064,0.0048,0.0047,0.0056,0.004,0.0121,0.2427
cg16779463,0.0396,0.047,0.0483,0.0442,0.0368,0.0487,0.0191,0.0329,0.3357
cg17300544,0.0134,0.016,0.0158,0.0153,0.0126,0.0168,0.0065,0.0076,0.5711
cg19554255,0.0456,0.0574,0.0552,0.0566,0.0496,0.054,0.0532,0.0632,0.3436
cg08782337,0.014,0.1106,0.0296,0.0174,0.0635,0.011,0.0105,0.0099,0.2168
cg16839083,0.0734,0.1663,0.0952,0.0774,0.1098,0.0594,0.0374,0.0655,0.2379
cg01357429,0.0122,0.0572,0.0246,0.016,0.0319,0.0137,0.0064,0.0128,0.5161
cg19057986,0.0528,0.1295,0.0738,0.0572,0.088,0.0479,0.0291,0.026,0.3318
cg09000583,0.0095,0.0412,0.0097,0.0079,0.0132,0.007,0.0033,0.0076,0.3752
cg22964918,0.0068,0.015,0.0096,0.008,0.0106,0.0091,0.0087,0.0471,0.502
cg04933208,0.0071,0.0177,0.0071,0.0073,0.0068,0.0047,0.0029,0.0129,0.5717
cg26884027,0.021,0.0476,0.0247,0.0192,0.024,0.0203,0.0122,0.0442,0.6315
cg20999084,0.041,0.0366,0.0408,0.0513,0.0436,0.0389,0.0236,0.0421,0.4012
cg26970841,0.0181,0.0149,0.0167,0.0131,0.0149,0.0336,0.0157,0.0098,0.2328
cg03978375,0.019,0.0203,0.0212,0.0179,0.019,0.0202,0.0079,0.0066,0.196
cg12034187,0.0047,0.0029,0.004,0.0064,0.0063,0.003,0.0126,0.0,0.1501
cg10755973,0.006,0.1178,0.0078,0.0043,0.032,0.003,0.0007,0.0,0.1383
cg04194494,0.0104,0.0162,0.0165,0.0133,0.0137,0.0142,0.0231,0.0305,0.5159
cg14980983,0.0256,0.1155,0.0292,0.0252,0.0467,0.0255,0.0041,0.0021,0.2334
cg13845982,0.0108,0.1281,0.0163,0.0127,0.0318,0.009,0.0122,0.0069,0.1975
cg20265733,0.0094,0.1079,0.0119,0.0064,0.0192,0.0082,0.0061,0.0099,0.268
cg12664464,0.0285,0.1398,0.0477,0.0323,0.0634,0.0271,0.0088,0.0103,0.1993
cg02484469,0.0163,0.1502,0.0191,0.0155,0.0516,0.0104,0.0097,0.0102,0.266
cg20540209,0.0137,0.032,0.0394,0.0188,0.0719,0.0128,0.0074,0.0026,0.4214
cg00459623,0.0106,0.0763,0.02,0.0096,0.0352,0.0183,0.0098,0.0327,0.5834
cg23291301,0.0085,0.0792,0.0097,0.008,0.014,0.0024,0.0135,0.0134,0.2052
cg05039004,0.0025,0.0103,0.0079,0.0057,0.007,0.0028,0.0041,0.0039,0.5415
cg00129651,0.0116,0.0201,0.0269,0.0319,0.0461,0.015,0.0099,0.0228,0.5364
cg11067736,0.0461,0.0897,0.0926,0.0137,0.0106,0.0113,0.019,0.0033,0.1481
cg26970841,0.0181,0.0149,0.0167,0.0131,0.0149,0.0336,0.0157,0.0098,0.2328
cg03978375,0.019,0.0203,0.0212,0.0179,0.019,0.0202,0.0079,0.0066,0.196
cg00116234,0.0602,0.0961,0.0834,0.0548,0.0854,0.064,0.0469,0.0463,0.4797
cg18096253,0.0249,0.033,0.0329,0.0335,0.0344,0.0301,0.0162,0.0277,0.1913
cg08848958,0.0468,0.0697,0.0835,0.0538,0.0746,0.0524,0.0244,0.0764,0.4753
cg04817996,0.154,0.1741,0.1769,0.1622,0.1902,0.1497,0.1351,0.2063,0.4733
cg16642284,0.0254,0.1607,0.0743,0.0271,0.0944,0.0243,0.039,0.0245,0.5949
cg09734791,0.0028,0.0036,0.0079,0.0041,0.0044,0.0046,0.0044,0.0065,0.1298
cg11416384,0.0166,0.159,0.0283,0.0141,0.0697,0.0111,0.0004,0.0004,0.1868
cg01873886,0.1407,0.254,0.1216,0.1094,0.1272,0.1163,0.057,0.0246,0.4827
cg21229268,0.027,0.1835,0.0715,0.0346,0.1308,0.0247,0.0034,0.021,0.143
cg20340508,0.0164,0.0972,0.019,0.0122,0.027,0.01,0.0061,0.0157,0.1745
cg07724977,0.0144,0.02,0.0213,0.0215,0.0238,0.0165,0.0084,0.1075,0.1546
cg05014211,0.0468,0.0313,0.0597,0.0242,0.0641,0.0325,0.0209,0.0234,0.2201
cg22298430,0.0046,0.0055,0.0309,0.0072,0.0073,0.0069,0.0059,0.3944,0.3619
cg27230784,0.0085,0.0101,0.0219,0.0072,0.0088,0.0137,0.0037,0.4626,0.4291
cg27067425,0.0375,0.0453,0.0472,0.0466,0.0442,0.0452,0.0363,0.0446,0.3484
cg15057061,0.0246,0.0864,0.0571,0.0332,0.0895,0.0319,0.0116,0.0111,0.3633
cg01278596,0.0105,0.0161,0.0156,0.0156,0.014,0.0146,0.0118,0.3299,0.5253
cg12040830,0.0114,0.1106,0.0247,0.0131,0.0477,0.0111,0.0081,0.0025,0.1891
cg12861034,0.0372,0.0417,0.0508,0.0435,0.0463,0.0374,0.0295,0.0496,0.5557
cg09053680,0.0122,0.1098,0.0171,0.0133,0.0673,0.006,0.0038,0.0048,0.2462
cg04581327,0.0364,0.0272,0.0354,0.0327,0.0644,0.0287,0.0241,0.0322,0.2954
cg18045859,0.0171,0.1376,0.0272,0.0162,0.0479,0.0194,0.0078,0.005,0.158
cg25539045,0.025,0.1926,0.0758,0.0394,0.1139,0.0212,0.0109,0.0105,0.5358
cg04617948,0.0664,0.2111,0.1543,0.0749,0.2001,0.0622,0.0419,0.0613,0.328
cg16831085,0.009,0.0121,0.013,0.0085,0.0246,0.0082,0.0126,0.0227,0.5045
cg10069493,0.0774,0.0781,0.0939,0.085,0.086,0.0878,0.0402,0.0314,0.6532
cg11183632,0.0151,0.1446,0.0136,0.007,0.0366,0.0035,0.0012,0.0019,0.1357
cg22298430,0.0046,0.0055,0.0309,0.0072,0.0073,0.0069,0.0059,0.3944,0.3619
cg27230784,0.0085,0.0101,0.0219,0.0072,0.0088,0.0137,0.0037,0.4626,0.4291
cg02712075,0.0073,0.0106,0.0071,0.0082,0.0059,0.0047,0.0117,0.0095,0.2309
cg10153335,0.0322,0.0349,0.0384,0.0348,0.034,0.0294,0.0004,0.0086,0.4052
cg11155697,0.0178,0.0274,0.026,0.0212,0.0248,0.0179,0.0121,0.023,0.2674
cg06384413,0.1251,0.1224,0.1226,0.1084,0.1278,0.128,0.0396,0.0423,0.1905
cg10970776,0.0432,0.0397,0.0429,0.035,0.034,0.0396,0.0276,0.0414,0.2735
cg25927164,0.0406,0.0456,0.0674,0.0448,0.079,0.0447,0.0197,0.0333,0.2441
cg19480724,0.0393,0.0786,0.05,0.0335,0.0416,0.0352,0.0296,0.018,0.5935
cg10177032,0.0064,0.0267,0.1474,0.0194,0.2008,0.0071,0.0052,0.024,0.4105
cg01352090,0.052,0.1279,0.4453,0.166,0.4702,0.0628,0.0982,0.2515,0.4899
cg16732616,0.0086,0.0922,0.0089,0.0083,0.0178,0.0041,0.0078,0.0,0.2752
cg03901886,0.003,0.007,0.0075,0.0038,0.0024,0.0041,0.0022,0.0065,0.0057
cg18943693,0.003,0.0026,0.0025,0.0033,0.0033,0.0024,0.0082,0.002,0.0032
cg24743778,0.0337,0.0886,0.0536,0.0315,0.0638,0.0322,0.0084,0.0242,0.0135
cg18844301,0.0926,0.1226,0.1056,0.0913,0.1098,0.0945,0.0497,0.1008,0.0556
cg17610929,0.0042,0.0195,0.0104,0.0058,0.0085,0.0048,0.0078,0.0086,0.0046
cg10515731,0.0051,0.0126,0.009,0.0081,0.0081,0.0083,0.0061,0.0078,0.0023
cg19210770,0.0199,0.1226,0.0352,0.0179,0.0717,0.0097,0.0212,0.0616,0.0588
cg27175288,0.0099,0.0127,0.0176,0.0167,0.0133,0.0124,0.0069,0.0188,0.0136
cg05190577,0.0946,0.1014,0.1059,0.094,0.0921,0.096,0.0451,0.0818,0.0652
cg07402729,0.0298,0.0437,0.0569,0.0341,0.0499,0.0337,0.0157,0.0344,0.0548
cg06282270,0.0073,0.0089,0.0072,0.0083,0.0087,0.0044,0.0025,0.0039,0.0062
cg01751134,0.0084,0.0207,0.0054,0.0068,0.008,0.0102,0.0029,0.0056,0.0084
cg00467244,0.0035,0.0031,0.0034,0.0078,0.0039,0.0055,0.0114,0.0566,0.0014
cg18844301,0.0926,0.1226,0.1056,0.0913,0.1098,0.0945,0.0497,0.1008,0.0556
cg17610929,0.0042,0.0195,0.0104,0.0058,0.0085,0.0048,0.0078,0.0086,0.0046
cg10515731,0.0051,0.0126,0.009,0.0081,0.0081,0.0083,0.0061,0.0078,0.0023
cg04066019,0.0086,0.0069,0.0112,0.0135,0.0049,0.0066,0.0076,0.011,0.0035
cg00498591,0.0043,0.0154,0.0168,0.0074,0.0188,0.0083,0.0045,0.0094,0.0077
cg20265661,0.0116,0.0449,0.027,0.0207,0.0323,0.0166,0.0072,0.0101,0.0109
cg01850449,0.0822,0.1165,0.0973,0.0755,0.1195,0.0685,0.0649,0.0761,0.084
cg09622982,0.0765,0.1116,0.0993,0.0752,0.1204,0.0586,0.0603,0.0771,0.0755
cg08763705,0.0087,0.0175,0.021,0.0133,0.0301,0.0107,0.0056,0.0052,0.0067
cg26365854,0.0093,0.043,0.0158,0.0096,0.0302,0.0059,0.011,0.0088,0.0086
cg14564616,0.0034,0.0298,0.0122,0.006,0.0142,0.0039,0.0034,0.0043,0.0517
cg09352372,0.0143,0.0214,0.0198,0.0131,0.0144,0.0138,0.0095,0.0269,0.0092
cg23884187,0.0115,0.0161,0.0204,0.0144,0.0158,0.0157,0.011,0.0099,0.0187
cg27031435,0.004,0.0352,0.0125,0.0061,0.0254,0.004,0.0144,0.0062,0.0334
cg11926610,0.0861,0.2114,0.1792,0.1047,0.233,0.0781,0.051,0.1074,0.1271
cg20276377,0.0077,0.0112,0.0251,0.0176,0.1063,0.0084,0.0063,0.0034,0.0106
cg22092811,0.0056,0.0091,0.0307,0.0159,0.1224,0.007,0.0034,0.0053,0.0118
cg16600991,0.0052,0.0131,0.0097,0.008,0.0122,0.0069,0.0047,0.0027,0.084
cg19305111,0.002,0.0008,0.003,0.0036,0.0025,0.0022,0.0004,0.0952,0.0292
cg09541379,0.0388,0.0398,0.064,0.0428,0.048,0.0465,0.0181,0.0223,0.0292
cg14159304,0.0101,0.0053,0.0248,0.0071,0.0133,0.0133,0.0035,0.0122,0.0128
cg26022183,0.0052,0.0132,0.0043,0.0029,0.0044,0.0029,0.0042,0.0126,0.0012
cg24743778,0.0337,0.0886,0.0536,0.0315,0.0638,0.0322,0.0084,0.0242,0.0135
cg17610929,0.0042,0.0195,0.0104,0.0058,0.0085,0.0048,0.0078,0.0086,0.0046
cg19210770,0.0199,0.1226,0.0352,0.0179,0.0717,0.0097,0.0212,0.0616,0.0588
cg06085877,0.0185,0.0647,0.0338,0.0197,0.0519,0.0183,0.0072,0.0651,0.0274
cg11417653,0.0036,0.0018,0.0033,0.0058,0.0042,0.0037,0.0022,0.0025,0.0012
cg18856388,0.0174,0.0759,0.0306,0.0171,0.0494,0.0181,0.0133,0.0203,0.0349
cg20489026,0.0084,0.0252,0.0112,0.0085,0.0262,0.0094,0.0014,0.0142,0.016
cg15580417,0.0219,0.0757,0.0386,0.0164,0.0917,0.0148,0.0003,0.1359,0.1758
cg16642284,0.0254,0.1607,0.0743,0.0271,0.0944,0.0243,0.039,0.0245,0.5949
cg11424456,0.0074,0.0098,0.0089,0.0095,0.0107,0.0075,0.0026,0.0061,0.006
cg07035145,0.0018,0.0072,0.0066,0.0016,0.0092,0.0027,0.0024,0.0,0.0025
cg08641866,0.0028,0.0073,0.004,0.002,0.0066,0.0032,0.0009,0.0032,0.0099
cg02869459,0.0104,0.075,0.0127,0.0106,0.019,0.0065,0.005,0.0067,0.0141
cg23533254,0.0052,0.0047,0.0053,0.0039,0.0033,0.0012,0.0118,0.0142,0.0009
cg00859352,0.0254,0.0295,0.0213,0.0204,0.0216,0.0196,0.0225,0.0582,0.0243
cg19520927,0.0198,0.0544,0.0298,0.0292,0.0282,0.0268,0.0056,0.1724,0.0074
cg21327694,0.0094,0.0909,0.019,0.0102,0.0522,0.0039,0.0061,0.0174,0.0419
cg09968723,0.011,0.0548,0.033,0.0126,0.0283,0.0074,0.005,0.016,0.0725
cg00616243,0.0227,0.03,0.0616,0.0304,0.0818,0.0204,0.0221,0.0373,0.0398
cg20483324,0.0141,0.0916,0.0398,0.0185,0.0948,0.0126,0.0041,0.0257,0.0424
cg07312701,0.0748,0.1384,0.1192,0.0956,0.1715,0.0662,0.0555,0.0847,0.1582
cg01755562,0.0071,0.0317,0.028,0.0154,0.0505,0.0093,0.0022,0.0055,0.0434
cg23273694,0.0109,0.0548,0.0352,0.0192,0.0377,0.0075,0.0117,0.0501,0.0495
cg05551889,0.0779,0.1636,0.1398,0.1125,0.1547,0.0871,0.0479,0.046,0.0497
cg08000684,0.036,0.065,0.0844,0.0459,0.1016,0.0356,0.0231,0.0238,0.1339
cg08068820,0.0403,0.0766,0.0994,0.0552,0.1396,0.0424,0.0245,0.0065,0.1436
cg14913644,0.0564,0.0884,0.0894,0.0638,0.1044,0.0614,0.0173,0.0178,0.0736
cg20643952,0.0242,0.0651,0.0416,0.0353,0.0511,0.0362,0.0164,0.0146,0.1367
cg21837192,0.0704,0.11,0.0982,0.0814,0.1246,0.08,0.0297,0.0417,0.2247
cg25576011,0.0136,0.1172,0.0321,0.0106,0.0726,0.0048,0.0089,0.0478,0.261
cg19352193,0.0164,0.0543,0.0288,0.0177,0.028,0.0183,0.0103,0.0158,0.0153
cg19430577,0.0114,0.0677,0.0362,0.0185,0.0551,0.0137,0.0059,0.0152,0.0264
cg12833207,0.0133,0.1,0.039,0.0189,0.0543,0.0124,0.0058,0.0117,0.0278
cg19430577,0.0114,0.0677,0.0362,0.0185,0.0551,0.0137,0.0059,0.0152,0.0264
cg12833207,0.0133,0.1,0.039,0.0189,0.0543,0.0124,0.0058,0.0117,0.0278
cg08388041,0.0072,0.0326,0.0151,0.0068,0.0193,0.0043,0.0036,0.01,0.019
cg02433671,0.0257,0.0584,0.0728,0.0374,0.091,0.0297,0.0195,0.0216,0.1046
cg02870584,0.0053,0.0088,0.043,0.0073,0.0132,0.0049,0.0095,0.0317,0.013
cg11766552,0.0124,0.0177,0.0559,0.0124,0.0234,0.0125,0.0191,0.0514,0.0509
cg07016276,0.0182,0.0252,0.0033,0.0033,0.0029,0.0142,0.006,0.0023,0.0069
cg26751972,0.0816,0.0881,0.0497,0.0498,0.0339,0.0976,0.025,0.0103,0.0067
cg20927242,0.0349,0.0288,0.0048,0.0058,0.0042,0.0271,0.0383,0.0157,0.0254
cg09296453,0.28,0.2595,0.0428,0.0522,0.052,0.2629,0.2023,0.1545,0.1761
cg14024788,0.0533,0.0555,0.0683,0.0583,0.081,0.0562,0.0461,0.0539,0.0822
cg15262242,0.0116,0.0186,0.0136,0.0102,0.0106,0.019,0.0045,0.0048,0.0616
cg08000684,0.036,0.065,0.0844,0.0459,0.1016,0.0356,0.0231,0.0238,0.1339
cg08068820,0.0403,0.0766,0.0994,0.0552,0.1396,0.0424,0.0245,0.0065,0.1436
cg14913644,0.0564,0.0884,0.0894,0.0638,0.1044,0.0614,0.0173,0.0178,0.0736
cg12046414,0.0369,0.0494,0.0434,0.0377,0.0415,0.0392,0.0174,0.0517,0.0287
cg26228266,0.0029,0.012,0.0072,0.006,0.0059,0.0024,0.0153,0.0182,0.0181
cg20817902,0.0202,0.0215,0.0237,0.0202,0.0181,0.0183,0.0088,0.0477,0.0143
cg27622506,0.0064,0.0141,0.0264,0.0202,0.0508,0.0126,0.0017,0.0211,0.0392
cg21303011,0.0229,0.0234,0.0448,0.0346,0.0892,0.033,0.0233,0.0452,0.0819
cg00323305,0.0066,0.011,0.0219,0.0117,0.0494,0.01,0.0024,0.0138,0.0472
cg22054918,0.0102,0.013,0.0085,0.0133,0.0089,0.011,0.0097,0.021,0.015
cg10927841,0.002,0.0052,0.0046,0.0027,0.0039,0.0027,0.0011,0.068,0.0188
cg12634932,0.0165,0.0682,0.0483,0.014,0.0386,0.0141,0.0048,0.0084,0.0666
cg10864145,0.0133,0.0558,0.034,0.009,0.0254,0.0091,0.0016,0.0037,0.0481
cg16549308,0.0156,0.0959,0.0473,0.0233,0.079,0.0141,0.0079,0.006,0.0212
cg07157830,0.0391,0.2028,0.1406,0.0653,0.1956,0.0405,0.0363,0.1018,0.0594
cg04837025,0.0228,0.1607,0.0983,0.0348,0.1416,0.0208,0.0144,0.0017,0.0315
cg06288696,0.0208,0.1117,0.0396,0.0249,0.0328,0.0157,0.008,0.2139,0.1032
cg02512352,0.0164,0.097,0.0398,0.0203,0.0337,0.0127,0.0125,0.0916,0.0615
cg10308906,0.0077,0.0156,0.0153,0.0088,0.0127,0.0068,0.0055,0.0034,0.0275
cg18958844,0.0211,0.031,0.0418,0.0265,0.046,0.0221,0.0119,0.0184,0.0159
cg21470387,0.0606,0.0732,0.1059,0.0565,0.1294,0.0514,0.0129,0.0166,0.0359
cg18780217,0.0955,0.1041,0.1308,0.1004,0.1418,0.0942,0.07,0.0953,0.0722
cg24525457,0.0062,0.0059,0.0076,0.0084,0.0115,0.0065,0.001,0.1392,0.006
cg07906520,0.0204,0.0207,0.0292,0.0215,0.0251,0.0244,0.0292,0.0252,0.0375
cg25378916,0.0871,0.0916,0.1121,0.0804,0.1364,0.0722,0.0538,0.0496,0.1309
cg06654549,0.0669,0.0616,0.1088,0.0627,0.1255,0.0606,0.0414,0.0528,0.0836
cg23324048,0.0327,0.0258,0.0315,0.031,0.0388,0.0257,0.0117,0.041,0.0292
cg17629929,0.0584,0.1099,0.1524,0.0621,0.1976,0.0504,0.0134,0.0051,0.1151
cg21227610,0.0334,0.0634,0.0524,0.0357,0.0465,0.0406,0.0172,0.0265,0.0157
cg08000684,0.036,0.065,0.0844,0.0459,0.1016,0.0356,0.0231,0.0238,0.1339
cg08068820,0.0403,0.0766,0.0994,0.0552,0.1396,0.0424,0.0245,0.0065,0.1436
cg14913644,0.0564,0.0884,0.0894,0.0638,0.1044,0.0614,0.0173,0.0178,0.0736
cg15732851,0.0346,0.0428,0.0353,0.0355,0.0312,0.0364,0.0318,0.0249,0.0091
cg21148362,0.0178,0.046,0.0207,0.0134,0.0472,0.0088,0.0245,0.0009,0.0124
cg25660390,0.0365,0.0492,0.0788,0.0403,0.0698,0.0437,0.0171,0.0255,0.0932
cg20281962,0.0354,0.092,0.1052,0.0415,0.1404,0.0333,0.0234,0.0186,0.0294
cg18349911,0.0174,0.0479,0.0262,0.015,0.0313,0.0138,0.0061,0.0291,0.0491
cg03599978,0.0342,0.0301,0.0413,0.0259,0.046,0.0126,0.0132,0.1241,0.0858
cg26682664,0.0793,0.0814,0.0925,0.077,0.1023,0.0692,0.0522,0.1146,0.1025
cg07402729,0.0298,0.0437,0.0569,0.0341,0.0499,0.0337,0.0157,0.0344,0.0548
cg06282270,0.0073,0.0089,0.0072,0.0083,0.0087,0.0044,0.0025,0.0039,0.0062
cg19148440,0.0075,0.0403,0.02,0.0472,0.1037,0.0068,0.0062,0.0085,0.096
cg16549308,0.0156,0.0959,0.0473,0.0233,0.079,0.0141,0.0079,0.006,0.0212
cg07157830,0.0391,0.2028,0.1406,0.0653,0.1956,0.0405,0.0363,0.1018,0.0594
cg04837025,0.0228,0.1607,0.0983,0.0348,0.1416,0.0208,0.0144,0.0017,0.0315
cg25539045,0.025,0.1926,0.0758,0.0394,0.1139,0.0212,0.0109,0.0105,0.5358
cg04617948,0.0664,0.2111,0.1543,0.0749,0.2001,0.0622,0.0419,0.0613,0.328
cg18540674,0.0884,0.0794,0.0748,0.0619,0.0686,0.0591,0.0443,0.1736,0.0821
cg15012484,0.0102,0.0654,0.0433,0.0145,0.0668,0.0103,0.0029,0.0118,0.0419
cg27140058,0.0132,0.0139,0.0726,0.0234,0.1032,0.0169,0.0298,0.0978,0.137
cg23816347,0.0426,0.1414,0.0694,0.052,0.0789,0.0519,0.0154,0.0129,0.0201
cg11229862,0.0649,0.2168,0.1238,0.0623,0.1536,0.0673,0.0284,0.021,0.1049
cg01815671,0.0475,0.2525,0.1108,0.0554,0.1541,0.0414,0.0174,0.0243,0.0322
cg09686443,0.041,0.2126,0.0941,0.0419,0.1307,0.0379,0.0111,0.0163,0.0533
cg14100888,0.0675,0.1031,0.0778,0.0716,0.0802,0.0624,0.0538,0.0675,0.1354
cg05224741,0.01,0.0417,0.0203,0.0113,0.0324,0.0099,0.0184,0.0044,0.2191
cg06862374,0.0014,0.0036,0.0038,0.0055,0.0054,0.0047,0.0058,0.02,0.5474
cg23060646,0.0237,0.0522,0.0414,0.0315,0.0617,0.0256,0.0138,0.0137,0.03
cg23350106,0.0249,0.0404,0.0375,0.0469,0.0686,0.0266,0.011,0.0096,0.0235
cg07200280,0.0334,0.0324,0.033,0.0328,0.0277,0.0295,0.0192,0.0288,0.0347
cg18674643,0.1184,0.1826,0.1748,0.124,0.1915,0.0926,0.0667,0.1747,0.231
cg22366088,0.015,0.0459,0.0366,0.0161,0.0399,0.0153,0.0162,0.0591,0.0238
cg23516463,0.0138,0.0784,0.025,0.0105,0.048,0.0112,0.01,0.0058,0.0163
cg17721249,0.0041,0.0101,0.0075,0.0061,0.0086,0.0062,0.0144,0.0015,0.0122
cg26253438,0.0043,0.0392,0.0051,0.0018,0.005,0.0036,0.0004,0.0046,0.0059
cg04148762,0.0332,0.0438,0.0326,0.0335,0.0335,0.0328,0.0263,0.0424,0.0332
cg17754510,0.008,0.0393,0.0261,0.0112,0.0441,0.0076,0.0122,0.0043,0.2266
cg25378916,0.0871,0.0916,0.1121,0.0804,0.1364,0.0722,0.0538,0.0496,0.1309
cg06654549,0.0669,0.0616,0.1088,0.0627,0.1255,0.0606,0.0414,0.0528,0.0836
cg24743778,0.0337,0.0886,0.0536,0.0315,0.0638,0.0322,0.0084,0.0242,0.0135
cg17610929,0.0042,0.0195,0.0104,0.0058,0.0085,0.0048,0.0078,0.0086,0.0046
cg19210770,0.0199,0.1226,0.0352,0.0179,0.0717,0.0097,0.0212,0.0616,0.0588
cg23085343,0.0044,0.0062,0.0074,0.0061,0.0052,0.007,0.0025,0.0793,0.0682
cg18494399,0.0103,0.0144,0.0143,0.0111,0.0251,0.0083,0.0026,0.0152,0.0524
cg16909962,0.007,0.0209,0.0211,0.0055,0.016,0.0067,0.0069,0.0319,0.0893
cg03301331,0.1259,0.1495,0.1084,0.0855,0.0977,0.1243,0.0945,0.1913,0.167
cg09850632,0.1144,0.1344,0.1307,0.1176,0.098,0.1276,0.0873,0.0891,0.104
cg16354091,0.0186,0.0207,0.0712,0.0208,0.0985,0.0223,0.0116,0.011,0.0618
cg21163960,0.0139,0.016,0.0151,0.011,0.0169,0.0186,0.0183,0.0159,0.1436
cg08734600,0.0114,0.0596,0.0198,0.0141,0.0254,0.0066,0.0149,0.0154,0.1856
cg05224741,0.01,0.0417,0.0203,0.0113,0.0324,0.0099,0.0184,0.0044,0.2191
cg07211212,0.0196,0.0562,0.0309,0.0151,0.0373,0.0184,0.016,0.0142,0.146
cg16578537,0.0154,0.0196,0.019,0.0229,0.0204,0.0297,0.0204,0.0184,0.0108
cg11862731,0.0326,0.0379,0.038,0.0347,0.0362,0.038,0.03,0.0396,0.0372
cg08932440,0.0148,0.0498,0.0245,0.0194,0.0306,0.0132,0.0087,0.0121,0.0469
cg11740099,0.0098,0.0115,0.0142,0.0087,0.0111,0.0094,0.0092,0.0642,0.1597
cg09350341,0.0138,0.1004,0.0426,0.0172,0.0654,0.0127,0.0085,0.0099,0.0161
cg17754510,0.008,0.0393,0.0261,0.0112,0.0441,0.0076,0.0122,0.0043,0.2266
cg26532826,0.0931,0.111,0.1161,0.1082,0.182,0.0925,0.1218,0.1093,0.1162
cg11875119,0.0292,0.0624,0.0673,0.0608,0.1731,0.0317,0.0267,0.0404,0.0386
cg24336989,0.0176,0.0355,0.0234,0.018,0.0307,0.0225,0.0378,0.0179,0.1963
cg11536474,0.019,0.1171,0.0516,0.025,0.0887,0.0148,0.0115,0.0137,0.1665
cg19082708,0.007,0.035,0.0152,0.0069,0.0234,0.0062,0.0045,0.0209,0.0285
cg18943957,0.0258,0.2039,0.0955,0.0405,0.126,0.0389,0.017,0.0278,0.0327
cg08886651,0.0127,0.0193,0.0183,0.0109,0.019,0.0125,0.0042,0.021,0.0265
cg02458945,0.0023,0.0597,0.0198,0.0025,0.0371,0.0029,0.0033,0.0,0.0169
cg26332740,0.0156,0.0583,0.0295,0.0231,0.0552,0.0146,0.0226,0.0059,0.1144
cg17318529,0.1024,0.1443,0.1075,0.098,0.1114,0.0973,0.0817,0.0872,0.1798
cg17949727,0.0078,0.0205,0.2305,0.0168,0.1967,0.0102,0.0137,0.0327,0.3519
cg10784030,0.0548,0.0651,0.1968,0.058,0.1939,0.0593,0.0467,0.0625,0.3059
cg05749969,0.0617,0.0821,0.3869,0.0764,0.3421,0.0666,0.0437,0.076,0.4074
cg13875012,0.0149,0.0224,0.0211,0.0158,0.0131,0.0156,0.0116,0.0368,0.1347
cg20361154,0.014,0.0189,0.0184,0.0145,0.0211,0.018,0.0064,0.0182,0.1535
cg03053875,0.0238,0.0245,0.0217,0.0137,0.022,0.018,0.0156,0.0239,0.0816
cg19351026,0.0273,0.0496,0.0474,0.0343,0.0587,0.025,0.0149,0.0315,0.1204
cg06862374,0.0014,0.0036,0.0038,0.0055,0.0054,0.0047,0.0058,0.02,0.5474
cg16578537,0.0154,0.0196,0.019,0.0229,0.0204,0.0297,0.0204,0.0184,0.0108
cg11862731,0.0326,0.0379,0.038,0.0347,0.0362,0.038,0.03,0.0396,0.0372
cg09107912,0.03,0.049,0.0393,0.0292,0.0489,0.0317,0.0272,0.0144,0.0305
cg09602288,0.0936,0.2108,0.1732,0.1203,0.2304,0.095,0.0412,0.0608,0.4122
cg20168806,0.0148,0.0457,0.0272,0.0202,0.0565,0.0087,0.0139,0.0246,0.1854
cg21472506,0.008,0.0204,0.0161,0.0114,0.0222,0.0104,0.0094,0.0361,0.0699
cg07938743,0.1492,0.2176,0.1774,0.1434,0.2388,0.1434,0.0966,0.368,0.406
cg19607165,0.0975,0.1217,0.1118,0.1068,0.1114,0.107,0.0838,0.1419,0.2245
cg24452128,0.0295,0.1014,0.0552,0.0299,0.0941,0.0302,0.0061,0.0123,0.2025
cg22656956,0.0381,0.0576,0.1634,0.0556,0.162,0.0386,0.0302,0.053,0.1606
cg10512745,0.0122,0.0461,0.0261,0.0136,0.0333,0.0086,0.0153,0.0087,0.1094
cg07852402,0.0447,0.0699,0.0489,0.0386,0.0484,0.0363,0.0329,0.0402,0.0427
cg08258650,0.0485,0.0499,0.0553,0.0408,0.0644,0.0412,0.0223,0.0836,0.1749
cg10159951,0.0393,0.0439,0.0531,0.0336,0.0624,0.0353,0.0265,0.0658,0.2031
cg05482942,0.0316,0.0759,0.0673,0.0295,0.0863,0.0285,0.0191,0.0473,0.0477
cg14383658,0.1014,0.1509,0.1519,0.1056,0.1609,0.1087,0.1059,0.1813,0.2395
cg13990351,0.0291,0.0489,0.0433,0.0201,0.0454,0.0243,0.0104,0.0375,0.0349
cg01129004,0.0315,0.0502,0.0471,0.0331,0.0483,0.0346,0.0274,0.0409,0.0704
cg20691722,0.0348,0.0485,0.044,0.038,0.0534,0.0318,0.0281,0.0529,0.0894
cg20452230,0.0446,0.0532,0.179,0.0598,0.1953,0.0486,0.0805,0.0855,0.1765
cg25622366,0.0038,0.0161,0.0062,0.007,0.0118,0.0029,0.0071,0.0434,0.1261
cg02111168,0.0476,0.0567,0.0603,0.0447,0.0795,0.0476,0.0524,0.0549,0.0663
cg26843324,0.0195,0.0577,0.0282,0.0206,0.0325,0.0186,0.0211,0.0274,0.05
cg22061831,0.0223,0.143,0.0299,0.0152,0.0406,0.0127,0.0034,0.0098,0.0735
cg00731785,0.0308,0.0108,0.0183,0.012,0.0208,0.0115,0.0022,0.0096,0.0039
cg25383503,0.0349,0.0479,0.0457,0.0406,0.0471,0.0421,0.0263,0.0187,0.046
cg13100965,0.0191,0.0923,0.0791,0.03,0.0988,0.0161,0.0068,0.0163,0.0453
cg20276377,0.0077,0.0112,0.0251,0.0176,0.1063,0.0084,0.0063,0.0034,0.0106
cg04759767,0.0317,0.0504,0.0432,0.04,0.0485,0.0335,0.0241,0.0289,0.287
cg09652652,0.0142,0.0161,0.0185,0.0156,0.021,0.0146,0.0068,0.0235,0.0666
cg13990351,0.0291,0.0489,0.0433,0.0201,0.0454,0.0243,0.0104,0.0375,0.0349
cg01129004,0.0315,0.0502,0.0471,0.0331,0.0483,0.0346,0.0274,0.0409,0.0704
cg17153122,0.0179,0.0853,0.0307,0.0209,0.0366,0.018,0.0226,0.0507,0.0756
cg08258650,0.0485,0.0499,0.0553,0.0408,0.0644,0.0412,0.0223,0.0836,0.1749
cg10159951,0.0393,0.0439,0.0531,0.0336,0.0624,0.0353,0.0265,0.0658,0.2031
cg19504702,0.0112,0.0787,0.0389,0.0112,0.0772,0.0055,0.0001,0.0334,0.0572
cg18772127,0.0093,0.0083,0.0088,0.0075,0.0087,0.0036,0.0107,0.0086,0.0126
cg23229261,0.0136,0.0238,0.0196,0.0137,0.0233,0.0111,0.0072,0.0376,0.0379
cg19092317,0.0179,0.0564,0.0337,0.0157,0.0642,0.0132,0.0143,0.0422,0.025
cg12160600,0.004,0.0065,0.0193,0.0032,0.0125,0.0042,0.0009,0.0019,0.0353
cg23930856,0.0074,0.0526,0.0325,0.016,0.0682,0.0132,0.0041,0.0088,0.0808
cg08377398,0.0249,0.0973,0.0245,0.0179,0.0197,0.021,0.0095,0.0169,0.0474
cg04865110,0.0794,0.1426,0.0956,0.0749,0.0724,0.0791,0.0409,0.0707,0.0859
cg15316660,0.0131,0.0216,0.0186,0.0167,0.0141,0.0184,0.0014,0.1869,0.0059
cg09556952,0.0879,0.1043,0.0891,0.0776,0.0776,0.0753,0.0339,0.3226,0.1127
cg05639246,0.0651,0.065,0.0746,0.0614,0.0659,0.0665,0.0559,0.0599,0.3825
cg22812770,0.0408,0.0453,0.0443,0.0392,0.0447,0.0442,0.0291,0.0609,0.1103
cg12737152,0.0805,0.0505,0.0758,0.044,0.0634,0.0522,0.0296,0.1103,0.1375
cg01128642,0.0144,0.069,0.034,0.0143,0.0467,0.0172,0.0065,0.1463,0.0264
cg04233770,0.0569,0.0535,0.1437,0.0675,0.1634,0.0588,0.0407,0.0569,0.1533
cg24792289,0.0131,0.0757,0.0369,0.0115,0.0546,0.0109,0.0018,0.0133,0.1891
cg27406975,0.0147,0.079,0.0212,0.0161,0.0446,0.0116,0.009,0.0158,0.0322
cg22156700,0.0292,0.084,0.0396,0.0353,0.0508,0.0257,0.0112,0.0451,0.0786
cg00157796,0.0128,0.025,0.0207,0.0167,0.025,0.0114,0.0152,0.0286,0.0766
cg01889143,0.024,0.0755,0.0568,0.032,0.076,0.0243,0.0132,0.0185,0.0873
cg13486532,0.0493,0.1223,0.077,0.0484,0.0821,0.0529,0.0374,0.064,0.2358
cg00748373,0.0247,0.1709,0.0895,0.0295,0.1633,0.0184,0.0053,0.012,0.0755
cg06575065,0.0536,0.2013,0.1686,0.0854,0.237,0.0438,0.0453,0.0659,0.1716
cg08000684,0.036,0.065,0.0844,0.0459,0.1016,0.0356,0.0231,0.0238,0.1339
cg08068820,0.0403,0.0766,0.0994,0.0552,0.1396,0.0424,0.0245,0.0065,0.1436
cg14913644,0.0564,0.0884,0.0894,0.0638,0.1044,0.0614,0.0173,0.0178,0.0736
cg21342910,0.053,0.0816,0.0737,0.044,0.0602,0.0498,0.0228,0.0605,0.1859
cg13793145,0.0229,0.0269,0.0596,0.0316,0.0794,0.0192,0.021,0.029,0.0711
cg10519140,0.0611,0.0666,0.0946,0.0702,0.1153,0.0563,0.0442,0.0489,0.1124
cg07053014,0.0565,0.0734,0.1231,0.0797,0.1488,0.0641,0.0426,0.0486,0.144
cg21597595,0.0214,0.0319,0.0317,0.0213,0.0535,0.0183,0.0071,0.0369,0.049
cg16814808,0.0207,0.0855,0.043,0.0214,0.0587,0.0175,0.0114,0.066,0.1133
cg08000684,0.036,0.065,0.0844,0.0459,0.1016,0.0356,0.0231,0.0238,0.1339
cg08068820,0.0403,0.0766,0.0994,0.0552,0.1396,0.0424,0.0245,0.0065,0.1436
cg14913644,0.0564,0.0884,0.0894,0.0638,0.1044,0.0614,0.0173,0.0178,0.0736
cg00916884,0.0144,0.1547,0.0513,0.0278,0.1397,0.0061,0.0064,0.004,0.0489
cg13912858,0.0896,0.282,0.4264,0.2684,0.4754,0.0449,0.0917,0.2107,0.3345
cg18974926,0.0381,0.088,0.202,0.0865,0.3264,0.0326,0.0325,0.0621,0.1481
cg10454937,0.0425,0.0626,0.0617,0.041,0.0666,0.045,0.0295,0.0509,0.0604
cg22092811,0.0056,0.0091,0.0307,0.0159,0.1224,0.007,0.0034,0.0053,0.0118
cg05469695,0.042,0.0635,0.0894,0.0408,0.0778,0.0378,0.0371,0.0997,0.1039
cg11452354,0.0118,0.0128,0.045,0.0228,0.0491,0.0128,0.0128,0.007,0.0927
cg10519140,0.0611,0.0666,0.0946,0.0702,0.1153,0.0563,0.0442,0.0489,0.1124
cg10293403,0.0588,0.1824,0.1186,0.0823,0.143,0.0706,0.0227,0.0396,0.2117
cg07185131,0.0207,0.1499,0.0662,0.0336,0.1054,0.0204,0.0244,0.1575,0.0897
cg04912712,0.0704,0.0747,0.0714,0.0704,0.0601,0.0754,0.076,0.0858,0.0475
cg04743758,0.0148,0.0318,0.0247,0.0248,0.0316,0.0172,0.0236,0.0091,0.1162
cg18958844,0.0211,0.031,0.0418,0.0265,0.046,0.0221,0.0119,0.0184,0.0159
cg18514820,0.0139,0.017,0.0152,0.0139,0.0146,0.0131,0.0148,0.0281,0.1451
cg02746869,0.037,0.0403,0.0498,0.0363,0.0401,0.0372,0.0237,0.043,0.1756
cg21446955,0.053,0.2459,0.0954,0.067,0.0573,0.0754,0.0569,0.2291,0.2874
cg13889934,0.0765,0.2602,0.1175,0.0839,0.0945,0.0962,0.0539,0.1166,0.3286
cg14376467,0.0533,0.2507,0.1046,0.0632,0.0748,0.0803,0.0565,0.0725,0.2613
cg18349911,0.0174,0.0479,0.0262,0.015,0.0313,0.0138,0.0061,0.0291,0.0491
cg09792881,0.0142,0.0795,0.0161,0.0121,0.0234,0.0105,0.0252,0.0444,0.1407
cg19732154,0.0126,0.0297,0.222,0.0176,0.1753,0.0114,0.011,0.0238,0.2173
cg11747349,0.0055,0.0347,0.3106,0.0266,0.2759,0.0081,0.0023,0.0103,0.2786
cg16513215,0.0802,0.1137,0.2503,0.0925,0.2466,0.0863,0.0317,0.075,0.2348
cg18689504,0.0592,0.1322,0.3532,0.1063,0.35,0.06,0.0403,0.1106,0.3221
cg11417653,0.0036,0.0018,0.0033,0.0058,0.0042,0.0037,0.0022,0.0025,0.0012
cg05627029,0.0113,0.0198,0.019,0.0178,0.0226,0.0148,0.0291,0.0197,0.2308
cg19937061,0.0164,0.087,0.044,0.016,0.0582,0.0142,0.0026,0.065,0.4394
cg26970841,0.0181,0.0149,0.0167,0.0131,0.0149,0.0336,0.0157,0.0098,0.2328
cg03978375,0.019,0.0203,0.0212,0.0179,0.019,0.0202,0.0079,0.0066,0.196
cg17508991,0.0212,0.0283,0.0468,0.032,0.047,0.0276,0.0273,0.0236,0.1449
cg12034187,0.0047,0.0029,0.004,0.0064,0.0063,0.003,0.0126,0.0,0.1501
cg20070026,0.0116,0.0092,0.0084,0.0079,0.0088,0.0093,0.0052,0.001,0.0221
cg09678836,0.0434,0.0619,0.0457,0.0318,0.0461,0.0352,0.0069,0.0137,0.0089
cg22433276,0.0052,0.0048,0.0031,0.0041,0.0042,0.0067,0.0004,0.0232,0.0039
cg20095124,0.0168,0.0225,0.0299,0.027,0.022,0.026,0.0183,0.0153,0.1956
cg03401096,0.0121,0.0184,0.0163,0.0164,0.0135,0.0179,0.0083,0.0098,0.1629
cg17633020,0.0085,0.0103,0.0126,0.0071,0.0081,0.0101,0.0194,0.0298,0.0966
cg04264908,0.01,0.043,0.029,0.0182,0.0435,0.0119,0.0073,0.0,0.1401
cg17284070,0.0156,0.015,0.0162,0.0144,0.0117,0.013,0.0142,0.0228,0.0046
cg16983211,0.0099,0.0208,0.0204,0.0175,0.0244,0.0191,0.0046,0.0091,0.0
cg22078451,0.033,0.0419,0.0346,0.0332,0.034,0.0293,0.026,0.0288,0.0644
cg18242030,0.0203,0.0256,0.034,0.0301,0.0261,0.027,0.0088,0.0076,0.0149
cg16964348,0.0154,0.0313,0.0204,0.013,0.02,0.0141,0.0105,0.0026,0.0808
cg25884711,0.0099,0.0163,0.0033,0.0036,0.0061,0.0024,0.0019,0.0041,0.064
cg26439963,0.0456,0.0444,0.0525,0.0481,0.0508,0.0504,0.0212,0.0368,0.2222
cg08217716,0.0127,0.0192,0.0227,0.0268,0.0275,0.016,0.0401,0.0417,0.2016
cg14668747,0.007,0.0098,0.0268,0.0122,0.0388,0.01,0.0112,0.0119,0.0071
cg14501061,0.0562,0.0624,0.0962,0.0632,0.0937,0.0573,0.0372,0.0665,0.0362
cg18232548,0.0195,0.0132,0.0157,0.0102,0.0223,0.0113,0.0163,0.0176,0.0251
cg22848779,0.0202,0.0163,0.0192,0.0175,0.0176,0.0188,0.0077,0.0094,0.0094
cg16964348,0.0154,0.0313,0.0204,0.013,0.02,0.0141,0.0105,0.0026,0.0808
cg24885417,0.0122,0.0185,0.0136,0.0101,0.0136,0.0111,0.0182,0.0083,0.1132
cg00355281,0.0659,0.0686,0.0743,0.0593,0.0753,0.0613,0.0499,0.0793,0.1773
cg14531560,0.0132,0.0478,0.0198,0.0184,0.023,0.0204,0.0069,0.0016,0.0691
cg04603730,0.007,0.0157,0.0114,0.0062,0.0115,0.0084,0.0109,0.016,0.0155
cg09469554,0.0598,0.1148,0.0734,0.0544,0.0685,0.0785,0.0218,0.0217,0.0498
cg16232183,0.0479,0.0612,0.0641,0.046,0.063,0.0499,0.035,0.0563,0.0627
cg06428163,0.0536,0.0616,0.0589,0.0425,0.0539,0.0542,0.0255,0.0386,0.0424
cg14778235,0.0407,0.0577,0.0597,0.045,0.0513,0.0442,0.0351,0.0286,0.1818
cg12532398,0.0146,0.017,0.0177,0.0164,0.0128,0.0156,0.0102,0.0151,0.0059
cg02632185,0.036,0.0316,0.0287,0.0276,0.0293,0.0267,0.0116,0.0197,0.0396
cg19809453,0.0217,0.0285,0.0237,0.0229,0.0307,0.0199,0.0246,0.0222,0.0124
cg20248421,0.0498,0.0457,0.0247,0.0296,0.0505,0.0337,0.0208,0.0094,0.0124
cg11795854,0.0153,0.0823,0.0384,0.0178,0.0521,0.0174,0.0154,0.0393,0.0776
cg00939735,0.0198,0.1325,0.0526,0.0223,0.0664,0.0185,0.0273,0.0157,0.0334
cg21097881,0.0188,0.0335,0.0236,0.0155,0.0224,0.0184,0.0094,0.0126,0.1908
cg17480467,0.0463,0.0626,0.0735,0.0566,0.0718,0.054,0.0351,0.0415,0.1771
cg16964348,0.0154,0.0313,0.0204,0.013,0.02,0.0141,0.0105,0.0026,0.0808
cg25884711,0.0099,0.0163,0.0033,0.0036,0.0061,0.0024,0.0019,0.0041,0.064
cg24885417,0.0122,0.0185,0.0136,0.0101,0.0136,0.0111,0.0182,0.0083,0.1132
cg00355281,0.0659,0.0686,0.0743,0.0593,0.0753,0.0613,0.0499,0.0793,0.1773
cg03133266,0.032,0.0734,0.0337,0.0248,0.0403,0.021,0.0067,0.0181,0.0184
cg15248835,0.0209,0.0606,0.0396,0.0233,0.0487,0.0264,0.0123,0.0075,0.014
cg14278808,0.091,0.1512,0.1206,0.0982,0.1222,0.0839,0.0643,0.0902,0.141
cg01626899,0.0194,0.0234,0.0252,0.0258,0.0176,0.02,0.0154,0.0181,0.0063
cg12877251,0.0224,0.0709,0.0415,0.0226,0.0557,0.0168,0.0074,0.005,0.0408
cg16424920,0.0704,0.1214,0.091,0.0768,0.0918,0.0912,0.0469,0.0318,0.0465
cg21535000,0.019,0.0509,0.0314,0.0181,0.0334,0.0174,0.0197,0.0019,0.0244
cg10866298,0.0848,0.136,0.1112,0.0902,0.1294,0.0819,0.05,0.0682,0.116
cg16781647,0.0538,0.0845,0.0718,0.066,0.059,0.0643,0.0171,0.0168,0.0696
cg03721064,0.0199,0.0268,0.0242,0.0196,0.019,0.0185,0.0087,0.018,0.0164
cg19419279,0.0234,0.0387,0.0416,0.0338,0.0431,0.0251,0.0257,0.0227,0.0272
cg14917395,0.0266,0.0446,0.0369,0.0351,0.0381,0.0308,0.02,0.0427,0.0476
cg05451852,0.0408,0.0448,0.0495,0.0418,0.0522,0.038,0.0242,0.0742,0.0625
cg26156687,0.0303,0.059,0.0703,0.0463,0.0883,0.0185,0.0221,0.0286,0.2227
cg26208419,0.066,0.0735,0.0766,0.0717,0.0697,0.0799,0.0271,0.0284,0.0221
cg06622735,0.0118,0.0134,0.0161,0.0136,0.013,0.012,0.0209,0.0396,0.0444
cg18246262,0.016,0.029,0.0239,0.017,0.0245,0.0173,0.0289,0.0127,0.0386
cg24185864,0.1978,0.2304,0.2353,0.1974,0.2436,0.2002,0.18,0.0965,0.2131
cg25104555,0.0445,0.0604,0.0594,0.0396,0.0522,0.0482,0.0276,0.0559,0.0558
cg22638593,0.0208,0.046,0.0278,0.0188,0.0329,0.0167,0.0107,0.014,0.0418
cg18301423,0.073,0.1062,0.0994,0.0866,0.1172,0.0796,0.0511,0.0833,0.0883
cg16556145,0.0074,0.061,0.0159,0.0094,0.0193,0.008,0.0062,0.0036,0.0405
cg02223067,0.04,0.0387,0.0427,0.0332,0.0342,0.0334,0.017,0.0316,0.0201
cg08682544,0.0162,0.0324,0.0236,0.02,0.0232,0.0178,0.0172,0.0073,0.0044
cg06445928,0.1099,0.1303,0.1211,0.1203,0.0952,0.1172,0.0864,0.1099,0.0911
cg08601917,0.0537,0.0576,0.0535,0.0472,0.0487,0.0553,0.0309,0.0399,0.0195
cg26560414,0.0086,0.0151,0.0119,0.0108,0.0098,0.01,0.0115,0.0108,0.0
cg09233013,0.0121,0.0193,0.016,0.0154,0.0128,0.0188,0.0136,0.003,0.0038
cg05289253,0.04,0.0545,0.0532,0.0396,0.0454,0.0479,0.0185,0.0188,0.0804
cg10463150,0.0254,0.1081,0.059,0.0332,0.0875,0.0223,0.0106,0.018,0.026
cg23844174,0.0101,0.0198,0.0178,0.0176,0.0175,0.0143,0.0174,0.0114,0.0419
cg12877251,0.0224,0.0709,0.0415,0.0226,0.0557,0.0168,0.0074,0.005,0.0408
cg16424920,0.0704,0.1214,0.091,0.0768,0.0918,0.0912,0.0469,0.0318,0.0465
cg21535000,0.019,0.0509,0.0314,0.0181,0.0334,0.0174,0.0197,0.0019,0.0244
cg10866298,0.0848,0.136,0.1112,0.0902,0.1294,0.0819,0.05,0.0682,0.116
cg26864230,0.0365,0.0515,0.0489,0.0524,0.0501,0.05,0.0158,0.0899,0.0659
cg03800721,0.0556,0.06,0.0737,0.0451,0.0563,0.0472,0.036,0.0563,0.0858
cg05873285,0.014,0.01,0.0102,0.0079,0.008,0.0114,0.0161,0.0079,0.1123
cg27116842,0.0526,0.0524,0.0511,0.0504,0.0545,0.046,0.0313,0.0449,0.0464
cg10177032,0.0064,0.0267,0.1474,0.0194,0.2008,0.0071,0.0052,0.024,0.4105
cg01352090,0.052,0.1279,0.4453,0.166,0.4702,0.0628,0.0982,0.2515,0.4899
cg02070685,0.0262,0.0739,0.0315,0.0289,0.038,0.0207,0.0155,0.005,0.0014
cg08682544,0.0162,0.0324,0.0236,0.02,0.0232,0.0178,0.0172,0.0073,0.0044
cg06445928,0.1099,0.1303,0.1211,0.1203,0.0952,0.1172,0.0864,0.1099,0.0911
cg08601917,0.0537,0.0576,0.0535,0.0472,0.0487,0.0553,0.0309,0.0399,0.0195
cg26560414,0.0086,0.0151,0.0119,0.0108,0.0098,0.01,0.0115,0.0108,0.0
cg09233013,0.0121,0.0193,0.016,0.0154,0.0128,0.0188,0.0136,0.003,0.0038
cg19419279,0.0234,0.0387,0.0416,0.0338,0.0431,0.0251,0.0257,0.0227,0.0272
cg14917395,0.0266,0.0446,0.0369,0.0351,0.0381,0.0308,0.02,0.0427,0.0476
cg05451852,0.0408,0.0448,0.0495,0.0418,0.0522,0.038,0.0242,0.0742,0.0625
cg10261589,0.0059,0.0093,0.0076,0.0052,0.0072,0.0087,0.0173,0.0335,0.0221
cg27441225,0.0205,0.0446,0.0476,0.0309,0.0514,0.0274,0.0209,0.0665,0.018
cg24127310,0.0235,0.0393,0.0345,0.025,0.0364,0.0289,0.0208,0.0203,0.009
cg22633840,0.0958,0.1143,0.1158,0.1031,0.125,0.1056,0.0788,0.0735,0.0899
cg18405900,0.0448,0.0448,0.0544,0.0438,0.0452,0.0505,0.0298,0.0458,0.2044
cg06025938,0.0065,0.0114,0.0142,0.013,0.0087,0.0116,0.0085,0.0114,0.1288
cg19343088,0.0117,0.0142,0.0141,0.0083,0.0092,0.0153,0.0249,0.0256,0.1388
cg05279092,0.041,0.1577,0.0978,0.051,0.1574,0.0394,0.0265,0.0255,0.1985
cg22747076,0.0393,0.0476,0.0628,0.0491,0.071,0.0288,0.0082,0.5594,0.0779
cg27355456,0.0275,0.0297,0.0249,0.0196,0.0301,0.0293,0.0152,0.0252,0.046
cg24242823,0.0073,0.0091,0.0076,0.0042,0.0139,0.0078,0.0068,0.0135,0.0294
cg24245418,0.0159,0.091,0.0472,0.0157,0.0497,0.0108,0.0095,0.0069,0.0736
cg08682544,0.0162,0.0324,0.0236,0.02,0.0232,0.0178,0.0172,0.0073,0.0044
cg06445928,0.1099,0.1303,0.1211,0.1203,0.0952,0.1172,0.0864,0.1099,0.0911
cg08601917,0.0537,0.0576,0.0535,0.0472,0.0487,0.0553,0.0309,0.0399,0.0195
cg26560414,0.0086,0.0151,0.0119,0.0108,0.0098,0.01,0.0115,0.0108,0.0
cg09233013,0.0121,0.0193,0.016,0.0154,0.0128,0.0188,0.0136,0.003,0.0038
cg25466090,0.0234,0.0267,0.0233,0.0271,0.0243,0.0243,0.0252,0.0178,0.0547
cg27183188,0.008,0.0158,0.0703,0.0202,0.067,0.0111,0.0069,0.0166,0.0124
cg13990559,0.0988,0.108,0.1426,0.1047,0.1422,0.0934,0.0915,0.0939,0.1104
cg25531836,0.0686,0.0784,0.0835,0.0731,0.085,0.0668,0.0475,0.0791,0.1978
cg18405900,0.0448,0.0448,0.0544,0.0438,0.0452,0.0505,0.0298,0.0458,0.2044
cg06025938,0.0065,0.0114,0.0142,0.013,0.0087,0.0116,0.0085,0.0114,0.1288
cg19343088,0.0117,0.0142,0.0141,0.0083,0.0092,0.0153,0.0249,0.0256,0.1388
cg00974935,0.0659,0.0632,0.0695,0.0644,0.0611,0.0678,0.0543,0.0726,0.2674
cg01966091,0.0201,0.0809,0.054,0.0419,0.1295,0.0301,0.026,0.0133,0.0457
cg01762827,0.0604,0.1348,0.106,0.0957,0.1784,0.0777,0.0337,0.0237,0.0433
cg16566400,0.0112,0.0539,0.0262,0.0148,0.0227,0.014,0.0091,0.0074,0.0095
cg10601287,0.1922,0.2256,0.2096,0.1969,0.2117,0.2116,0.1333,0.1035,0.1265
cg17236709,0.0205,0.0627,0.0322,0.0195,0.0348,0.0216,0.0084,0.0174,0.0276
cg17449851,0.0518,0.0404,0.0447,0.0396,0.0435,0.0486,0.0317,0.0587,0.0447
cg11831286,0.0523,0.0512,0.055,0.0477,0.0487,0.0473,0.0295,0.0544,0.0503
cg15550572,0.0203,0.0291,0.0285,0.0242,0.0296,0.0308,0.0221,0.0065,0.0392
cg16574134,0.0752,0.1212,0.1148,0.0789,0.1099,0.0718,0.0255,0.0367,0.2568
cg18040901,0.0415,0.0576,0.0531,0.0302,0.0488,0.0364,0.0158,0.1438,0.0743
cg12390895,0.037,0.0385,0.0418,0.0354,0.0337,0.0304,0.005,0.0501,0.2141
cg22097768,0.0593,0.0765,0.0708,0.08,0.0699,0.0702,0.0454,0.0244,0.0373
cg01567634,0.1382,0.2159,0.184,0.1496,0.1878,0.1357,0.1098,0.1318,0.1679
cg21920775,0.0261,0.0644,0.0427,0.028,0.0401,0.0232,0.0189,0.023,0.0644
cg17449851,0.0518,0.0404,0.0447,0.0396,0.0435,0.0486,0.0317,0.0587,0.0447
cg11831286,0.0523,0.0512,0.055,0.0477,0.0487,0.0473,0.0295,0.0544,0.0503
cg07121856,0.0174,0.1109,0.0393,0.0236,0.0819,0.0104,0.032,0.0893,0.1871
cg00355909,0.0156,0.0157,0.0187,0.0117,0.0154,0.012,0.0114,0.0095,0.0016
cg01579535,0.087,0.1053,0.1061,0.0983,0.1054,0.1032,0.0442,0.402,0.123
cg02264990,0.0169,0.0245,0.0334,0.014,0.0248,0.0169,0.024,0.4846,0.1941
cg03923561,0.0408,0.0496,0.065,0.0519,0.0566,0.0438,0.0224,0.5733,0.2052
cg09720701,0.0511,0.0531,0.0612,0.0543,0.057,0.054,0.0423,0.4924,0.1523
cg18494190,0.1323,0.1698,0.1529,0.1402,0.1549,0.1352,0.1079,0.1217,0.2245
cg04436818,0.0938,0.1144,0.1158,0.0823,0.099,0.1135,0.0767,0.0773,0.1855
cg20100910,0.026,0.0587,0.0395,0.0311,0.0464,0.0202,0.005,0.0327,0.0394
cg23002761,0.0176,0.0844,0.0379,0.0171,0.063,0.0152,0.0057,0.0107,0.0761
cg26036626,0.1113,0.1271,0.1196,0.1267,0.1244,0.1283,0.0566,0.0317,0.079
cg23620822,0.0054,0.0202,0.0122,0.0102,0.0193,0.0064,0.0072,0.0022,0.0669
cg03553786,0.0387,0.1025,0.0996,0.0485,0.1218,0.0393,0.034,0.027,0.1796
cg11872300,0.0054,0.0098,0.0179,0.0275,0.017,0.0118,0.0022,0.0093,0.0055
cg23932491,0.0273,0.1364,0.0486,0.027,0.0717,0.023,0.0053,0.3084,0.0758
cg22124775,0.0386,0.0488,0.047,0.042,0.0527,0.0422,0.0319,0.0288,0.0327
cg00473462,0.0673,0.0764,0.0605,0.065,0.0648,0.0662,0.0514,0.0508,0.0583
cg00049323,0.2471,0.2398,0.1758,0.2106,0.1928,0.281,0.2722,0.1128,0.1216
cg04576672,0.0545,0.0613,0.0689,0.0581,0.0844,0.0507,0.04,0.0549,0.1049
cg15084390,0.051,0.1014,0.112,0.0878,0.1117,0.0512,0.0375,0.0468,0.0755
cg22120063,0.0443,0.0878,0.0683,0.0485,0.0897,0.0466,0.0307,0.0731,0.0655
cg23697546,0.0372,0.1066,0.0644,0.0588,0.1008,0.0464,0.0432,0.099,0.1607
cg03078363,0.0314,0.0849,0.0515,0.0302,0.0782,0.0237,0.0141,0.1685,0.116
cg08062469,0.0461,0.0501,0.0494,0.0459,0.0446,0.049,0.0354,0.0425,0.0518
cg26386472,0.0414,0.0455,0.0508,0.0434,0.0495,0.0485,0.0097,0.0165,0.0055
cg04588165,0.074,0.1068,0.0902,0.08,0.0905,0.0784,0.0533,0.0866,0.1539
cg04636269,0.0845,0.1427,0.11,0.1082,0.123,0.0936,0.0833,0.2058,0.3213
cg10136354,0.062,0.1452,0.0865,0.0679,0.0944,0.0755,0.0146,0.0145,0.0615
cg13332474,0.0048,0.0018,0.0105,0.0032,0.0197,0.0034,0.0035,0.0145,0.0594
cg26708100,0.0066,0.0079,0.005,0.0047,0.0066,0.0036,0.0053,0.0285,0.3305
cg12527429,0.0048,0.0042,0.0044,0.0042,0.005,0.0055,0.0053,0.0139,0.0122
cg22879515,0.0064,0.0234,0.008,0.0066,0.0149,0.0049,0.0089,0.0027,0.0089
cg21115608,0.0842,0.0878,0.0977,0.0852,0.0845,0.0865,0.0582,0.0927,0.0964
cg25524962,0.0012,0.0074,0.0049,0.0046,0.008,0.0068,0.0089,0.0063,0.0085
cg14142007,0.0092,0.0718,0.0225,0.0122,0.0332,0.0086,0.0052,0.0028,0.2436
cg12160600,0.004,0.0065,0.0193,0.0032,0.0125,0.0042,0.0009,0.0019,0.0353
cg14007757,0.0088,0.0701,0.0282,0.0102,0.0494,0.0045,0.001,0.0037,0.0265
cg22964918,0.0068,0.015,0.0096,0.008,0.0106,0.0091,0.0087,0.0471,0.502
cg09339462,0.0024,0.0018,0.0187,0.0052,0.036,0.0033,0.005,0.0088,0.1519
cg13767940,0.0229,0.0477,0.0303,0.0286,0.0341,0.0274,0.0176,0.0032,0.0058
cg21881253,0.0105,0.0346,0.0174,0.0128,0.0197,0.0134,0.0057,0.0051,0.0008
cg01672943,0.039,0.1278,0.0528,0.0323,0.0804,0.0334,0.0096,0.0084,0.0752
cg00459623,0.0106,0.0763,0.02,0.0096,0.0352,0.0183,0.0098,0.0327,0.5834
cg16754467,0.0066,0.0279,0.0187,0.0113,0.0252,0.0042,0.0052,0.0084,0.0146
cg22674699,0.0204,0.2317,0.0212,0.0108,0.0492,0.007,0.0098,0.0059,0.6444
cg13434638,0.0131,0.0376,0.0171,0.0129,0.0189,0.0085,0.0105,0.0107,0.037
cg01357429,0.0122,0.0572,0.0246,0.016,0.0319,0.0137,0.0064,0.0128,0.5161
cg14365271,0.0119,0.017,0.0148,0.0124,0.0148,0.014,0.0101,0.0132,0.0036
cg07635623,0.0021,0.054,0.0028,0.0064,0.0134,0.0042,0.0012,0.0013,0.0023
cg00467244,0.0035,0.0031,0.0034,0.0078,0.0039,0.0055,0.0114,0.0566,0.0014
cg07035145,0.0018,0.0072,0.0066,0.0016,0.0092,0.0027,0.0024,0.0,0.0025
cg26570179,0.0369,0.05,0.0524,0.0288,0.0648,0.0363,0.0144,0.033,0.0243
cg02409878,0.0611,0.0783,0.1033,0.0658,0.1089,0.0683,0.0357,0.0629,0.0976
cg16519587,0.0176,0.1157,0.028,0.0164,0.0612,0.0088,0.0044,0.0085,0.0532
cg27056119,0.0086,0.0219,0.0095,0.0067,0.0104,0.0112,0.0065,0.0071,0.0042
cg00031256,0.0058,0.0438,0.006,0.0121,0.01,0.0067,0.0013,0.004,0.0097
cg08542865,0.0298,0.0628,0.035,0.042,0.0314,0.0399,0.044,0.0543,0.0479
cg14652638,0.0146,0.0576,0.021,0.0228,0.0175,0.0174,0.0215,0.0446,0.0324
cg07019438,0.0236,0.0733,0.0282,0.0158,0.049,0.0181,0.0105,0.0114,0.0366
cg27542609,0.0177,0.0209,0.0182,0.0238,0.0141,0.0213,0.018,0.0135,0.0039
cg01680010,0.0129,0.0417,0.0212,0.0136,0.0318,0.0124,0.0357,0.0402,0.3441
cg24478096,0.0048,0.0083,0.0056,0.0079,0.0057,0.0053,0.0148,0.0027,0.0332
cg26246897,0.0067,0.0156,0.0098,0.0126,0.01,0.0111,0.005,0.0098,0.0021
cg22541735,0.0404,0.2211,0.0842,0.0458,0.1096,0.0405,0.0148,0.0105,0.4924
cg09238180,0.0134,0.1128,0.0242,0.026,0.0354,0.0174,0.0116,0.0171,0.044
cg13767940,0.0229,0.0477,0.0303,0.0286,0.0341,0.0274,0.0176,0.0032,0.0058
cg21881253,0.0105,0.0346,0.0174,0.0128,0.0197,0.0134,0.0057,0.0051,0.0008
cg05224741,0.01,0.0417,0.0203,0.0113,0.0324,0.0099,0.0184,0.0044,0.2191
cg02433671,0.0257,0.0584,0.0728,0.0374,0.091,0.0297,0.0195,0.0216,0.1046
cg27056119,0.0086,0.0219,0.0095,0.0067,0.0104,0.0112,0.0065,0.0071,0.0042
cg00031256,0.0058,0.0438,0.006,0.0121,0.01,0.0067,0.0013,0.004,0.0097
cg08542865,0.0298,0.0628,0.035,0.042,0.0314,0.0399,0.044,0.0543,0.0479
cg14652638,0.0146,0.0576,0.021,0.0228,0.0175,0.0174,0.0215,0.0446,0.0324
cg03149565,0.0198,0.0053,0.006,0.0084,0.0108,0.0207,0.057,0.1324,0.0554
cg12938003,0.0712,0.0545,0.0409,0.0462,0.0484,0.0644,0.0563,0.1939,0.1602
cg23533254,0.0052,0.0047,0.0053,0.0039,0.0033,0.0012,0.0118,0.0142,0.0009
cg00859352,0.0254,0.0295,0.0213,0.0204,0.0216,0.0196,0.0225,0.0582,0.0243
cg20281962,0.0354,0.092,0.1052,0.0415,0.1404,0.0333,0.0234,0.0186,0.0294
cg08000684,0.036,0.065,0.0844,0.0459,0.1016,0.0356,0.0231,0.0238,0.1339
cg08068820,0.0403,0.0766,0.0994,0.0552,0.1396,0.0424,0.0245,0.0065,0.1436
cg14913644,0.0564,0.0884,0.0894,0.0638,0.1044,0.0614,0.0173,0.0178,0.0736
cg07802350,0.0347,0.0858,0.0519,0.0326,0.0622,0.0347,0.0315,0.0714,0.5444
cg04299135,0.0081,0.062,0.0194,0.008,0.0305,0.0053,0.0152,0.0036,0.0389
cg25720815,0.0056,0.0401,0.0098,0.0098,0.0227,0.0043,0.0016,0.0,0.0304
cg07147449,0.0108,0.0622,0.0161,0.0089,0.029,0.0073,0.0138,0.0086,0.0302
cg22586653,0.0918,0.1752,0.1186,0.0922,0.1578,0.0814,0.0767,0.0675,0.0948
cg11417653,0.0036,0.0018,0.0033,0.0058,0.0042,0.0037,0.0022,0.0025,0.0012
cg01029638,0.0277,0.0306,0.0457,0.0294,0.0605,0.0333,0.0117,0.028,0.0276
cg05513069,0.071,0.0668,0.0413,0.0646,0.0416,0.0671,0.0722,0.0051,0.0132
cg04273303,0.0205,0.03,0.0277,0.0235,0.0315,0.0257,0.0099,0.0114,0.023
cg26356462,0.0166,0.0141,0.0178,0.014,0.0165,0.0111,0.0076,0.065,0.0656
cg19814400,0.0056,0.0417,0.0086,0.0045,0.0116,0.0027,0.0022,0.0051,0.0902
cg26332740,0.0156,0.0583,0.0295,0.0231,0.0552,0.0146,0.0226,0.0059,0.1144
cg17318529,0.1024,0.1443,0.1075,0.098,0.1114,0.0973,0.0817,0.0872,0.1798
cg17754510,0.008,0.0393,0.0261,0.0112,0.0441,0.0076,0.0122,0.0043,0.2266
cg05196969,0.0148,0.0769,0.0479,0.0198,0.0901,0.0152,0.0116,0.0271,0.09
cg19349369,0.0156,0.0471,0.0256,0.0234,0.0163,0.0188,0.0066,0.0042,0.0091
cg04739647,0.015,0.1266,0.0369,0.0164,0.0689,0.0104,0.0033,0.0034,0.4006
cg05167251,0.0159,0.169,0.0389,0.0204,0.0824,0.0133,0.0056,0.0029,0.4483
cg09602288,0.0936,0.2108,0.1732,0.1203,0.2304,0.095,0.0412,0.0608,0.4122
cg20168806,0.0148,0.0457,0.0272,0.0202,0.0565,0.0087,0.0139,0.0246,0.1854
cg03419885,0.0179,0.0448,0.0343,0.0242,0.0431,0.0215,0.0109,0.0081,0.1731
cg00737840,0.067,0.122,0.1032,0.0663,0.1231,0.061,0.0616,0.0697,0.26
cg06862374,0.0014,0.0036,0.0038,0.0055,0.0054,0.0047,0.0058,0.02,0.5474
cg25315731,0.0102,0.0208,0.0196,0.0115,0.015,0.0152,0.0169,0.0218,0.0443
cg03470207,0.0658,0.0828,0.0886,0.0728,0.0726,0.0697,0.0661,0.0789,0.1833
cg08000684,0.036,0.065,0.0844,0.0459,0.1016,0.0356,0.0231,0.0238,0.1339
cg08068820,0.0403,0.0766,0.0994,0.0552,0.1396,0.0424,0.0245,0.0065,0.1436
cg14913644,0.0564,0.0884,0.0894,0.0638,0.1044,0.0614,0.0173,0.0178,0.0736
cg04739647,0.015,0.1266,0.0369,0.0164,0.0689,0.0104,0.0033,0.0034,0.4006
cg05167251,0.0159,0.169,0.0389,0.0204,0.0824,0.0133,0.0056,0.0029,0.4483
cg19305111,0.002,0.0008,0.003,0.0036,0.0025,0.0022,0.0004,0.0952,0.0292
cg17512364,0.0322,0.0981,0.0614,0.0349,0.0584,0.0365,0.0202,0.0313,0.1867
cg12503267,0.1377,0.2139,0.1784,0.1414,0.1925,0.1328,0.1222,0.1134,0.2246
cg23350106,0.0249,0.0404,0.0375,0.0469,0.0686,0.0266,0.011,0.0096,0.0235
cg14433497,0.011,0.0466,0.0248,0.0183,0.0418,0.0205,0.0171,0.0171,0.3111
cg20248458,0.0449,0.0464,0.0484,0.0425,0.043,0.0495,0.0187,0.0156,0.0168
cg09109450,0.095,0.0968,0.0989,0.085,0.0926,0.0932,0.0771,0.0867,0.0873
cg24336989,0.0176,0.0355,0.0234,0.018,0.0307,0.0225,0.0378,0.0179,0.1963
cg08000684,0.036,0.065,0.0844,0.0459,0.1016,0.0356,0.0231,0.0238,0.1339
cg08068820,0.0403,0.0766,0.0994,0.0552,0.1396,0.0424,0.0245,0.0065,0.1436
cg14913644,0.0564,0.0884,0.0894,0.0638,0.1044,0.0614,0.0173,0.0178,0.0736
cg19480724,0.0393,0.0786,0.05,0.0335,0.0416,0.0352,0.0296,0.018,0.5935
cg15603424,0.0226,0.102,0.0497,0.0206,0.0838,0.0308,0.0114,0.0219,0.1017
cg12191938,0.0112,0.016,0.009,0.01,0.0095,0.0126,0.0037,0.0049,0.0007
cg04094148,0.0116,0.0466,0.0287,0.0071,0.0351,0.0121,0.0289,0.0485,0.0617
cg17692125,0.0318,0.0958,0.054,0.0363,0.066,0.0365,0.0205,0.0316,0.0468
cg22125968,0.0043,0.0052,0.0075,0.0039,0.0053,0.0043,0.0024,0.0006,0.0031
cg01536987,0.0114,0.0108,0.0118,0.0094,0.0106,0.0111,0.0081,0.0104,0.0066
cg11651220,0.0234,0.0356,0.0182,0.0319,0.0315,0.0179,0.0116,0.0397,0.0764
cg14936968,0.0102,0.0174,0.0131,0.015,0.0246,0.0096,0.0203,0.0217,0.0238
cg06206902,0.0042,0.0121,0.0089,0.0086,0.0154,0.0071,0.0088,0.0112,0.0545
cg11560280,0.0096,0.0094,0.0102,0.0148,0.0099,0.0091,0.0067,0.0108,0.0435
cg25810484,0.0184,0.0309,0.0292,0.026,0.0264,0.0274,0.0117,0.0319,0.0368
cg10664112,0.0054,0.0134,0.019,0.0098,0.0243,0.0083,0.018,0.0209,0.0349
cg08300419,0.0139,0.0162,0.025,0.0248,0.0264,0.0198,0.006,0.01,0.0767
cg13459498,0.0402,0.1198,0.0238,0.0475,0.0643,0.0417,0.031,0.0129,0.1739
cg03011535,0.0221,0.1106,0.0138,0.0213,0.0466,0.0263,0.0084,0.0098,0.1621
cg07016276,0.0182,0.0252,0.0033,0.0033,0.0029,0.0142,0.006,0.0023,0.0069
cg26751972,0.0816,0.0881,0.0497,0.0498,0.0339,0.0976,0.025,0.0103,0.0067
cg20927242,0.0349,0.0288,0.0048,0.0058,0.0042,0.0271,0.0383,0.0157,0.0254
cg09296453,0.28,0.2595,0.0428,0.0522,0.052,0.2629,0.2023,0.1545,0.1761
cg18794404,0.0154,0.0172,0.0164,0.0122,0.0207,0.013,0.0114,0.0134,0.1247
cg20430847,0.0052,0.0058,0.0092,0.0082,0.0165,0.0057,0.0037,0.0105,0.0068
cg17755964,0.0139,0.019,0.0366,0.0313,0.0452,0.017,0.006,0.0093,0.0194
cg09827752,0.0302,0.0354,0.0452,0.0362,0.052,0.0363,0.0185,0.0141,0.0261
cg01116067,0.0406,0.0421,0.0582,0.0433,0.0545,0.0369,0.0231,0.0389,0.0403
cg24563094,0.011,0.016,0.017,0.014,0.0202,0.0093,0.0079,0.0042,0.0
cg14032025,0.007,0.0187,0.018,0.0117,0.0201,0.0139,0.0227,0.0354,0.0337
cg19148440,0.0075,0.0403,0.02,0.0472,0.1037,0.0068,0.0062,0.0085,0.096
cg16202470,0.0253,0.0631,0.0499,0.033,0.0562,0.032,0.0066,0.0013,0.0208
cg14564616,0.0034,0.0298,0.0122,0.006,0.0142,0.0039,0.0034,0.0043,0.0517
cg06962944,0.0245,0.0953,0.0133,0.0178,0.0408,0.0206,0.0184,0.0102,0.161
cg13088368,0.0289,0.0534,0.0177,0.0178,0.0318,0.0251,0.0069,0.0096,0.0479
cg03204678,0.0286,0.0521,0.0356,0.0295,0.0479,0.026,0.0096,0.0319,0.0447
cg20703729,0.0149,0.0318,0.0257,0.0214,0.02,0.0181,0.0175,0.0401,0.0338
cg23074048,0.0816,0.1401,0.084,0.1487,0.145,0.0712,0.0975,0.0498,0.0544
cg13699355,0.0082,0.075,0.0188,0.0104,0.0219,0.013,0.0056,0.0102,0.0854
cg21249376,0.0076,0.0058,0.0068,0.0048,0.0085,0.005,0.0031,0.0023,0.0016
cg18349911,0.0174,0.0479,0.0262,0.015,0.0313,0.0138,0.0061,0.0291,0.0491
cg17949727,0.0078,0.0205,0.2305,0.0168,0.1967,0.0102,0.0137,0.0327,0.3519
cg10784030,0.0548,0.0651,0.1968,0.058,0.1939,0.0593,0.0467,0.0625,0.3059
cg05749969,0.0617,0.0821,0.3869,0.0764,0.3421,0.0666,0.0437,0.076,0.4074
cg10168149,0.0276,0.1608,0.0915,0.039,0.1553,0.0182,0.0087,0.1077,0.3795
cg11306441,0.0086,0.013,0.0212,0.01,0.0253,0.0141,0.0045,0.0038,0.02
cg07694390,0.0475,0.0804,0.0591,0.0545,0.0515,0.059,0.0533,0.0511,0.242
cg25180342,0.0688,0.0891,0.0823,0.0766,0.0889,0.0697,0.0571,0.1255,0.3873
cg16088539,0.0066,0.0327,0.0882,0.0203,0.1367,0.0091,0.0062,0.0254,0.0364
cg08359200,0.018,0.0271,0.0274,0.0242,0.0288,0.0239,0.0129,0.0033,0.0086
cg04358131,0.0111,0.0274,0.0059,0.0055,0.0158,0.0051,0.0123,0.0055,0.0076
cg26468430,0.0173,0.0695,0.0324,0.0291,0.1141,0.0137,0.0166,0.0111,0.0144
cg15028052,0.0075,0.0102,0.0079,0.0092,0.0095,0.0082,0.0024,0.0082,0.0025
cg04199473,0.0191,0.0492,0.0583,0.0713,0.097,0.0344,0.0189,0.0166,0.0097
cg27115721,0.0055,0.0124,0.0076,0.0067,0.0099,0.006,0.0108,0.0249,0.0312
cg19482842,0.0509,0.0836,0.0555,0.0508,0.0584,0.0473,0.0391,0.0594,0.0526
cg08244085,0.1181,0.1414,0.1552,0.13,0.1695,0.124,0.0623,0.0644,0.0951
cg26386409,0.0245,0.0289,0.0431,0.0289,0.048,0.0294,0.0153,0.0148,0.0322
cg01804193,0.0318,0.0402,0.0592,0.039,0.086,0.0289,0.0249,0.0351,0.0426
cg10455938,0.0409,0.0578,0.0157,0.0156,0.0193,0.006,0.0131,0.0213,0.0328
cg19091784,0.0086,0.0108,0.0118,0.0289,0.0144,0.0122,0.0108,0.0089,0.0159
cg26029997,0.0106,0.0128,0.014,0.0331,0.0128,0.0148,0.0056,0.0019,0.0308
cg09692335,0.0403,0.04,0.0402,0.0408,0.0394,0.0392,0.0327,0.042,0.0301
cg12822074,0.0241,0.038,0.034,0.0284,0.0356,0.0265,0.0167,0.137,0.016
cg08469834,0.0247,0.0288,0.0267,0.0286,0.033,0.0325,0.0314,0.0323,0.0324
cg12796028,0.0192,0.0232,0.0278,0.0196,0.03,0.0212,0.0116,0.0261,0.0192
cg00017221,0.0176,0.0981,0.0696,0.0249,0.0774,0.0155,0.0076,0.0118,0.0867
cg24374161,0.0286,0.0372,0.0294,0.0284,0.0353,0.0294,0.0373,0.0548,0.0281
cg05269938,0.0092,0.0146,0.0188,0.0186,0.056,0.0105,0.0109,0.0253,0.0086
cg27183188,0.008,0.0158,0.0703,0.0202,0.067,0.0111,0.0069,0.0166,0.0124
cg13990559,0.0988,0.108,0.1426,0.1047,0.1422,0.0934,0.0915,0.0939,0.1104
cg12600030,0.0148,0.0132,0.0098,0.0133,0.0137,0.0085,0.0061,0.012,0.0077
cg05279413,0.0224,0.0719,0.0292,0.031,0.0567,0.0217,0.0216,0.0127,0.0475
cg10292154,0.0089,0.0077,0.0598,0.0093,0.013,0.0065,0.003,0.0027,0.0148
cg19091784,0.0086,0.0108,0.0118,0.0289,0.0144,0.0122,0.0108,0.0089,0.0159
cg26029997,0.0106,0.0128,0.014,0.0331,0.0128,0.0148,0.0056,0.0019,0.0308
cg09692335,0.0403,0.04,0.0402,0.0408,0.0394,0.0392,0.0327,0.042,0.0301
cg12252135,0.0655,0.0699,0.0557,0.0317,0.0381,0.0546,0.0161,0.0844,0.1065
cg02090762,0.1029,0.1176,0.0951,0.0694,0.0641,0.0858,0.0638,0.1243,0.2661
cg06803850,0.0112,0.0157,0.0137,0.0122,0.0125,0.0117,0.0325,0.0362,0.0458
cg10128511,0.0105,0.0603,0.049,0.0205,0.0722,0.0175,0.0093,0.0643,0.0956
cg14813417,0.0221,0.0269,0.0288,0.0319,0.0335,0.0216,0.0237,0.0175,0.0168
cg13120814,0.0299,0.0311,0.0284,0.0303,0.0275,0.0303,0.0149,0.0338,0.0129
cg19352193,0.0164,0.0543,0.0288,0.0177,0.028,0.0183,0.0103,0.0158,0.0153
cg05754853,0.0154,0.0316,0.0177,0.0148,0.0155,0.012,0.0117,0.0233,0.038
cg07310984,0.0256,0.0264,0.0456,0.0274,0.0396,0.0263,0.0287,0.0272,0.0265
cg06353720,0.024,0.0303,0.0894,0.038,0.0833,0.0296,0.0212,0.036,0.0441
cg06456031,0.0308,0.0307,0.0301,0.0331,0.0306,0.0362,0.0195,0.0419,0.0365
cg10014112,0.0359,0.0425,0.0378,0.0359,0.0394,0.0366,0.0431,0.062,0.0631
cg27249422,0.0086,0.0108,0.0124,0.0087,0.0103,0.01,0.007,0.0175,0.0069
cg01511742,0.0851,0.0384,0.0262,0.035,0.0342,0.0767,0.0783,0.0919,0.0678
cg16563660,0.0275,0.0523,0.037,0.0272,0.0602,0.0243,0.0355,0.0534,0.0471
cg05618647,0.0376,0.0348,0.0417,0.0369,0.042,0.0387,0.0339,0.0447,0.0504
cg07310984,0.0256,0.0264,0.0456,0.0274,0.0396,0.0263,0.0287,0.0272,0.0265
cg06353720,0.024,0.0303,0.0894,0.038,0.0833,0.0296,0.0212,0.036,0.0441
cg22291627,0.0074,0.0238,0.0679,0.0035,0.0069,0.0057,0.0047,0.0063,0.0046
cg04364339,0.0045,0.0116,0.018,0.0083,0.0147,0.0131,0.0815,0.0643,0.0431
cg01284306,0.0244,0.0564,0.0492,0.0378,0.0398,0.0277,0.0121,0.0396,0.0239
cg10884288,0.0192,0.0509,0.0414,0.0417,0.0685,0.0187,0.0278,0.0108,0.0111
cg24771349,0.0062,0.0272,0.0037,0.0044,0.0041,0.0034,0.0039,0.0067,0.0738
cg17614974,0.0601,0.0661,0.0782,0.064,0.0882,0.059,0.0487,0.0622,0.0808
cg15571405,0.0292,0.0416,0.2196,0.178,0.4454,0.0332,0.0324,0.0464,0.0569
cg13221458,0.3897,0.439,0.3177,0.4743,0.4034,0.405,0.4145,0.1688,0.1126
cg27624424,0.0741,0.104,0.0718,0.1104,0.0988,0.073,0.0412,0.0814,0.0422
cg19928423,0.0323,0.0299,0.025,0.0312,0.0334,0.0249,0.0536,0.0478,0.0857
cg16315582,0.031,0.0521,0.1429,0.0861,0.1627,0.0378,0.0437,0.0644,0.1212
cg16669455,0.0517,0.0504,0.0519,0.0485,0.0459,0.0432,0.0694,0.0564,0.0611
cg03889542,0.0483,0.0546,0.0771,0.0597,0.0826,0.0452,0.0404,0.0695,0.0734
cg14876708,0.0312,0.058,0.0587,0.0514,0.06,0.0344,0.032,0.0448,0.0462
cg06038201,0.0474,0.0617,0.0535,0.0792,0.0575,0.0516,0.0423,0.0562,0.126
cg14614563,0.0279,0.0282,0.0413,0.0256,0.0213,0.0264,0.0365,0.0418,0.0329
cg19254047,0.045,0.036,0.0189,0.0392,0.0222,0.0639,0.0195,0.0058,0.0146
cg14668747,0.007,0.0098,0.0268,0.0122,0.0388,0.01,0.0112,0.0119,0.0071
cg14501061,0.0562,0.0624,0.0962,0.0632,0.0937,0.0573,0.0372,0.0665,0.0362
cg05998153,0.0272,0.0347,0.04,0.0568,0.0481,0.0305,0.0234,0.0603,0.1286
cg25163134,0.0415,0.0482,0.0306,0.0405,0.0283,0.0412,0.0275,0.0425,0.0313
cg08082374,0.031,0.053,0.0385,0.0348,0.0463,0.0294,0.0335,0.0377,0.0359
cg27377863,0.0483,0.0571,0.0475,0.0443,0.048,0.0512,0.0664,0.0414,0.0454
cg02682457,0.0034,0.005,0.0054,0.0046,0.0026,0.0016,0.0065,0.0019,0.0408
cg25572043,0.0253,0.0735,0.1315,0.0344,0.192,0.0309,0.0169,0.0151,0.017
cg06201680,0.0074,0.008,0.0113,0.0057,0.0114,0.0061,0.0075,0.3189,0.1096
cg15450160,0.0524,0.0967,0.3548,0.1949,0.3293,0.0629,0.0339,0.0475,0.0906
cg07040834,0.0712,0.0662,0.0656,0.0492,0.0826,0.0452,0.0717,0.0361,0.1411
cg14640066,0.023,0.051,0.0334,0.02,0.0892,0.0167,0.0466,0.0349,0.0452
cg09227621,0.0264,0.0404,0.0401,0.0396,0.0347,0.0408,0.0132,0.0304,0.0838
cg27115721,0.0055,0.0124,0.0076,0.0067,0.0099,0.006,0.0108,0.0249,0.0312
cg19482842,0.0509,0.0836,0.0555,0.0508,0.0584,0.0473,0.0391,0.0594,0.0526
cg01860063,0.0343,0.0401,0.0473,0.0489,0.0397,0.0462,0.0024,0.1096,0.0189
cg06023345,0.1099,0.156,0.1195,0.1112,0.1319,0.0993,0.0604,0.0492,0.1082
cg09414827,0.0517,0.0503,0.051,0.0442,0.0504,0.049,0.0289,0.0568,0.0596
cg04741284,0.0327,0.0351,0.0329,0.0338,0.0337,0.0362,0.0332,0.0378,0.0388
cg05172956,0.0504,0.0348,0.0932,0.0759,0.1263,0.055,0.0163,0.0045,0.0033
cg01011898,0.3345,0.1971,0.3961,0.3586,0.4245,0.314,0.2973,0.0677,0.1702
cg13980808,0.0162,0.0205,0.0302,0.0341,0.0308,0.027,0.0793,0.0,0.0424
cg12511214,0.0823,0.1486,0.051,0.0511,0.0707,0.0366,0.0454,0.0331,0.149
cg07289306,0.067,0.066,0.0904,0.0775,0.0977,0.0703,0.054,0.0778,0.0844
cg21382890,0.0201,0.0201,0.0305,0.0196,0.0192,0.0233,0.0398,0.0266,0.0311
cg00087417,0.026,0.0324,0.0267,0.0297,0.025,0.0254,0.0212,0.0675,0.0358
cg12215478,0.0261,0.0278,0.0224,0.0296,0.0249,0.0228,0.0176,0.0562,0.0625
cg12252135,0.0655,0.0699,0.0557,0.0317,0.0381,0.0546,0.0161,0.0844,0.1065
cg02090762,0.1029,0.1176,0.0951,0.0694,0.0641,0.0858,0.0638,0.1243,0.2661
cg14175304,0.0619,0.0609,0.0662,0.0619,0.0582,0.0606,0.0541,0.0757,0.0806
cg22749810,0.0262,0.0303,0.0285,0.0284,0.0297,0.0299,0.0329,0.069,0.054
cg12221087,0.0499,0.0451,0.0457,0.0485,0.0444,0.0532,0.0458,0.0937,0.099
cg06456031,0.0308,0.0307,0.0301,0.0331,0.0306,0.0362,0.0195,0.0419,0.0365
cg10014112,0.0359,0.0425,0.0378,0.0359,0.0394,0.0366,0.0431,0.062,0.0631
cg06277849,0.0662,0.0716,0.0654,0.0646,0.0669,0.0625,0.078,0.0593,0.079
cg23141355,0.0084,0.0188,0.021,0.0128,0.0255,0.0103,0.0128,0.0082,0.0807
cg12281446,0.047,0.0708,0.0979,0.0516,0.0803,0.0458,0.0311,0.0409,0.0829
cg01465169,0.02,0.0257,0.0291,0.0255,0.021,0.0262,0.0061,0.0149,0.0236
cg04522310,0.0081,0.0093,0.0084,0.0058,0.006,0.0077,0.0091,0.1598,0.295
cg20521702,0.0514,0.0811,0.0615,0.0521,0.0835,0.0425,0.0055,0.0587,0.1901
cg20879468,0.0388,0.0474,0.045,0.0452,0.04,0.0362,0.0519,0.0502,0.0698
cg23531640,0.0688,0.2513,0.0678,0.0968,0.1344,0.0866,0.0515,0.0577,0.081
cg22453113,0.0199,0.0212,0.0218,0.0201,0.0184,0.0219,0.0115,0.0269,0.4835
cg15944766,0.014,0.0698,0.2309,0.0523,0.3701,0.0183,0.0247,0.1492,0.2534
cg00510870,0.0818,0.2192,0.4178,0.2176,0.5233,0.0966,0.0865,0.3517,0.4076
cg21844316,0.0208,0.0243,0.0226,0.025,0.0195,0.0208,0.0132,0.013,0.0084
cg12944530,0.0224,0.0202,0.021,0.0203,0.0223,0.0216,0.0113,0.03,0.0848
cg22982767,0.0424,0.0454,0.1361,0.0824,0.2121,0.0611,0.0688,0.05,0.4149
cg24681845,0.0111,0.0585,0.0162,0.0106,0.0175,0.0061,0.0048,0.0754,0.0305
cg13596208,0.0341,0.1813,0.1039,0.1251,0.1483,0.0312,0.0888,0.0381,0.0514
cg24452181,0.065,0.102,0.1096,0.0946,0.0796,0.0661,0.035,0.0402,0.0506
cg26072437,0.1307,0.1457,0.1918,0.1576,0.2263,0.1138,0.0366,0.0604,0.0706
cg16842643,0.099,0.1432,0.1532,0.1131,0.1904,0.0678,0.0491,0.0812,0.078
cg05960182,0.2078,0.2356,0.0445,0.1952,0.0542,0.2132,0.1949,0.0495,0.1009
cg23704802,0.0433,0.0945,0.0419,0.0438,0.0442,0.0409,0.0116,0.2361,0.0786
cg26072437,0.1307,0.1457,0.1918,0.1576,0.2263,0.1138,0.0366,0.0604,0.0706
cg16842643,0.099,0.1432,0.1532,0.1131,0.1904,0.0678,0.0491,0.0812,0.078
cg07538339,0.0849,0.1157,0.0899,0.0744,0.102,0.0965,0.0421,0.3962,0.0997
cg07874353,0.0496,0.0551,0.1172,0.0529,0.1293,0.0562,0.0323,0.0497,0.0664
cg01251150,0.0432,0.1329,0.2259,0.0395,0.0904,0.0376,0.0267,0.0582,0.2507
cg12238593,0.0577,0.0612,0.039,0.045,0.0441,0.0579,0.0729,0.1025,0.0769
cg08404328,0.0422,0.0478,0.0522,0.0474,0.0548,0.0416,0.0445,0.0399,0.0469
cg14511739,0.0212,0.0312,0.0375,0.0309,0.0256,0.0263,0.0174,0.0287,0.0224
cg03667968,0.0056,0.0088,0.0096,0.006,0.0107,0.0034,0.0062,0.0014,0.0253
cg11613015,0.0087,0.0075,0.007,0.0114,0.0156,0.0126,0.0176,0.0,0.0122
cg22035501,0.0211,0.0283,0.032,0.0252,0.0293,0.0266,0.0206,0.0397,0.0162
cg14479889,0.0568,0.057,0.0545,0.059,0.0613,0.0514,0.0326,0.0448,0.0794
cg16970232,0.0418,0.0434,0.0454,0.0381,0.0454,0.0385,0.0302,0.0576,0.0957
cg19235339,0.0038,0.0021,0.0068,0.0054,0.0047,0.0052,0.0101,0.0141,0.0242
cg03667968,0.0056,0.0088,0.0096,0.006,0.0107,0.0034,0.0062,0.0014,0.0253
cg11613015,0.0087,0.0075,0.007,0.0114,0.0156,0.0126,0.0176,0.0,0.0122
cg22035501,0.0211,0.0283,0.032,0.0252,0.0293,0.0266,0.0206,0.0397,0.0162
cg14479889,0.0568,0.057,0.0545,0.059,0.0613,0.0514,0.0326,0.0448,0.0794
cg16970232,0.0418,0.0434,0.0454,0.0381,0.0454,0.0385,0.0302,0.0576,0.0957
cg18486102,0.0058,0.02,0.0041,0.0062,0.005,0.0056,0.0075,0.006,0.0218
cg06947913,0.0396,0.0557,0.0444,0.044,0.038,0.046,0.013,0.0248,0.0665
cg14511739,0.0212,0.0312,0.0375,0.0309,0.0256,0.0263,0.0174,0.0287,0.0224
cg03667968,0.0056,0.0088,0.0096,0.006,0.0107,0.0034,0.0062,0.0014,0.0253
cg11613015,0.0087,0.0075,0.007,0.0114,0.0156,0.0126,0.0176,0.0,0.0122
cg22035501,0.0211,0.0283,0.032,0.0252,0.0293,0.0266,0.0206,0.0397,0.0162
cg14479889,0.0568,0.057,0.0545,0.059,0.0613,0.0514,0.0326,0.0448,0.0794
cg16970232,0.0418,0.0434,0.0454,0.0381,0.0454,0.0385,0.0302,0.0576,0.0957
cg08571859,0.0643,0.0552,0.0628,0.0627,0.0562,0.0622,0.0381,0.0554,0.0624
cg00577935,0.0345,0.031,0.0353,0.0341,0.033,0.0338,0.0282,0.0432,0.0425
cg18246368,0.0121,0.0154,0.0126,0.0123,0.013,0.0112,0.0015,0.0093,0.0941
cg05339066,0.0347,0.0422,0.0509,0.0457,0.063,0.0319,0.0383,0.0746,0.0566
cg18192294,0.0244,0.0239,0.0317,0.0295,0.0445,0.0207,0.0163,0.0271,0.0189
cg11861709,0.0688,0.0823,0.1087,0.0972,0.1353,0.0712,0.0537,0.091,0.1099
cg10131095,0.0928,0.0981,0.107,0.0967,0.1003,0.0912,0.0669,0.0645,0.0636
cg06981182,0.047,0.0622,0.0836,0.0748,0.1111,0.0442,0.0492,0.0887,0.0734
cg06118999,0.048,0.0573,0.0705,0.0615,0.0956,0.0533,0.0643,0.0821,0.0602
cg15467646,0.0046,0.0085,0.0098,0.0025,0.0128,0.007,0.0093,0.0114,0.0965
cg04301104,0.0066,0.0342,0.0312,0.0104,0.0803,0.015,0.0099,0.0226,0.0189
cg17194154,0.0073,0.0488,0.0172,0.0094,0.0303,0.0057,0.0046,0.0119,0.0544
cg14511739,0.0212,0.0312,0.0375,0.0309,0.0256,0.0263,0.0174,0.0287,0.0224
cg11613015,0.0087,0.0075,0.007,0.0114,0.0156,0.0126,0.0176,0.0,0.0122
cg22035501,0.0211,0.0283,0.032,0.0252,0.0293,0.0266,0.0206,0.0397,0.0162
cg08571859,0.0643,0.0552,0.0628,0.0627,0.0562,0.0622,0.0381,0.0554,0.0624
cg00577935,0.0345,0.031,0.0353,0.0341,0.033,0.0338,0.0282,0.0432,0.0425
cg21453451,0.0398,0.0758,0.0599,0.0472,0.0907,0.0472,0.034,0.021,0.0804
cg18562243,0.1181,0.1883,0.1863,0.1331,0.2309,0.1246,0.1012,0.1202,0.2338
cg03637815,0.0132,0.0777,0.0317,0.0164,0.0476,0.0113,0.0095,0.0195,0.1338
cg12534150,0.0323,0.0355,0.0413,0.0363,0.0396,0.0317,0.0189,0.0615,0.0536
cg05339066,0.0347,0.0422,0.0509,0.0457,0.063,0.0319,0.0383,0.0746,0.0566
cg18192294,0.0244,0.0239,0.0317,0.0295,0.0445,0.0207,0.0163,0.0271,0.0189
cg10131095,0.0928,0.0981,0.107,0.0967,0.1003,0.0912,0.0669,0.0645,0.0636
cg06981182,0.047,0.0622,0.0836,0.0748,0.1111,0.0442,0.0492,0.0887,0.0734
cg06118999,0.048,0.0573,0.0705,0.0615,0.0956,0.0533,0.0643,0.0821,0.0602
cg18486102,0.0058,0.02,0.0041,0.0062,0.005,0.0056,0.0075,0.006,0.0218
cg06947913,0.0396,0.0557,0.0444,0.044,0.038,0.046,0.013,0.0248,0.0665
cg14511739,0.0212,0.0312,0.0375,0.0309,0.0256,0.0263,0.0174,0.0287,0.0224
cg22035501,0.0211,0.0283,0.032,0.0252,0.0293,0.0266,0.0206,0.0397,0.0162
cg08571859,0.0643,0.0552,0.0628,0.0627,0.0562,0.0622,0.0381,0.0554,0.0624
cg00577935,0.0345,0.031,0.0353,0.0341,0.033,0.0338,0.0282,0.0432,0.0425
cg10731700,0.0634,0.0873,0.0856,0.0778,0.0786,0.0863,0.0341,0.0274,0.03
cg24416513,0.0072,0.2049,0.0201,0.0098,0.0431,0.0046,0.0107,0.0142,0.0387
cg24704730,0.0131,0.1518,0.0143,0.0072,0.0126,0.0066,0.0026,0.0024,0.0133
cg23938220,0.0181,0.0213,0.0228,0.0151,0.0229,0.0165,0.0138,0.017,0.091
cg02511809,0.1712,0.1826,0.1956,0.1781,0.1811,0.1758,0.1238,0.2209,0.2187
cg20311501,0.084,0.0785,0.085,0.075,0.0861,0.0834,0.0794,0.1042,0.1608
cg03357798,0.011,0.1224,0.0209,0.0175,0.0596,0.0108,0.0081,0.0049,0.0701
cg23179456,0.0088,0.0162,0.0143,0.0145,0.0123,0.0151,0.0139,0.0101,0.045
cg16215203,0.0069,0.0077,0.0088,0.0073,0.0125,0.0063,0.0284,0.0328,0.0581
cg08682544,0.0162,0.0324,0.0236,0.02,0.0232,0.0178,0.0172,0.0073,0.0044
cg06445928,0.1099,0.1303,0.1211,0.1203,0.0952,0.1172,0.0864,0.1099,0.0911
cg08601917,0.0537,0.0576,0.0535,0.0472,0.0487,0.0553,0.0309,0.0399,0.0195
cg26560414,0.0086,0.0151,0.0119,0.0108,0.0098,0.01,0.0115,0.0108,0.0
cg09233013,0.0121,0.0193,0.016,0.0154,0.0128,0.0188,0.0136,0.003,0.0038
cg19275261,0.0196,0.18,0.0757,0.0464,0.1988,0.0062,0.0075,0.0131,0.1203
cg15493073,0.0171,0.0308,0.0305,0.0256,0.0246,0.017,0.0317,0.0713,0.0975
cg03667968,0.0056,0.0088,0.0096,0.006,0.0107,0.0034,0.0062,0.0014,0.0253
cg11613015,0.0087,0.0075,0.007,0.0114,0.0156,0.0126,0.0176,0.0,0.0122
cg22035501,0.0211,0.0283,0.032,0.0252,0.0293,0.0266,0.0206,0.0397,0.0162
cg14479889,0.0568,0.057,0.0545,0.059,0.0613,0.0514,0.0326,0.0448,0.0794
cg16970232,0.0418,0.0434,0.0454,0.0381,0.0454,0.0385,0.0302,0.0576,0.0957
cg27237300,0.0168,0.1632,0.023,0.0135,0.0541,0.0091,0.0026,0.0116,0.0966
cg10451078,0.0444,0.1104,0.0658,0.0503,0.0803,0.0559,0.0239,0.053,0.0581
cg05412333,0.1314,0.2087,0.171,0.1349,0.195,0.1233,0.1039,0.0998,0.1863
cg24369185,0.017,0.0997,0.0433,0.0318,0.0649,0.0175,0.0141,0.0159,0.1737
cg09435929,0.0234,0.0615,0.0642,0.0468,0.0856,0.0245,0.0077,0.0089,0.0391
cg10184889,0.0914,0.1336,0.1206,0.1131,0.1392,0.0972,0.0464,0.0698,0.0761
cg17480760,0.0604,0.1312,0.1177,0.0984,0.1263,0.0844,0.0239,0.0252,0.0894
cg21172458,0.205,0.234,0.2315,0.2096,0.2257,0.1992,0.1227,0.1664,0.1346
cg18447772,0.0046,0.0115,0.0066,0.0081,0.0095,0.0053,0.0084,0.008,0.0242
cg16104915,0.0047,0.0246,0.0041,0.0053,0.0092,0.0039,0.0013,0.0029,0.0223
cg21001184,0.0051,0.0734,0.0278,0.0078,0.0492,0.0092,0.0055,0.0047,0.0474
cg12600174,0.0062,0.0437,0.0111,0.0072,0.0185,0.0043,0.0086,0.0062,0.0393
cg17153122,0.0179,0.0853,0.0307,0.0209,0.0366,0.018,0.0226,0.0507,0.0756
cg09442654,0.0217,0.1736,0.0634,0.0201,0.118,0.0116,0.0095,0.0129,0.0624
cg08860070,0.0239,0.0391,0.0902,0.0511,0.262,0.0131,0.0577,0.0779,0.0143
cg04497116,0.0306,0.051,0.0361,0.0268,0.0462,0.035,0.0373,0.0066,0.0007
cg03667968,0.0056,0.0088,0.0096,0.006,0.0107,0.0034,0.0062,0.0014,0.0253
cg11613015,0.0087,0.0075,0.007,0.0114,0.0156,0.0126,0.0176,0.0,0.0122
cg22035501,0.0211,0.0283,0.032,0.0252,0.0293,0.0266,0.0206,0.0397,0.0162
cg14479889,0.0568,0.057,0.0545,0.059,0.0613,0.0514,0.0326,0.0448,0.0794
cg16970232,0.0418,0.0434,0.0454,0.0381,0.0454,0.0385,0.0302,0.0576,0.0957
cg00355909,0.0156,0.0157,0.0187,0.0117,0.0154,0.012,0.0114,0.0095,0.0016
cg27200446,0.0079,0.0165,0.0097,0.0079,0.0126,0.0098,0.0052,0.0048,0.2634
cg23179456,0.0088,0.0162,0.0143,0.0145,0.0123,0.0151,0.0139,0.0101,0.045
cg25556905,0.0137,0.0254,0.0404,0.0133,0.0498,0.011,0.0048,0.0075,0.0767
cg16215203,0.0069,0.0077,0.0088,0.0073,0.0125,0.0063,0.0284,0.0328,0.0581
cg10682155,0.0087,0.0272,0.0209,0.0129,0.0278,0.0136,0.006,0.0585,0.0589
cg08682544,0.0162,0.0324,0.0236,0.02,0.0232,0.0178,0.0172,0.0073,0.0044
cg06445928,0.1099,0.1303,0.1211,0.1203,0.0952,0.1172,0.0864,0.1099,0.0911
cg08601917,0.0537,0.0576,0.0535,0.0472,0.0487,0.0553,0.0309,0.0399,0.0195
cg26560414,0.0086,0.0151,0.0119,0.0108,0.0098,0.01,0.0115,0.0108,0.0
cg09233013,0.0121,0.0193,0.016,0.0154,0.0128,0.0188,0.0136,0.003,0.0038
cg05339066,0.0347,0.0422,0.0509,0.0457,0.063,0.0319,0.0383,0.0746,0.0566
cg18192294,0.0244,0.0239,0.0317,0.0295,0.0445,0.0207,0.0163,0.0271,0.0189
cg11861709,0.0688,0.0823,0.1087,0.0972,0.1353,0.0712,0.0537,0.091,0.1099
cg10131095,0.0928,0.0981,0.107,0.0967,0.1003,0.0912,0.0669,0.0645,0.0636
cg06981182,0.047,0.0622,0.0836,0.0748,0.1111,0.0442,0.0492,0.0887,0.0734
cg06118999,0.048,0.0573,0.0705,0.0615,0.0956,0.0533,0.0643,0.0821,0.0602
cg14044640,0.0186,0.0829,0.0784,0.0356,0.0855,0.0276,0.0088,0.0083,0.2141
cg22469274,0.0191,0.0787,0.0486,0.0219,0.0592,0.026,0.0072,0.0141,0.1879
cg00076195,0.0052,0.0684,0.0931,0.0613,0.2962,0.0151,0.0263,0.0876,0.0882
cg08682544,0.0162,0.0324,0.0236,0.02,0.0232,0.0178,0.0172,0.0073,0.0044
cg06445928,0.1099,0.1303,0.1211,0.1203,0.0952,0.1172,0.0864,0.1099,0.0911
cg08601917,0.0537,0.0576,0.0535,0.0472,0.0487,0.0553,0.0309,0.0399,0.0195
cg26560414,0.0086,0.0151,0.0119,0.0108,0.0098,0.01,0.0115,0.0108,0.0
cg09233013,0.0121,0.0193,0.016,0.0154,0.0128,0.0188,0.0136,0.003,0.0038
cg04812509,0.0417,0.0534,0.0489,0.0471,0.0573,0.04,0.0242,0.1107,0.0612
cg14511739,0.0212,0.0312,0.0375,0.0309,0.0256,0.0263,0.0174,0.0287,0.0224
cg22035501,0.0211,0.0283,0.032,0.0252,0.0293,0.0266,0.0206,0.0397,0.0162
cg08571859,0.0643,0.0552,0.0628,0.0627,0.0562,0.0622,0.0381,0.0554,0.0624
cg00577935,0.0345,0.031,0.0353,0.0341,0.033,0.0338,0.0282,0.0432,0.0425
cg18206027,0.0041,0.0293,0.0137,0.0088,0.0442,0.0055,0.008,0.0115,0.1317
cg14060111,0.0107,0.1927,0.0269,0.0154,0.0733,0.0035,0.0066,0.003,0.0847
cg09491991,0.0101,0.1549,0.0265,0.0145,0.0372,0.0107,0.005,0.0032,0.0585
cg25796439,0.0099,0.1411,0.023,0.0122,0.053,0.0056,0.0033,0.0035,0.0516
cg04432319,0.02,0.1932,0.0384,0.0284,0.1254,0.012,0.0031,0.0098,0.1154
cg12664209,0.0154,0.1829,0.0246,0.0161,0.0658,0.0073,0.0037,0.0077,0.0732
cg05241461,0.0286,0.146,0.0818,0.0286,0.125,0.0176,0.0136,0.0191,0.0729
cg24889512,0.0688,0.1429,0.1056,0.0638,0.1244,0.0637,0.0433,0.0644,0.1091
cg05673098,0.0521,0.0886,0.0728,0.0506,0.0856,0.052,0.0379,0.0718,0.1297
cg14044640,0.0186,0.0829,0.0784,0.0356,0.0855,0.0276,0.0088,0.0083,0.2141
cg22469274,0.0191,0.0787,0.0486,0.0219,0.0592,0.026,0.0072,0.0141,0.1879
cg16283362,0.0337,0.1862,0.089,0.0471,0.1601,0.0351,0.0209,0.0194,0.0569
cg18845377,0.0128,0.119,0.044,0.021,0.0698,0.0148,0.0048,0.004,0.0216
cg00179217,0.0274,0.0266,0.0405,0.0316,0.0377,0.029,0.0173,0.0369,0.1894
cg20616414,0.0203,0.0744,0.0254,0.0235,0.0265,0.0173,0.0072,0.055,0.2254
cg20536983,0.0585,0.2597,0.0634,0.0649,0.1058,0.0661,0.0136,0.028,0.0499
cg03304380,0.025,0.2004,0.0164,0.0167,0.0431,0.0069,0.0049,0.0079,0.0421
cg02637318,0.0212,0.11,0.0524,0.0452,0.0787,0.021,0.0151,0.018,0.3277
cg01639032,0.0093,0.0182,0.0121,0.0108,0.017,0.0129,0.0151,0.0104,0.2179
cg22715094,0.0582,0.0642,0.0648,0.0552,0.0611,0.0626,0.0762,0.1569,0.1039
cg05339066,0.0347,0.0422,0.0509,0.0457,0.063,0.0319,0.0383,0.0746,0.0566
cg18192294,0.0244,0.0239,0.0317,0.0295,0.0445,0.0207,0.0163,0.0271,0.0189
cg11861709,0.0688,0.0823,0.1087,0.0972,0.1353,0.0712,0.0537,0.091,0.1099
cg10131095,0.0928,0.0981,0.107,0.0967,0.1003,0.0912,0.0669,0.0645,0.0636
cg06981182,0.047,0.0622,0.0836,0.0748,0.1111,0.0442,0.0492,0.0887,0.0734
cg06118999,0.048,0.0573,0.0705,0.0615,0.0956,0.0533,0.0643,0.0821,0.0602
cg14547067,0.0043,0.0101,0.0018,0.0036,0.005,0.0038,0.0019,0.0025,0.0045
cg09591072,0.0092,0.055,0.0125,0.005,0.0148,0.0088,0.0032,0.1524,0.0322
cg16283362,0.0337,0.1862,0.089,0.0471,0.1601,0.0351,0.0209,0.0194,0.0569
cg18845377,0.0128,0.119,0.044,0.021,0.0698,0.0148,0.0048,0.004,0.0216
cg21347053,0.0054,0.0048,0.0052,0.0039,0.0076,0.0034,0.0078,0.0088,0.0286
cg14060111,0.0107,0.1927,0.0269,0.0154,0.0733,0.0035,0.0066,0.003,0.0847
cg09491991,0.0101,0.1549,0.0265,0.0145,0.0372,0.0107,0.005,0.0032,0.0585
cg25796439,0.0099,0.1411,0.023,0.0122,0.053,0.0056,0.0033,0.0035,0.0516
cg04432319,0.02,0.1932,0.0384,0.0284,0.1254,0.012,0.0031,0.0098,0.1154
cg12664209,0.0154,0.1829,0.0246,0.0161,0.0658,0.0073,0.0037,0.0077,0.0732
cg15020645,0.0298,0.0357,0.0827,0.0527,0.092,0.0292,0.0192,0.0374,0.1386
cg00210473,0.0653,0.093,0.0899,0.0638,0.0986,0.0615,0.0615,0.066,0.0899
cg13703049,0.005,0.0663,0.0085,0.007,0.0162,0.0058,0.017,0.0157,0.1968
cg27028923,0.133,0.1924,0.127,0.0864,0.1656,0.1007,0.0876,0.0868,0.166
cg00027083,0.0236,0.2288,0.0501,0.0468,0.1588,0.0083,0.0012,0.0,0.1535
cg09408917,0.1525,0.2256,0.2103,0.1573,0.2212,0.1544,0.156,0.3102,0.2816
cg17727929,0.087,0.1272,0.103,0.078,0.1067,0.0699,0.0637,0.2762,0.1569
cg15814504,0.0675,0.1819,0.1402,0.0823,0.171,0.0592,0.0324,0.0474,0.0948
cg23286646,0.021,0.0889,0.0448,0.0264,0.0719,0.0216,0.0086,0.4328,0.077
cg17293936,0.1427,0.1629,0.093,0.0954,0.1546,0.1988,0.0248,0.0256,0.0748
cg07147449,0.0108,0.0622,0.0161,0.0089,0.029,0.0073,0.0138,0.0086,0.0302
cg22586653,0.0918,0.1752,0.1186,0.0922,0.1578,0.0814,0.0767,0.0675,0.0948
cg02091605,0.0591,0.1268,0.0916,0.0681,0.1105,0.0554,0.0662,0.0612,0.0772
cg23697546,0.0372,0.1066,0.0644,0.0588,0.1008,0.0464,0.0432,0.099,0.1607
cg25556905,0.0137,0.0254,0.0404,0.0133,0.0498,0.011,0.0048,0.0075,0.0767
cg16215203,0.0069,0.0077,0.0088,0.0073,0.0125,0.0063,0.0284,0.0328,0.0581
cg18192294,0.0244,0.0239,0.0317,0.0295,0.0445,0.0207,0.0163,0.0271,0.0189
cg11861709,0.0688,0.0823,0.1087,0.0972,0.1353,0.0712,0.0537,0.091,0.1099
cg10131095,0.0928,0.0981,0.107,0.0967,0.1003,0.0912,0.0669,0.0645,0.0636
cg06981182,0.047,0.0622,0.0836,0.0748,0.1111,0.0442,0.0492,0.0887,0.0734
cg06118999,0.048,0.0573,0.0705,0.0615,0.0956,0.0533,0.0643,0.0821,0.0602
cg08857144,0.0114,0.0277,0.0258,0.014,0.0328,0.0134,0.0043,0.0241,0.0507
cg24347663,0.0058,0.0168,0.0137,0.0076,0.022,0.0042,0.0045,0.0053,0.0233
cg11641791,0.0635,0.1282,0.3033,0.0812,0.4248,0.0524,0.0098,0.038,0.0432
cg23776012,0.0882,0.1516,0.2447,0.107,0.3014,0.0783,0.0229,0.0594,0.1034
cg10050661,0.1325,0.2288,0.3834,0.1641,0.4566,0.1162,0.0816,0.0813,0.1673
cg12029804,0.0965,0.1687,0.2221,0.1121,0.2964,0.0885,0.0788,0.0714,0.1377
cg20383155,0.0463,0.0486,0.0532,0.0455,0.0533,0.0476,0.0348,0.049,0.0712
cg18363192,0.0232,0.0283,0.0323,0.0251,0.0272,0.023,0.039,0.0638,0.0787
cg27347290,0.0511,0.0555,0.0558,0.053,0.0514,0.0505,0.0416,0.0537,0.0744
cg09435929,0.0234,0.0615,0.0642,0.0468,0.0856,0.0245,0.0077,0.0089,0.0391
cg10184889,0.0914,0.1336,0.1206,0.1131,0.1392,0.0972,0.0464,0.0698,0.0761
cg17480760,0.0604,0.1312,0.1177,0.0984,0.1263,0.0844,0.0239,0.0252,0.0894
cg21172458,0.205,0.234,0.2315,0.2096,0.2257,0.1992,0.1227,0.1664,0.1346
cg19542816,0.0448,0.1717,0.0725,0.0489,0.0882,0.0368,0.0136,0.0164,0.0454
cg23420260,0.0346,0.2204,0.0842,0.0392,0.1189,0.0285,0.0124,0.0099,0.0443
cg03450948,0.0611,0.2348,0.1088,0.0592,0.1491,0.0537,0.0269,0.0091,0.0438
cg05099387,0.115,0.2746,0.1689,0.1233,0.2029,0.1069,0.0373,0.0184,0.0612
cg02150988,0.105,0.2208,0.1562,0.1149,0.1802,0.1004,0.1034,0.0733,0.1099
cg03075709,0.07,0.0828,0.0731,0.047,0.0802,0.0457,0.0301,0.1332,0.2213
cg21041775,0.0741,0.1476,0.1147,0.0795,0.1257,0.0665,0.0555,0.1063,0.2498
cg23164183,0.0116,0.0549,0.0342,0.0137,0.0383,0.0095,0.0092,0.0288,0.1437
cg17364114,0.0151,0.1901,0.0269,0.0124,0.0492,0.0083,0.0014,0.0011,0.0453
cg17924936,0.079,0.2395,0.1743,0.0898,0.1787,0.0851,0.049,0.0822,0.167
cg24080247,0.1124,0.1919,0.1492,0.1138,0.1617,0.1108,0.0602,0.2805,0.1817
cg14473102,0.0432,0.3105,0.0602,0.0579,0.1149,0.0167,0.0036,0.0099,0.1357
cg23938220,0.0181,0.0213,0.0228,0.0151,0.0229,0.0165,0.0138,0.017,0.091
cg02511809,0.1712,0.1826,0.1956,0.1781,0.1811,0.1758,0.1238,0.2209,0.2187
cg20311501,0.084,0.0785,0.085,0.075,0.0861,0.0834,0.0794,0.1042,0.1608
cg25324105,0.0192,0.0586,0.0537,0.0232,0.0878,0.0156,0.0121,0.0047,0.0593
cg03611452,0.022,0.0678,0.0612,0.0214,0.1138,0.0197,0.0136,0.0108,0.0611
cg14060111,0.0107,0.1927,0.0269,0.0154,0.0733,0.0035,0.0066,0.003,0.0847
cg09491991,0.0101,0.1549,0.0265,0.0145,0.0372,0.0107,0.005,0.0032,0.0585
cg25796439,0.0099,0.1411,0.023,0.0122,0.053,0.0056,0.0033,0.0035,0.0516
cg04432319,0.02,0.1932,0.0384,0.0284,0.1254,0.012,0.0031,0.0098,0.1154
cg12664209,0.0154,0.1829,0.0246,0.0161,0.0658,0.0073,0.0037,0.0077,0.0732
cg08634464,0.046,0.0441,0.0442,0.0435,0.0356,0.0342,0.0457,0.1223,0.017
cg00473031,0.0434,0.048,0.0479,0.0474,0.047,0.0436,0.0407,0.0805,0.0624
cg14060111,0.0107,0.1927,0.0269,0.0154,0.0733,0.0035,0.0066,0.003,0.0847
cg09491991,0.0101,0.1549,0.0265,0.0145,0.0372,0.0107,0.005,0.0032,0.0585
cg25796439,0.0099,0.1411,0.023,0.0122,0.053,0.0056,0.0033,0.0035,0.0516
cg04432319,0.02,0.1932,0.0384,0.0284,0.1254,0.012,0.0031,0.0098,0.1154
cg12664209,0.0154,0.1829,0.0246,0.0161,0.0658,0.0073,0.0037,0.0077,0.0732
cg25287257,0.0154,0.057,0.0202,0.0185,0.0171,0.0155,0.0072,0.0134,0.0809
cg08720517,0.113,0.1107,0.1268,0.0816,0.1455,0.1054,0.0433,0.0525,0.0724
cg08368654,0.0266,0.1253,0.0557,0.025,0.0802,0.0253,0.0133,0.0177,0.0657
cg25412017,0.0112,0.026,0.0123,0.0085,0.0122,0.0118,0.035,0.0011,0.0143
cg24625136,0.0215,0.0307,0.0236,0.0201,0.0196,0.0205,0.0303,0.0441,0.0477
cg16600991,0.0052,0.0131,0.0097,0.008,0.0122,0.0069,0.0047,0.0027,0.084
cg23394391,0.0217,0.0283,0.037,0.0282,0.0349,0.0153,0.009,0.0089,0.061
cg14487131,0.0149,0.1373,0.0325,0.0134,0.0739,0.0106,0.0068,0.0024,0.0612
cg27622506,0.0064,0.0141,0.0264,0.0202,0.0508,0.0126,0.0017,0.0211,0.0392
cg21303011,0.0229,0.0234,0.0448,0.0346,0.0892,0.033,0.0233,0.0452,0.0819
cg00323305,0.0066,0.011,0.0219,0.0117,0.0494,0.01,0.0024,0.0138,0.0472
cg00579859,0.0246,0.0266,0.0325,0.0266,0.0313,0.0292,0.0294,0.0397,0.0729
cg27622506,0.0064,0.0141,0.0264,0.0202,0.0508,0.0126,0.0017,0.0211,0.0392
cg21303011,0.0229,0.0234,0.0448,0.0346,0.0892,0.033,0.0233,0.0452,0.0819
cg00323305,0.0066,0.011,0.0219,0.0117,0.0494,0.01,0.0024,0.0138,0.0472
cg06974755,0.0047,0.0035,0.0053,0.0084,0.0052,0.0029,0.0005,0.0357,0.0494
cg27326452,0.0066,0.0649,0.0117,0.0083,0.014,0.0052,0.0053,0.0034,0.0807
cg18644703,0.0138,0.0185,0.0185,0.0151,0.0233,0.0124,0.0122,0.0797,0.0664
cg16579438,0.0276,0.0736,0.1606,0.1256,0.2238,0.0249,0.0138,0.4119,0.3601
cg25336332,0.0356,0.0482,0.0619,0.0545,0.091,0.037,0.0194,0.181,0.1493
cg27388911,0.1138,0.1407,0.1924,0.1547,0.2357,0.1209,0.106,0.3796,0.3566
cg25228422,0.0302,0.0564,0.0406,0.0272,0.0516,0.0216,0.0262,0.0095,0.1593
cg14477868,0.1199,0.172,0.1479,0.1186,0.1749,0.1229,0.0944,0.3762,0.241
cg06820621,0.0122,0.0484,0.0204,0.0093,0.0343,0.0098,0.012,0.1987,0.1499
cg18328206,0.0084,0.0187,0.0066,0.0032,0.0052,0.008,0.0068,0.0856,0.0511
cg23094728,0.038,0.0531,0.063,0.0563,0.0787,0.0327,0.0191,0.2033,0.0987
cg13153394,0.0066,0.0175,0.0098,0.0061,0.009,0.0069,0.0004,0.278,0.0396
cg19092164,0.0313,0.0597,0.0417,0.0354,0.0412,0.0341,0.0179,0.348,0.0988
cg06530338,0.0145,0.0206,0.0151,0.0143,0.0174,0.0174,0.0262,0.0332,0.1309
cg20643952,0.0242,0.0651,0.0416,0.0353,0.0511,0.0362,0.0164,0.0146,0.1367
cg21837192,0.0704,0.11,0.0982,0.0814,0.1246,0.08,0.0297,0.0417,0.2247
cg15680720,0.0171,0.0627,0.0137,0.0214,0.0208,0.0193,0.0309,0.0574,0.0643
cg01711746,0.0339,0.0608,0.0446,0.0375,0.0495,0.0378,0.0364,0.0655,0.0701
cg04263163,0.0256,0.0809,0.0689,0.019,0.0421,0.0208,0.0158,0.0159,0.0102
cg10800464,0.0107,0.014,0.0261,0.0099,0.0289,0.0105,0.0335,0.0774,0.0557
cg24496841,0.0353,0.0409,0.047,0.0407,0.047,0.0356,0.0412,0.0532,0.2307
cg09799633,0.003,0.0022,0.0015,0.0013,0.0024,0.0029,0.002,0.0113,0.0142
cg19537645,0.0119,0.0151,0.0156,0.0143,0.0107,0.0125,0.0022,0.0517,0.022
cg16168668,0.0286,0.0413,0.0424,0.0373,0.0479,0.0274,0.0245,0.1804,0.1803
cg03078363,0.0314,0.0849,0.0515,0.0302,0.0782,0.0237,0.0141,0.1685,0.116
cg10624122,0.0173,0.0433,0.0395,0.0207,0.0489,0.0174,0.0171,0.2763,0.3034
cg23533254,0.0052,0.0047,0.0053,0.0039,0.0033,0.0012,0.0118,0.0142,0.0009
cg00859352,0.0254,0.0295,0.0213,0.0204,0.0216,0.0196,0.0225,0.0582,0.0243
cg01665174,0.0779,0.0667,0.0725,0.0681,0.0684,0.0746,0.0446,0.1053,0.0936
cg02146001,0.0289,0.1116,0.0541,0.0342,0.0764,0.0303,0.0157,0.0243,0.1802
cg09339194,0.0487,0.13,0.0967,0.0533,0.1156,0.0466,0.0235,0.0283,0.1681
cg23770904,0.0156,0.0799,0.0412,0.023,0.0524,0.0177,0.0166,0.0145,0.1198
cg17147466,0.021,0.0154,0.0992,0.1198,0.1514,0.0134,0.1976,0.1968,0.2032
cg24643012,0.0338,0.0325,0.0393,0.0488,0.0653,0.0329,0.039,0.1016,0.136
cg23002268,0.0154,0.0167,0.0178,0.0106,0.0146,0.015,0.0029,0.0264,0.0404
cg12333707,0.4523,0.4467,0.4516,0.4516,0.4631,0.4568,0.3628,0.5236,0.4496
cg25108022,0.0293,0.0397,0.0396,0.0332,0.0349,0.0371,0.0141,0.0306,0.0282
cg21770330,0.0351,0.0366,0.0345,0.0332,0.0385,0.0365,0.0297,0.1144,0.0515
cg21533331,0.047,0.0566,0.0452,0.0488,0.0507,0.0438,0.0338,0.296,0.2991
cg02128244,0.0713,0.1846,0.0894,0.0798,0.1058,0.0686,0.0623,0.4768,0.4184
cg19612309,0.0184,0.0225,0.0479,0.0293,0.0983,0.0272,0.0095,0.0511,0.153
cg17869355,0.0312,0.0854,0.0495,0.0627,0.0632,0.0337,0.0292,0.113,0.0635
cg10805850,0.0291,0.0527,0.0633,0.0419,0.0832,0.0336,0.0114,0.2157,0.3062
cg22991320,0.0372,0.0452,0.0392,0.0381,0.0632,0.0263,0.0474,0.2938,0.1329
cg19155932,0.0891,0.102,0.0997,0.0948,0.1356,0.0831,0.0336,0.3416,0.1715
cg07655948,0.143,0.1455,0.1463,0.145,0.1522,0.1393,0.0849,0.4864,0.2289
cg25906442,0.0206,0.0248,0.0225,0.0212,0.0401,0.0181,0.0083,0.3144,0.0869
cg09663111,0.1645,0.1495,0.1578,0.1634,0.1978,0.1518,0.1077,0.5222,0.3017
cg05173913,0.0047,0.0097,0.0119,0.0064,0.0167,0.0116,0.0167,0.1458,0.2637
cg09941406,0.0459,0.1223,0.1159,0.0632,0.1829,0.0408,0.0172,0.0246,0.3567
cg19794507,0.0253,0.0922,0.0491,0.0295,0.0945,0.0171,0.0126,0.0385,0.2304
cg12258785,0.0258,0.0556,0.1181,0.0588,0.1631,0.0286,0.0335,0.2343,0.206
cg27318546,0.0298,0.0682,0.0644,0.0471,0.0547,0.034,0.0198,0.0955,0.0999
cg24436715,0.0122,0.0823,0.0243,0.0142,0.0342,0.0098,0.0294,0.3081,0.3922
cg25720793,0.0271,0.0312,0.0263,0.0221,0.0258,0.0295,0.0221,0.1324,0.0527
cg19403541,0.0188,0.0308,0.0295,0.0153,0.0353,0.0153,0.0357,0.1528,0.0585
cg13686615,0.0034,0.0122,0.004,0.0062,0.0068,0.0054,0.0308,0.0047,0.0689
cg01579289,0.0038,0.0145,0.005,0.0031,0.0081,0.0032,0.0111,0.0131,0.0546
cg06572420,0.0662,0.1738,0.0945,0.0519,0.09,0.0574,0.0299,0.0486,0.0731
cg02208657,0.0861,0.2184,0.1456,0.0804,0.1596,0.0775,0.0578,0.1169,0.1658
cg18036569,0.0418,0.0663,0.0707,0.051,0.0883,0.0439,0.0266,0.0481,0.052
cg25623977,0.0171,0.0123,0.0142,0.0162,0.0126,0.0137,0.018,0.0959,0.0819
cg05963690,0.0416,0.0473,0.045,0.0414,0.0429,0.0372,0.0513,0.213,0.2295
cg26091021,0.0218,0.1777,0.0601,0.0221,0.1097,0.0177,0.0063,0.5024,0.2702
cg16842767,0.0036,0.0097,0.0166,0.0081,0.0192,0.0075,0.0154,0.3116,0.1155
cg07669260,0.1277,0.1833,0.1814,0.1437,0.1731,0.1129,0.1068,0.3861,0.2485
cg14627348,0.0288,0.1504,0.0522,0.0308,0.0706,0.0231,0.0205,0.0193,0.1712
cg13843266,0.0268,0.0493,0.0403,0.0369,0.0528,0.0251,0.0191,0.0777,0.0424
cg26279021,0.0576,0.114,0.0932,0.0896,0.1209,0.0723,0.0488,0.3022,0.2443
cg27334919,0.1156,0.2004,0.2008,0.1398,0.237,0.1149,0.0932,0.405,0.3973
cg20236513,0.013,0.0167,0.0563,0.0226,0.055,0.013,0.0086,0.067,0.0688
cg22877570,0.0063,0.0043,0.0143,0.0052,0.0082,0.0047,0.0793,0.1054,0.0421
cg02704158,0.0545,0.1291,0.0819,0.0534,0.0996,0.0596,0.0342,0.0504,0.0945
cg25194822,0.0582,0.0864,0.0777,0.1009,0.0862,0.0613,0.0493,0.0991,0.116
cg10199606,0.0528,0.084,0.0629,0.0572,0.0749,0.0577,0.0591,0.1985,0.07
cg02863073,0.0363,0.0842,0.0461,0.031,0.0638,0.03,0.043,0.0163,0.1144
cg08031151,0.0736,0.1107,0.0876,0.0586,0.1024,0.058,0.0329,0.0732,0.1078
cg04225368,0.0438,0.0432,0.0476,0.0454,0.0538,0.0475,0.0386,0.176,0.1855
cg11236429,0.0127,0.0873,0.0372,0.0145,0.065,0.0064,0.0015,0.1302,0.1464
cg04904385,0.0431,0.056,0.0683,0.0501,0.0692,0.0446,0.0316,0.3689,0.2819
cg14391419,0.0285,0.092,0.0506,0.0254,0.0698,0.0202,0.0066,0.3489,0.3783
cg10126205,0.0226,0.1084,0.0607,0.0264,0.0888,0.021,0.0076,0.413,0.4157
cg21424940,0.097,0.1558,0.1325,0.1001,0.1518,0.0929,0.0743,0.3669,0.3641
cg01765077,0.0331,0.0463,0.0697,0.0263,0.0706,0.0451,0.0292,0.2862,0.1493
cg15825731,0.0067,0.0143,0.0129,0.0064,0.0101,0.0094,0.0187,0.0213,0.0951
cg07899997,0.0598,0.1015,0.0808,0.0604,0.1033,0.0569,0.0381,0.335,0.2542
cg18533397,0.0201,0.01,0.0424,0.0268,0.0318,0.0195,0.0219,0.2754,0.1014
cg22221025,0.0828,0.0876,0.1019,0.0893,0.1063,0.0856,0.0859,0.2594,0.2039
cg00924017,0.125,0.1007,0.1771,0.1436,0.1678,0.1294,0.1483,0.4116,0.2605
cg27622506,0.0064,0.0141,0.0264,0.0202,0.0508,0.0126,0.0017,0.0211,0.0392
cg21303011,0.0229,0.0234,0.0448,0.0346,0.0892,0.033,0.0233,0.0452,0.0819
cg00323305,0.0066,0.011,0.0219,0.0117,0.0494,0.01,0.0024,0.0138,0.0472
cg03892356,0.0576,0.0986,0.0801,0.1007,0.1052,0.0725,0.0745,0.1241,0.31
cg24369185,0.017,0.0997,0.0433,0.0318,0.0649,0.0175,0.0141,0.0159,0.1737
cg13153394,0.0066,0.0175,0.0098,0.0061,0.009,0.0069,0.0004,0.278,0.0396
cg19092164,0.0313,0.0597,0.0417,0.0354,0.0412,0.0341,0.0179,0.348,0.0988
cg04904385,0.0431,0.056,0.0683,0.0501,0.0692,0.0446,0.0316,0.3689,0.2819
cg14391419,0.0285,0.092,0.0506,0.0254,0.0698,0.0202,0.0066,0.3489,0.3783
cg10126205,0.0226,0.1084,0.0607,0.0264,0.0888,0.021,0.0076,0.413,0.4157
cg21424940,0.097,0.1558,0.1325,0.1001,0.1518,0.0929,0.0743,0.3669,0.3641
cg05600350,0.0118,0.0644,0.0125,0.007,0.0142,0.0064,0.0176,0.0603,0.0551
cg05848863,0.0029,0.007,0.027,0.0063,0.0551,0.0028,0.0069,0.1619,0.0098
cg14386951,0.0084,0.0401,0.0191,0.0127,0.0296,0.0082,0.0084,0.0302,0.1019
cg04704531,0.0467,0.1273,0.0998,0.0838,0.1334,0.0598,0.0163,0.4923,0.1439
cg16937769,0.0645,0.1272,0.1034,0.0854,0.1246,0.0795,0.0456,0.4804,0.1912
cg26920902,0.057,0.069,0.0609,0.0567,0.0697,0.0532,0.0267,0.0676,0.0947
cg20340866,0.054,0.1653,0.1436,0.0764,0.1952,0.0612,0.0347,0.022,0.3323
cg14639847,0.0492,0.0627,0.0534,0.0438,0.0822,0.0469,0.0353,0.0685,0.2241
cg07541701,0.0582,0.0874,0.0875,0.0646,0.1366,0.0536,0.0488,0.0835,0.3923
cg16854917,0.0325,0.0693,0.0873,0.046,0.1064,0.0331,0.0249,0.1229,0.4346
cg17519645,0.178,0.3399,0.4331,0.2418,0.4957,0.1862,0.1159,0.5494,0.7015
cg00781110,0.011,0.0423,0.0244,0.0133,0.032,0.011,0.0073,0.1678,0.2284
cg07917269,0.1866,0.2389,0.2214,0.2074,0.2482,0.1838,0.1521,0.3543,0.3553
cg25828462,0.0904,0.1376,0.128,0.0979,0.1346,0.0947,0.0832,0.3054,0.3096
cg05547902,0.0993,0.1435,0.136,0.1021,0.1522,0.0949,0.0794,0.2659,0.2886
cg13534901,0.0277,0.0324,0.0324,0.0326,0.0383,0.0241,0.0532,0.0817,0.0427
cg07137336,0.047,0.0828,0.0649,0.0446,0.075,0.0403,0.0444,0.1064,0.1008
cg18466674,0.0114,0.0324,0.0192,0.0144,0.0343,0.014,0.0071,0.0112,0.1088
cg23291280,0.0306,0.1495,0.0433,0.0351,0.0673,0.0245,0.0064,0.3791,0.3748
cg02128244,0.0713,0.1846,0.0894,0.0798,0.1058,0.0686,0.0623,0.4768,0.4184
cg02146001,0.0289,0.1116,0.0541,0.0342,0.0764,0.0303,0.0157,0.0243,0.1802
cg09339194,0.0487,0.13,0.0967,0.0533,0.1156,0.0466,0.0235,0.0283,0.1681
cg23770904,0.0156,0.0799,0.0412,0.023,0.0524,0.0177,0.0166,0.0145,0.1198
cg21608237,0.0204,0.0954,0.044,0.0252,0.068,0.0251,0.0057,0.0687,0.0607
cg27002516,0.0114,0.0153,0.0326,0.0169,0.0199,0.0143,0.0249,0.173,0.1514
cg07466807,0.013,0.0171,0.0151,0.0168,0.0172,0.021,0.0259,0.0945,0.0947
cg25667841,0.0214,0.0289,0.0411,0.0241,0.0417,0.0245,0.0257,0.0501,0.067
cg14388488,0.0808,0.0727,0.1005,0.0891,0.0987,0.0779,0.0583,0.1287,0.1806
cg18872321,0.0329,0.0449,0.0508,0.0388,0.0508,0.0328,0.0203,0.0443,0.0919
cg01694451,0.4924,0.5188,0.5714,0.4979,0.5954,0.4544,0.5056,0.4925,0.3844
cg01265531,0.1091,0.0898,0.0905,0.0664,0.1035,0.0719,0.0808,0.1443,0.1251
cg04904385,0.0431,0.056,0.0683,0.0501,0.0692,0.0446,0.0316,0.3689,0.2819
cg14391419,0.0285,0.092,0.0506,0.0254,0.0698,0.0202,0.0066,0.3489,0.3783
cg10126205,0.0226,0.1084,0.0607,0.0264,0.0888,0.021,0.0076,0.413,0.4157
cg21424940,0.097,0.1558,0.1325,0.1001,0.1518,0.0929,0.0743,0.3669,0.3641
cg23533254,0.0052,0.0047,0.0053,0.0039,0.0033,0.0012,0.0118,0.0142,0.0009
cg00859352,0.0254,0.0295,0.0213,0.0204,0.0216,0.0196,0.0225,0.0582,0.0243
cg20866711,0.053,0.0831,0.0709,0.0589,0.0615,0.0592,0.0381,0.0631,0.0664
cg26374686,0.0821,0.0608,0.0572,0.074,0.0736,0.0928,0.138,0.3445,0.2376
cg27583307,0.0449,0.0609,0.1098,0.0688,0.2094,0.0472,0.0281,0.1445,0.1494
cg19192280,0.0163,0.0537,0.0406,0.0233,0.1051,0.0123,0.0666,0.0654,0.573
cg02925367,0.018,0.026,0.0202,0.0226,0.05,0.0131,0.0199,0.0418,0.539
cg17626960,0.0721,0.0862,0.1086,0.0982,0.1549,0.0696,0.0614,0.2498,0.6774
cg00125306,0.0215,0.0404,0.0657,0.0482,0.0494,0.0229,0.0162,0.1575,0.0486
cg03663120,0.2733,0.9042,0.9721,0.9683,0.9684,0.8542,0.9647,0.9389,0.9497
cg20942286,0.2399,0.9613,0.963,0.929,0.9652,0.5232,0.9453,0.9181,0.9457
cg03963853,0.2236,0.968,0.9597,0.9222,0.9438,0.9342,0.9861,0.9174,0.9447
cg07248377,0.1207,0.8514,0.8011,0.6354,0.6645,0.5604,0.8144,0.7482,0.7905
cg05923857,0.0804,0.9261,0.8411,0.9214,0.9103,0.7966,0.915,0.8679,0.8359
cg24788483,0.1664,0.9385,0.8716,0.9403,0.945,0.8442,0.9603,0.8602,0.8862
cg03126713,0.7162,0.9852,0.983,0.9788,0.9838,0.6459,0.9813,0.9824,0.9836
cg00828556,0.0755,0.9318,0.9598,0.9211,0.9627,0.0656,0.9286,0.9231,0.9257
cg25771026,0.1149,0.768,0.7565,0.7632,0.7685,0.0925,0.8092,0.7553,0.7335
cg11186858,0.1825,0.9548,0.9626,0.9362,0.9707,0.5705,0.9671,0.8258,0.8846
cg05612654,0.3797,0.9119,0.9604,0.9594,0.9681,0.8483,0.9536,0.9286,0.9377
cg13931640,0.1569,0.6697,0.961,0.9185,0.974,0.2737,0.8812,0.9391,0.9443
cg22528270,0.0899,0.9714,0.974,0.9518,0.9674,0.0485,0.9694,0.9139,0.8775
cg15871206,0.3519,0.9762,0.973,0.9456,0.9782,0.5908,0.7333,0.9434,0.9276
cg15310871,0.2656,0.9426,0.9411,0.9402,0.9481,0.8277,0.9598,0.9414,0.9081
cg13500029,0.222,0.9212,0.928,0.9228,0.9151,0.7365,0.9325,0.8958,0.9237
cg10480329,0.0929,0.9007,0.9125,0.912,0.9164,0.8218,0.9555,0.8732,0.8653
cg11231069,0.062,0.604,0.8794,0.5758,0.8506,0.9093,0.9816,0.8964,0.8625
cg12655112,0.0474,0.8756,0.863,0.9434,0.946,0.6783,0.9026,0.7827,0.8696
cg05923857,0.0804,0.9261,0.8411,0.9214,0.9103,0.7966,0.915,0.8679,0.8359
cg24788483,0.1664,0.9385,0.8716,0.9403,0.945,0.8442,0.9603,0.8602,0.8862
cg03549146,0.3317,0.9461,0.9491,0.7266,0.9569,0.2394,0.9297,0.9701,0.9667
cg12458039,0.6293,0.9706,0.9684,0.9691,0.9713,0.958,0.9826,0.939,0.8254
cg11597902,0.0489,0.9447,0.944,0.9368,0.949,0.2249,0.9628,0.7846,0.8432
cg20610950,0.076,0.921,0.9082,0.9146,0.9239,0.6019,0.9334,0.8014,0.8909
cg07737292,0.0824,0.6022,0.9245,0.8362,0.9574,0.1074,0.8814,0.8963,0.9097
cg10456459,0.0724,0.9215,0.9115,0.9035,0.9226,0.0636,0.8853,0.9279,0.9199
cg03313271,0.0954,0.879,0.9163,0.8882,0.9184,0.3561,0.9142,0.8624,0.8973
cg06988336,0.2428,0.7526,0.9185,0.9152,0.9248,0.7765,0.9606,0.8109,0.8845
cg16636767,0.1092,0.8787,0.9111,0.9003,0.9134,0.8809,0.8686,0.8444,0.86
cg06517984,0.6247,0.7492,0.9504,0.9568,0.964,0.762,0.9779,0.9583,0.9562
cg06297318,0.0814,0.8552,0.8658,0.8562,0.878,0.8076,0.7587,0.9094,0.8969
cg23952578,0.4632,0.959,0.9562,0.9482,0.9604,0.7752,0.9853,0.9446,0.9553
cg14976569,0.1378,0.898,0.8995,0.8796,0.9088,0.6352,0.9481,0.859,0.8687
cg27334271,0.6904,0.9647,0.9659,0.9633,0.9654,0.5921,0.97,0.9751,0.9775
cg04851465,0.1722,0.8855,0.8706,0.8911,0.8885,0.7895,0.8871,0.9025,0.9138
cg11597902,0.0489,0.9447,0.944,0.9368,0.949,0.2249,0.9628,0.7846,0.8432
cg20610950,0.076,0.921,0.9082,0.9146,0.9239,0.6019,0.9334,0.8014,0.8909
cg15633603,0.2617,0.9075,0.887,0.868,0.8949,0.8173,0.8687,0.888,0.8829
cg11327657,0.044,0.9572,0.9444,0.892,0.9481,0.0244,0.8628,0.7172,0.9335
cg22259797,0.0708,0.9445,0.7779,0.9394,0.8529,0.2528,0.9348,0.8566,0.8694
cg18990407,0.1261,0.6813,0.9363,0.9427,0.9519,0.8188,0.8986,0.935,0.9108
cg13403369,0.2483,0.8077,0.9104,0.905,0.9263,0.8893,0.9165,0.8826,0.7751
cg08425796,0.1579,0.7183,0.9026,0.9147,0.8921,0.1358,0.9634,0.9244,0.9186
cg06373940,0.0727,0.8309,0.904,0.8851,0.9052,0.0582,0.8287,0.8719,0.8829
cg25596405,0.1128,0.6641,0.8607,0.7671,0.906,0.3872,0.6906,0.8359,0.913
cg07023317,0.0652,0.6608,0.8612,0.7963,0.8514,0.2879,0.6371,0.7766,0.8724
cg09322573,0.0445,0.7793,0.8687,0.7765,0.8752,0.496,0.7283,0.8738,0.8784
cg04354689,0.626,0.9785,0.9678,0.9634,0.9732,0.3048,0.9834,0.9371,0.9772
cg03571959,0.5392,0.8551,0.7799,0.802,0.8086,0.3611,0.8595,0.7042,0.8074
cg20107506,0.2759,0.927,0.9265,0.9201,0.9299,0.0603,0.8774,0.885,0.9458
cg22185977,0.1595,0.8936,0.9294,0.6497,0.9064,0.3561,0.9564,0.9134,0.8984
cg05573654,0.4073,0.8239,0.843,0.7518,0.8516,0.6738,0.8783,0.7864,0.8293
cg10718056,0.1182,0.919,0.9177,0.8964,0.9166,0.1244,0.8597,0.8508,0.8815
cg07033722,0.2217,0.9294,0.9206,0.9101,0.9158,0.0587,0.9415,0.91,0.9067
cg06125903,0.0272,0.0352,0.9238,0.9172,0.9227,0.4702,0.9648,0.891,0.8821
cg04917472,0.1441,0.4153,0.8757,0.857,0.8873,0.5078,0.8258,0.7889,0.7962
cg25517015,0.1207,0.8916,0.83,0.8481,0.835,0.6679,0.8939,0.8356,0.8089
cg26538782,0.0564,0.734,0.8938,0.8876,0.9037,0.8321,0.8579,0.8581,0.8942
cg27366072,0.1212,0.8166,0.8919,0.871,0.8923,0.7304,0.8652,0.7982,0.8397
cg01879591,0.0729,0.669,0.6462,0.9465,0.8818,0.0483,0.9747,0.8926,0.8892
cg12866960,0.0974,0.9087,0.9184,0.8989,0.9187,0.0707,0.8748,0.8659,0.8962
cg03310874,0.2581,0.9691,0.9648,0.9516,0.9665,0.2097,0.9441,0.892,0.83
cg02796279,0.089,0.8844,0.8941,0.8792,0.8748,0.1022,0.9265,0.8789,0.8795
cg13093111,0.0682,0.8216,0.914,0.8095,0.9153,0.3712,0.8795,0.6965,0.9041
cg19502671,0.2746,0.9294,0.8887,0.7388,0.8952,0.5356,0.9278,0.871,0.9027
cg23514375,0.2054,0.8903,0.8473,0.6736,0.8435,0.5233,0.9008,0.8472,0.8784
cg08538581,0.0617,0.6831,0.8918,0.903,0.901,0.5988,0.8571,0.8776,0.8216
cg06978145,0.5461,0.9357,0.9413,0.9351,0.9395,0.5585,0.961,0.9291,0.9523
cg10967114,0.4082,0.9188,0.9202,0.9098,0.9214,0.87,0.9431,0.866,0.8702
cg20429104,0.1136,0.9192,0.9007,0.9108,0.923,0.0662,0.9219,0.8832,0.9261
cg19380303,0.5374,0.8189,0.9569,0.957,0.9607,0.9504,0.9781,0.892,0.9041
cg13498610,0.5478,0.7808,0.8522,0.847,0.8556,0.8221,0.8725,0.8342,0.8293
cg06721411,0.1117,0.5886,0.885,0.8819,0.9035,0.4766,0.8754,0.8479,0.8743
cg26783127,0.143,0.9006,0.9069,0.8913,0.9028,0.0473,0.8914,0.8625,0.91
cg23403750,0.0839,0.2678,0.9143,0.9072,0.9224,0.4387,0.9074,0.8966,0.8898
cg01024962,0.1242,0.7172,0.8828,0.8088,0.8996,0.8302,0.9198,0.8895,0.7946
cg06585734,0.3963,0.898,0.9081,0.9012,0.9109,0.744,0.9289,0.8696,0.9047
cg06545464,0.373,0.6738,0.8094,0.8064,0.8261,0.8268,0.8818,0.8221,0.8158
cg20966357,0.1059,0.3891,0.8946,0.832,0.8932,0.8621,0.9001,0.8582,0.8658
cg26923863,0.0232,0.6468,0.9132,0.1107,0.8863,0.0281,0.5918,0.9377,0.9035
cg26305504,0.1064,0.3271,0.896,0.9368,0.9213,0.3336,0.7151,0.8808,0.8877
cg12555086,0.0733,0.7028,0.8862,0.8559,0.9004,0.6177,0.8729,0.7251,0.8696
cg05445326,0.2343,0.8745,0.8961,0.7161,0.8644,0.8626,0.9454,0.8736,0.7835
cg07918933,0.1348,0.8887,0.8743,0.8181,0.8832,0.5711,0.7974,0.867,0.8939
cg04664897,0.0529,0.5562,0.7852,0.7842,0.7885,0.616,0.8421,0.9128,0.8824
cg11153071,0.6058,0.9745,0.9752,0.9573,0.9735,0.1946,0.9822,0.9733,0.9677
cg19590591,0.5304,0.182,0.9351,0.8578,0.933,0.9245,0.82,0.9329,0.9203
cg23755933,0.4075,0.1782,0.9568,0.8496,0.9624,0.9258,0.9396,0.9224,0.9326
cg04217515,0.1548,0.912,0.9292,0.864,0.9289,0.2912,0.9492,0.756,0.8896
cg18835472,0.0893,0.8118,0.8514,0.85,0.8765,0.6105,0.8473,0.8291,0.8381
cg11802666,0.4313,0.9226,0.9246,0.8947,0.9343,0.7581,0.8766,0.9665,0.9128
cg25596405,0.1128,0.6641,0.8607,0.7671,0.906,0.3872,0.6906,0.8359,0.913
cg07023317,0.0652,0.6608,0.8612,0.7963,0.8514,0.2879,0.6371,0.7766,0.8724
cg09322573,0.0445,0.7793,0.8687,0.7765,0.8752,0.496,0.7283,0.8738,0.8784
cg02244028,0.1371,0.8877,0.8815,0.8703,0.8942,0.8377,0.9193,0.7577,0.8018
cg27340480,0.1804,0.9008,0.9004,0.8851,0.8971,0.0354,0.9122,0.8934,0.9113
cg24250902,0.6071,0.6938,0.8708,0.925,0.8885,0.7656,0.8428,0.9598,0.9743
cg23334433,0.1492,0.8872,0.877,0.8755,0.8757,0.0555,0.9121,0.8785,0.9013
cg16732654,0.1264,0.8133,0.7896,0.7752,0.7863,0.0603,0.8414,0.7618,0.8236
cg13618516,0.3619,0.9029,0.8968,0.8934,0.9064,0.0948,0.9552,0.8791,0.9138
cg26298914,0.1788,0.9131,0.9093,0.9008,0.9195,0.0877,0.9379,0.854,0.9018
cg00009088,0.0902,0.8381,0.8817,0.9008,0.9092,0.0577,0.9006,0.8685,0.8822
cg04836151,0.7427,0.973,0.9774,0.9744,0.9778,0.4862,0.9862,0.985,0.978
cg26889953,0.1199,0.9287,0.9084,0.6664,0.9343,0.1273,0.9458,0.8562,0.8337
cg08428868,0.0537,0.6147,0.8149,0.857,0.8116,0.7241,0.7922,0.8354,0.8724
cg17117981,0.0763,0.8238,0.8803,0.888,0.9157,0.4294,0.8986,0.6795,0.8496
cg13980609,0.0993,0.8601,0.8912,0.874,0.9063,0.1004,0.8838,0.8806,0.8696
cg15288326,0.2844,0.8383,0.8963,0.8914,0.9158,0.4223,0.8552,0.8821,0.8831
cg17086773,0.1641,0.7676,0.9056,0.8857,0.9139,0.3407,0.858,0.8969,0.873
cg14189391,0.328,0.9633,0.9209,0.8974,0.9346,0.1897,0.8676,0.8099,0.9505
cg10239163,0.2621,0.9037,0.681,0.7435,0.7668,0.1653,0.8958,0.6438,0.8936
cg08400494,0.2322,0.8425,0.9179,0.9159,0.9322,0.1084,0.9458,0.872,0.8973
cg04586126,0.2228,0.8208,0.95,0.7856,0.9611,0.087,0.8627,0.8683,0.9439
cg22875823,0.4553,0.6317,0.9421,0.8511,0.9535,0.3868,0.833,0.9684,0.9781
cg07417146,0.2798,0.5703,0.9367,0.7642,0.9432,0.1823,0.5938,0.9563,0.9636
cg20118717,0.1138,0.3323,0.7698,0.4414,0.6777,0.0938,0.2357,0.7596,0.766
cg22875823,0.4553,0.6317,0.9421,0.8511,0.9535,0.3868,0.833,0.9684,0.9781
cg07417146,0.2798,0.5703,0.9367,0.7642,0.9432,0.1823,0.5938,0.9563,0.9636
cg20118717,0.1138,0.3323,0.7698,0.4414,0.6777,0.0938,0.2357,0.7596,0.766
cg22662844,0.4749,0.9452,0.9489,0.9278,0.9515,0.1692,0.9695,0.919,0.942
cg00235484,0.1063,0.8458,0.8926,0.8762,0.8962,0.1271,0.7717,0.7648,0.8785
cg22666015,0.0646,0.7697,0.8742,0.8828,0.8927,0.0675,0.7988,0.847,0.8712
cg01622606,0.106,0.667,0.7978,0.7091,0.7625,0.6133,0.7461,0.8594,0.8907
cg11699517,0.9547,0.1237,0.9746,0.9745,0.9763,0.9416,0.9874,0.9892,0.9771
cg21373806,0.8621,0.2645,0.9245,0.933,0.9376,0.7902,0.9468,0.9531,0.9487
cg17633015,0.9584,0.2624,0.9582,0.9516,0.9607,0.9648,0.9913,0.9839,0.8846
cg25315312,0.9574,0.317,0.9574,0.9642,0.968,0.9583,0.9884,0.9746,0.8012
cg17768768,0.9573,0.1259,0.9524,0.9617,0.9581,0.9498,0.9753,0.9698,0.9771
cg16586807,0.9184,0.3012,0.9297,0.919,0.9193,0.9116,0.9246,0.9202,0.9359
cg19276014,0.929,0.0694,0.9326,0.9356,0.942,0.9383,0.9748,0.9838,0.9669
cg18961589,0.8916,0.479,0.8622,0.8794,0.8552,0.8966,0.8943,0.8673,0.8825
cg07652788,0.8909,0.3239,0.8748,0.8844,0.8858,0.8854,0.93,0.908,0.9202
cg02212339,0.9506,0.0755,0.9356,0.9462,0.9411,0.9424,0.9856,0.9465,0.971
cg00464927,0.9428,0.0996,0.9545,0.9512,0.9642,0.9534,0.9893,0.8906,0.9754
cg04838847,0.9639,0.2078,0.9701,0.966,0.9715,0.9661,0.9834,0.9697,0.9853
cg04828493,0.8386,0.0292,0.9414,0.8614,0.9468,0.9535,0.97,0.9494,0.9538
cg26053795,0.9791,0.6737,0.9758,0.9512,0.9774,0.9765,0.989,0.9764,0.9879
cg21248060,0.9374,0.1001,0.9331,0.916,0.9391,0.9271,0.9687,0.9595,0.9569
cg09201499,0.9223,0.2491,0.9521,0.9404,0.9544,0.9138,0.9622,0.9348,0.9823
cg15533809,0.9818,0.7903,0.9791,0.9792,0.983,0.9724,0.9933,0.9871,0.9896
cg14622549,0.9032,0.4824,0.9634,0.9121,0.9654,0.9584,0.9816,0.9761,0.9682
cg01591579,0.955,0.1989,0.9483,0.9558,0.9553,0.9488,0.9685,0.901,0.9523
cg19849557,0.6391,0.2684,0.964,0.9568,0.9608,0.9518,0.9654,0.9537,0.9644
cg05143092,0.872,0.554,0.9152,0.9148,0.9192,0.9205,0.9398,0.9016,0.9107
cg19631815,0.9695,0.5092,0.9717,0.9755,0.9792,0.9683,0.9861,0.9803,0.9707
cg17955329,0.8399,0.423,0.8814,0.8852,0.9058,0.8232,0.8813,0.8471,0.8576
cg06800849,0.9652,0.6428,0.9633,0.9637,0.9765,0.9794,0.992,0.9856,0.9604
cg20908276,0.9713,0.5804,0.9709,0.9696,0.9709,0.9701,0.9862,0.9794,0.95
cg18050634,0.8258,0.0745,0.8457,0.9056,0.9205,0.7057,0.9099,0.9764,0.9535
cg13738327,0.9614,0.1015,0.9316,0.9376,0.93,0.9608,0.9858,0.6811,0.9767
cg17633015,0.9584,0.2624,0.9582,0.9516,0.9607,0.9648,0.9913,0.9839,0.8846
cg25315312,0.9574,0.317,0.9574,0.9642,0.968,0.9583,0.9884,0.9746,0.8012
cg03969079,0.9487,0.4533,0.9487,0.9515,0.952,0.9533,0.9545,0.9699,0.9535
cg00827581,0.9547,0.5528,0.9714,0.9666,0.9726,0.9469,0.9728,0.9636,0.9796
cg02092514,0.9387,0.3002,0.8225,0.9326,0.7954,0.9193,0.955,0.9609,0.9611
cg25131632,0.9473,0.0492,0.9073,0.9303,0.9079,0.9449,0.9627,0.8783,0.9444
cg11699517,0.9547,0.1237,0.9746,0.9745,0.9763,0.9416,0.9874,0.9892,0.9771
cg21373806,0.8621,0.2645,0.9245,0.933,0.9376,0.7902,0.9468,0.9531,0.9487
cg00900735,0.96,0.5772,0.9557,0.9638,0.9664,0.9636,0.9654,0.9335,0.9669
cg03717570,0.9677,0.659,0.9663,0.9684,0.9702,0.9663,0.9815,0.9724,0.9686
cg01884715,0.8725,0.583,0.8498,0.8746,0.8819,0.8486,0.9269,0.5628,0.7654
cg06943385,0.9118,0.6305,0.9068,0.9004,0.9216,0.8956,0.9553,0.8828,0.912
cg01199327,0.9434,0.3796,0.9513,0.9406,0.9537,0.9345,0.9742,0.9378,0.9597
cg22697239,0.9373,0.292,0.9399,0.9345,0.9572,0.9129,0.978,0.883,0.9483
cg04696391,0.9759,0.7672,0.9694,0.9741,0.9743,0.9775,0.9885,0.9805,0.9866
cg10854528,0.9292,0.2551,0.9229,0.9231,0.9311,0.9248,0.9332,0.9223,0.9425
cg24299136,0.9709,0.7395,0.9657,0.9786,0.9786,0.9761,0.9772,0.9719,0.9651
cg09437994,0.9329,0.4407,0.9522,0.9205,0.964,0.9448,0.9673,0.946,0.9663
cg09848445,0.9741,0.7891,0.976,0.96,0.978,0.9761,0.9889,0.9848,0.9815
cg23683962,0.9132,0.0965,0.9044,0.9023,0.9034,0.9061,0.9234,0.864,0.9247
cg20043258,0.9445,0.4727,0.9213,0.909,0.9346,0.9473,0.9447,0.9749,0.9691
cg01453814,0.9457,0.2738,0.9446,0.6101,0.9123,0.9556,0.8477,0.9512,0.9342
cg00041047,0.9201,0.1748,0.9189,0.3739,0.8591,0.932,0.9132,0.9512,0.9415
cg06237487,0.8514,0.321,0.8382,0.352,0.7361,0.87,0.8036,0.9028,0.8705
cg24188017,0.8533,0.2075,0.819,0.2208,0.702,0.8807,0.8168,0.8923,0.8743
cg19590591,0.5304,0.182,0.9351,0.8578,0.933,0.9245,0.82,0.9329,0.9203
cg23755933,0.4075,0.1782,0.9568,0.8496,0.9624,0.9258,0.9396,0.9224,0.9326
cg00762029,0.9342,0.1434,0.933,0.9288,0.9347,0.9347,0.9238,0.9211,0.8392
cg00181849,0.9672,0.7347,0.964,0.965,0.9684,0.9613,0.9854,0.9742,0.9827
cg27205928,0.9318,0.52,0.9333,0.9455,0.9517,0.9455,0.9782,0.9832,0.9676
cg16492851,0.8335,0.3327,0.7631,0.8068,0.7974,0.7926,0.8702,0.8336,0.8657
cg17768768,0.9573,0.1259,0.9524,0.9617,0.9581,0.9498,0.9753,0.9698,0.9771
cg16586807,0.9184,0.3012,0.9297,0.919,0.9193,0.9116,0.9246,0.9202,0.9359
cg06567596,0.9338,0.4813,0.8913,0.9348,0.7128,0.9333,0.9738,0.9698,0.944
cg13659700,0.8014,0.5065,0.8108,0.8627,0.6426,0.8307,0.8872,0.8706,0.8846
cg00900735,0.96,0.5772,0.9557,0.9638,0.9664,0.9636,0.9654,0.9335,0.9669
cg03717570,0.9677,0.659,0.9663,0.9684,0.9702,0.9663,0.9815,0.9724,0.9686
cg06943385,0.9118,0.6305,0.9068,0.9004,0.9216,0.8956,0.9553,0.8828,0.912
cg01199327,0.9434,0.3796,0.9513,0.9406,0.9537,0.9345,0.9742,0.9378,0.9597
cg22697239,0.9373,0.292,0.9399,0.9345,0.9572,0.9129,0.978,0.883,0.9483
cg01152616,0.8722,0.6287,0.88,0.8815,0.8944,0.8751,0.9125,0.9085,0.9121
cg13584784,0.8158,0.448,0.9497,0.9356,0.9545,0.9347,0.9537,0.9388,0.9447
cg01676996,0.8184,0.5632,0.8107,0.8083,0.8321,0.8004,0.8906,0.878,0.8974
cg05143092,0.872,0.554,0.9152,0.9148,0.9192,0.9205,0.9398,0.9016,0.9107
cg14331899,0.8637,0.2221,0.9321,0.9306,0.9426,0.8952,0.9649,0.957,0.9605
cg05480110,0.9403,0.1436,0.9398,0.9267,0.9452,0.9402,0.9737,0.9731,0.8904
cg10067737,0.9438,0.4288,0.9429,0.9371,0.9432,0.9429,0.9289,0.9284,0.9374
cg18445426,0.9388,0.524,0.9247,0.9228,0.927,0.9237,0.9425,0.9401,0.9461
cg25683989,0.8882,0.0606,0.889,0.8678,0.896,0.8758,0.9064,0.9129,0.9129
cg23087108,0.975,0.614,0.9764,0.9083,0.9823,0.981,0.9889,0.9815,0.9889
cg05934015,0.9469,0.5485,0.9562,0.6984,0.9302,0.9507,0.9715,0.9611,0.9698
cg02742418,0.8838,0.1782,0.8855,0.672,0.8441,0.8827,0.9192,0.8997,0.9221
cg09717923,0.9082,0.4361,0.7134,0.8836,0.7235,0.9214,0.971,0.9536,0.9714
cg14936008,0.9133,0.1176,0.9082,0.9144,0.9113,0.9065,0.9331,0.8546,0.892
cg26615224,0.963,0.6447,0.953,0.9601,0.9638,0.9539,0.98,0.9344,0.9704
cg17995557,0.8688,0.0475,0.8532,0.7179,0.8612,0.8424,0.8971,0.9029,0.8889
cg07015784,0.8494,0.367,0.9439,0.8558,0.9441,0.7867,0.8765,0.9285,0.9513
cg06934654,0.7642,0.5653,0.9409,0.9424,0.9592,0.9063,0.9795,0.952,0.9448
cg01453814,0.9457,0.2738,0.9446,0.6101,0.9123,0.9556,0.8477,0.9512,0.9342
cg00041047,0.9201,0.1748,0.9189,0.3739,0.8591,0.932,0.9132,0.9512,0.9415
cg06237487,0.8514,0.321,0.8382,0.352,0.7361,0.87,0.8036,0.9028,0.8705
cg24188017,0.8533,0.2075,0.819,0.2208,0.702,0.8807,0.8168,0.8923,0.8743
cg17232476,0.8324,0.0628,0.8643,0.8661,0.8656,0.8645,0.8917,0.8608,0.8715
cg05921138,0.2206,0.043,0.7698,0.7676,0.7404,0.8534,0.9355,0.8254,0.8714
cg16085171,0.8962,0.1256,0.8834,0.8831,0.8949,0.8909,0.913,0.8765,0.8934
cg15035590,0.8996,0.1083,0.8993,0.9078,0.913,0.8964,0.9042,0.8431,0.9043
cg03382805,0.921,0.342,0.9184,0.9028,0.9215,0.9228,0.9602,0.8361,0.8884
cg25087423,0.9004,0.0675,0.5998,0.8654,0.8378,0.8968,0.946,0.8968,0.8833
cg16235962,0.8045,0.0677,0.3041,0.6679,0.4879,0.8137,0.8523,0.5417,0.5491
cg26164712,0.8543,0.0602,0.5211,0.8434,0.7842,0.84,0.9187,0.8103,0.8824
cg04625873,0.7372,0.0607,0.312,0.5664,0.4635,0.7019,0.8573,0.6149,0.6549
cg03680932,0.9476,0.6765,0.9674,0.9664,0.9724,0.9629,0.969,0.9566,0.9702
cg07337602,0.8813,0.1266,0.9022,0.8765,0.9062,0.8175,0.8622,0.9206,0.9463
cg18067520,0.7321,0.0384,0.8766,0.8407,0.8952,0.7883,0.8639,0.885,0.9115
cg21964798,0.9396,0.5728,0.9444,0.5461,0.9414,0.9105,0.9647,0.9729,0.9708
cg19590591,0.5304,0.182,0.9351,0.8578,0.933,0.9245,0.82,0.9329,0.9203
cg23755933,0.4075,0.1782,0.9568,0.8496,0.9624,0.9258,0.9396,0.9224,0.9326
cg27436324,0.9028,0.3615,0.8909,0.8886,0.9041,0.8965,0.941,0.9066,0.9324
cg10395806,0.9015,0.62,0.9452,0.9411,0.9505,0.8964,0.952,0.9714,0.9686
cg27565966,0.869,0.0571,0.8762,0.7856,0.8705,0.8632,0.9117,0.8929,0.9006
cg05433111,0.8124,0.073,0.8305,0.6461,0.8422,0.8057,0.8599,0.8144,0.8011
cg12349571,0.931,0.5138,0.9124,0.9199,0.933,0.9082,0.9615,0.9606,0.9618
cg01666796,0.9524,0.4456,0.9485,0.951,0.96,0.9356,0.9032,0.9798,0.9793
cg11199827,0.9197,0.2925,0.8945,0.9172,0.883,0.9258,0.9258,0.934,0.8922
cg17441377,0.9593,0.7978,0.9761,0.9667,0.978,0.9449,0.9664,0.9744,0.9773
cg23730277,0.8873,0.118,0.8832,0.8329,0.8926,0.8674,0.8978,0.8952,0.8716
cg14579184,0.7825,0.0912,0.8119,0.86,0.772,0.7924,0.912,0.8793,0.9096
cg26318872,0.8964,0.1252,0.8826,0.8803,0.8937,0.8825,0.9156,0.8671,0.9169
cg16931707,0.903,0.2896,0.904,0.8979,0.9063,0.9071,0.8862,0.9052,0.9074
cg04315214,0.829,0.3837,0.9173,0.8759,0.9472,0.9098,0.9852,0.9163,0.8427
cg13918804,0.4839,0.4114,0.6527,0.6211,0.6661,0.5261,0.726,0.5146,0.6916
cg08817507,0.9383,0.4198,0.9329,0.9347,0.9334,0.9227,0.9729,0.6035,0.949
cg23881099,0.9374,0.4661,0.9201,0.9166,0.9144,0.9225,0.967,0.7571,0.9432
cg10842070,0.9556,0.5261,0.7806,0.9421,0.916,0.9481,0.9775,0.9756,0.981
cg05898333,0.8708,0.4513,0.6631,0.8258,0.762,0.8591,0.9064,0.8161,0.8579
cg14060402,0.8956,0.0749,0.8983,0.8991,0.9009,0.8827,0.6643,0.867,0.9104
cg11193201,0.6912,0.0643,0.8538,0.8532,0.8748,0.7975,0.7838,0.8758,0.8867
cg11020333,0.9246,0.3639,0.9185,0.914,0.926,0.92,0.9468,0.9191,0.9326
cg06091647,0.9033,0.2797,0.8787,0.6577,0.8809,0.8986,0.9418,0.9408,0.9075
cg10067737,0.9438,0.4288,0.9429,0.9371,0.9432,0.9429,0.9289,0.9284,0.9374
cg18445426,0.9388,0.524,0.9247,0.9228,0.927,0.9237,0.9425,0.9401,0.9461
cg18092363,0.9724,0.8047,0.9709,0.9732,0.975,0.9765,0.9887,0.9614,0.9695
cg02231062,0.7756,0.1139,0.7167,0.8525,0.8116,0.845,0.8828,0.8982,0.889
cg25314733,0.8659,0.3488,0.8985,0.8876,0.9148,0.8894,0.9216,0.9161,0.9173
cg04576021,0.8032,0.153,0.9011,0.8589,0.9082,0.7852,0.9335,0.8646,0.9222
cg27224881,0.901,0.2071,0.8702,0.8739,0.847,0.8769,0.8942,0.7871,0.8896
cg22045055,0.7379,0.148,0.8647,0.8904,0.8642,0.8933,0.8307,0.885,0.8842
cg16695253,0.5146,0.0526,0.8376,0.4846,0.8514,0.8779,0.923,0.9052,0.8976
cg16471167,0.3178,0.0719,0.5294,0.3167,0.5584,0.6704,0.8127,0.7897,0.7635
cg16256592,0.8812,0.3436,0.8741,0.8527,0.8786,0.8671,0.7721,0.8811,0.8569
cg02027263,0.899,0.27,0.8977,0.8591,0.8969,0.8944,0.9304,0.8914,0.9312
cg16280667,0.861,0.0701,0.5916,0.8597,0.8342,0.8836,0.9142,0.8792,0.8658
cg26164712,0.8543,0.0602,0.5211,0.8434,0.7842,0.84,0.9187,0.8103,0.8824
cg11872040,0.9521,0.5789,0.9412,0.9302,0.8904,0.9527,0.9665,0.9329,0.9541
cg27579854,0.8918,0.3688,0.8009,0.8051,0.7549,0.8824,0.9036,0.8935,0.8637
cg07493874,0.9296,0.4478,0.8252,0.92,0.9304,0.9231,0.9504,0.9394,0.913
cg14733637,0.9139,0.5814,0.8489,0.9189,0.9094,0.9231,0.8881,0.9232,0.9075
cg05905124,0.9019,0.5172,0.6227,0.8483,0.7337,0.8816,0.9132,0.8783,0.9415
cg09799039,0.9188,0.5167,0.904,0.9089,0.9039,0.9188,0.965,0.9277,0.9613
cg11160673,0.6082,0.0614,0.8842,0.7945,0.8946,0.8347,0.8179,0.8773,0.8881
cg07110949,0.966,0.9285,0.3816,0.9519,0.6097,0.9604,0.9825,0.9714,0.9721
cg21565496,0.9626,0.9678,0.3946,0.9513,0.5911,0.9532,0.9858,0.9749,0.9558
cg27128883,0.975,0.9019,0.6276,0.966,0.8926,0.9703,0.9813,0.9747,0.9744
cg09276842,0.9661,0.9401,0.6275,0.9554,0.8719,0.9636,0.9811,0.9621,0.9701
cg15039797,0.9728,0.9708,0.322,0.308,0.6911,0.9701,0.979,0.9621,0.9704
cg21387735,0.971,0.9683,0.5453,0.8359,0.6671,0.9699,0.9743,0.9729,0.9744
cg19001909,0.9618,0.9598,0.1861,0.9184,0.2252,0.9585,0.9867,0.9609,0.9357
cg23635663,0.9618,0.9524,0.6505,0.9439,0.9068,0.9553,0.9792,0.9697,0.961
cg11236515,0.9798,0.9303,0.1535,0.8898,0.2584,0.9736,0.987,0.9764,0.8658
cg07876450,0.9618,0.9673,0.7097,0.9564,0.9551,0.9556,0.9821,0.8936,0.9701
cg24885442,0.9596,0.953,0.6642,0.9472,0.9387,0.9466,0.9852,0.864,0.9721
cg10730425,0.9726,0.9666,0.5552,0.9674,0.5616,0.9708,0.9247,0.9717,0.9694
cg12419766,0.9562,0.9602,0.5913,0.9428,0.8727,0.9543,0.9816,0.9773,0.9363
cg26003388,0.9698,0.9596,0.5508,0.9328,0.6721,0.9578,0.9736,0.8735,0.9461
cg07876450,0.9618,0.9673,0.7097,0.9564,0.9551,0.9556,0.9821,0.8936,0.9701
cg24885442,0.9596,0.953,0.6642,0.9472,0.9387,0.9466,0.9852,0.864,0.9721
cg16452866,0.9668,0.9594,0.0768,0.9381,0.1375,0.965,0.9737,0.9575,0.9212
cg01154505,0.9713,0.8276,0.2777,0.954,0.7242,0.9696,0.9897,0.9649,0.9465
cg03388043,0.9528,0.9436,0.0441,0.7723,0.0448,0.9411,0.9651,0.9411,0.8254
cg10505658,0.8414,0.8108,0.1099,0.577,0.1056,0.8144,0.8857,0.7317,0.7249
cg01877778,0.9727,0.974,0.7193,0.9658,0.6938,0.9735,0.9849,0.9766,0.9695
cg11848483,0.9278,0.9056,0.1172,0.8846,0.267,0.9179,0.9353,0.8993,0.8841
cg12044599,0.9681,0.7166,0.1768,0.7987,0.3189,0.9647,0.9898,0.912,0.8266
cg23468927,0.8661,0.6501,0.1666,0.5411,0.2484,0.8196,0.9007,0.814,0.8002
cg00791190,0.8511,0.6284,0.5706,0.9429,0.838,0.9531,0.9825,0.9698,0.9604
cg12644845,0.9701,0.9613,0.3762,0.9284,0.636,0.963,0.949,0.8752,0.9496
cg07970040,0.9566,0.9392,0.1766,0.6964,0.257,0.943,0.9591,0.9522,0.9302
cg04340595,0.9413,0.9147,0.1183,0.5609,0.255,0.9172,0.9693,0.9184,0.7836
cg08484479,0.9714,0.9704,0.7816,0.9659,0.8214,0.9681,0.9896,0.9815,0.9877
cg09032544,0.9638,0.9614,0.0733,0.1419,0.0643,0.9522,0.9866,0.9527,0.8562
cg09234252,0.9247,0.9282,0.1337,0.3274,0.0762,0.9002,0.949,0.9225,0.9209
cg07786657,0.9724,0.969,0.059,0.1095,0.0601,0.963,0.974,0.9102,0.824
cg14522718,0.9363,0.913,0.192,0.7221,0.3353,0.9076,0.9734,0.9335,0.9579
cg06164961,0.9004,0.8938,0.0744,0.6933,0.0662,0.8903,0.9365,0.8111,0.8346
cg24612198,0.9133,0.9124,0.0967,0.771,0.0935,0.8972,0.8976,0.9152,0.8684
cg25226014,0.9125,0.8969,0.0779,0.5487,0.1888,0.906,0.9441,0.8918,0.8559
cg01083549,0.9425,0.9658,0.6747,0.9546,0.7966,0.9296,0.9779,0.971,0.9434
cg08450017,0.9554,0.9573,0.0541,0.429,0.0967,0.9504,0.9417,0.89,0.777
cg27316811,0.9686,0.9323,0.4164,0.9362,0.1845,0.9679,0.9694,0.9639,0.5198
cg01874152,0.9192,0.8172,0.0827,0.8279,0.3658,0.9045,0.7858,0.9075,0.9091
cg26472802,0.9732,0.9005,0.4336,0.8311,0.2654,0.9713,0.989,0.9732,0.8467
cg23366234,0.9782,0.9167,0.6149,0.888,0.4574,0.9745,0.9891,0.9754,0.9043
cg01366941,0.9353,0.9361,0.219,0.4199,0.3754,0.9383,0.8789,0.938,0.92
cg12047375,0.9046,0.8673,0.3161,0.809,0.7869,0.8555,0.9183,0.8406,0.8831
cg13619891,0.8941,0.9206,0.1501,0.8202,0.1271,0.9047,0.9502,0.9395,0.831
cg04162316,0.938,0.9371,0.4168,0.9186,0.8378,0.919,0.9728,0.904,0.9478
cg03641640,0.9667,0.9572,0.6605,0.9454,0.7374,0.9609,0.971,0.9528,0.8725
cg25599673,0.9024,0.8566,0.2272,0.8838,0.5224,0.8878,0.8214,0.9103,0.8927
cg01040649,0.9068,0.7784,0.1984,0.8499,0.4598,0.8988,0.8895,0.8902,0.8903
cg25599673,0.9024,0.8566,0.2272,0.8838,0.5224,0.8878,0.8214,0.9103,0.8927
cg01040649,0.9068,0.7784,0.1984,0.8499,0.4598,0.8988,0.8895,0.8902,0.8903
cg14597739,0.9315,0.0545,0.0931,0.323,0.1182,0.908,0.9441,0.955,0.9378
cg17169196,0.9059,0.038,0.061,0.2812,0.0709,0.8983,0.9602,0.9492,0.9055
cg21999229,0.9165,0.0292,0.075,0.2262,0.0852,0.8648,0.9489,0.9492,0.8905
cg14437551,0.9326,0.0146,0.0417,0.1266,0.0482,0.9151,0.9438,0.9728,0.9258
cg20105257,0.9221,0.8608,0.2399,0.7973,0.141,0.9337,0.9451,0.8839,0.9128
cg08338281,0.9168,0.7383,0.0638,0.8688,0.0586,0.9183,0.9112,0.8894,0.8328
cg11893955,0.8994,0.5875,0.1375,0.4006,0.1291,0.9221,0.9718,0.9309,0.8651
cg02387618,0.9141,0.9184,0.347,0.7766,0.4291,0.9108,0.9329,0.9335,0.9106
cg04716447,0.6398,0.3525,0.0948,0.4798,0.0814,0.6776,0.8088,0.7897,0.6896
cg14480046,0.8826,0.3147,0.096,0.6384,0.0761,0.8848,0.9699,0.9388,0.8962
cg23825480,0.9064,0.9091,0.139,0.6139,0.2422,0.8741,0.4721,0.8499,0.9109
cg25673720,0.9138,0.9014,0.3416,0.8673,0.5434,0.9147,0.8604,0.8986,0.9049
cg17984638,0.9066,0.9109,0.1177,0.0706,0.2621,0.8975,0.9263,0.9036,0.8772
cg14597739,0.9315,0.0545,0.0931,0.323,0.1182,0.908,0.9441,0.955,0.9378
cg17169196,0.9059,0.038,0.061,0.2812,0.0709,0.8983,0.9602,0.9492,0.9055
cg21999229,0.9165,0.0292,0.075,0.2262,0.0852,0.8648,0.9489,0.9492,0.8905
cg14437551,0.9326,0.0146,0.0417,0.1266,0.0482,0.9151,0.9438,0.9728,0.9258
cg13496119,0.9202,0.9234,0.1972,0.9124,0.3058,0.929,0.8742,0.8883,0.8538
cg07015803,0.9496,0.9475,0.0965,0.9281,0.1445,0.9442,0.9682,0.9359,0.9169
cg17615629,0.931,0.8524,0.0973,0.8048,0.0946,0.9296,0.9401,0.7651,0.808
cg07570898,0.9184,0.824,0.438,0.8996,0.6893,0.9045,0.927,0.9243,0.9158
cg02661764,0.7825,0.844,0.1369,0.8799,0.421,0.7998,0.8693,0.8628,0.8521
cg24150662,0.958,0.9339,0.3701,0.8623,0.3005,0.9617,0.9877,0.8564,0.8546
cg06201717,0.9082,0.8581,0.4142,0.8404,0.3774,0.9074,0.9706,0.7751,0.844
cg24841244,0.897,0.9076,0.0752,0.862,0.0597,0.8797,0.9258,0.8439,0.8261
cg15260951,0.925,0.7923,0.3886,0.8813,0.7864,0.9236,0.9498,0.924,0.9058
cg26472802,0.9732,0.9005,0.4336,0.8311,0.2654,0.9713,0.989,0.9732,0.8467
cg23366234,0.9782,0.9167,0.6149,0.888,0.4574,0.9745,0.9891,0.9754,0.9043
cg24118521,0.9523,0.8082,0.5942,0.8907,0.5952,0.9576,0.9751,0.9816,0.9674
cg05506829,0.9074,0.8152,0.6902,0.8412,0.6754,0.9018,0.9244,0.9171,0.8968
cg23881368,0.8809,0.7282,0.5588,0.7882,0.5405,0.8736,0.938,0.8883,0.8955
cg07075299,0.9253,0.8883,0.78,0.9056,0.7931,0.9184,0.9516,0.9516,0.9378
cg13521018,0.8981,0.8708,0.1278,0.0802,0.0462,0.9153,0.7353,0.9054,0.8439
cg17444479,0.9402,0.917,0.0809,0.0472,0.0305,0.9499,0.8471,0.9264,0.9054
cg09800500,0.9659,0.6134,0.3661,0.7782,0.453,0.9687,0.9762,0.6885,0.8716
cg17820878,0.9592,0.9644,0.6633,0.9519,0.5435,0.9288,0.9793,0.9451,0.9748
cg13015616,0.8338,0.797,0.0965,0.2484,0.1755,0.8195,0.8606,0.8552,0.8128
cg08179431,0.8929,0.8658,0.1362,0.4182,0.2802,0.8816,0.8916,0.9034,0.8757
cg22277485,0.8953,0.873,0.2702,0.7023,0.4305,0.8636,0.9222,0.8751,0.8907
cg14531564,0.953,0.8594,0.4346,0.8889,0.632,0.9526,0.9846,0.8322,0.8306
cg07970040,0.9566,0.9392,0.1766,0.6964,0.257,0.943,0.9591,0.9522,0.9302
cg04340595,0.9413,0.9147,0.1183,0.5609,0.255,0.9172,0.9693,0.9184,0.7836
cg12051710,0.8919,0.8878,0.4761,0.8752,0.7027,0.8926,0.9249,0.9307,0.9094
cg10414881,0.8865,0.7379,0.2055,0.7432,0.2051,0.8851,0.9231,0.9178,0.8995
cg20042612,0.9704,0.967,0.4836,0.2122,0.3344,0.9659,0.9576,0.9706,0.909
cg16193207,0.8823,0.8751,0.2078,0.8144,0.3919,0.8558,0.9517,0.8424,0.8687
cg14597739,0.9315,0.0545,0.0931,0.323,0.1182,0.908,0.9441,0.955,0.9378
cg17169196,0.9059,0.038,0.061,0.2812,0.0709,0.8983,0.9602,0.9492,0.9055
cg02402436,0.8246,0.0295,0.0588,0.1511,0.0792,0.7662,0.8299,0.8548,0.7358
cg21999229,0.9165,0.0292,0.075,0.2262,0.0852,0.8648,0.9489,0.9492,0.8905
cg14437551,0.9326,0.0146,0.0417,0.1266,0.0482,0.9151,0.9438,0.9728,0.9258
cg13815684,0.9232,0.3011,0.1446,0.7691,0.1602,0.9129,0.9392,0.9362,0.8821
cg26348243,0.9446,0.1755,0.0811,0.6376,0.1124,0.9301,0.9816,0.9682,0.7922
cg17709873,0.8975,0.292,0.1762,0.6716,0.2121,0.8895,0.883,0.8505,0.8003
cg22318806,0.7389,0.2094,0.1641,0.4239,0.1754,0.6969,0.7379,0.6155,0.5127
cg14597739,0.9315,0.0545,0.0931,0.323,0.1182,0.908,0.9441,0.955,0.9378
cg17169196,0.9059,0.038,0.061,0.2812,0.0709,0.8983,0.9602,0.9492,0.9055
cg02402436,0.8246,0.0295,0.0588,0.1511,0.0792,0.7662,0.8299,0.8548,0.7358
cg21999229,0.9165,0.0292,0.075,0.2262,0.0852,0.8648,0.9489,0.9492,0.8905
cg14437551,0.9326,0.0146,0.0417,0.1266,0.0482,0.9151,0.9438,0.9728,0.9258
cg00052964,0.835,0.9293,0.5152,0.8732,0.6879,0.928,0.9387,0.906,0.9386
cg24008435,0.9106,0.8648,0.3888,0.8735,0.6514,0.9047,0.8837,0.9038,0.8584
cg13815684,0.9232,0.3011,0.1446,0.7691,0.1602,0.9129,0.9392,0.9362,0.8821
cg26348243,0.9446,0.1755,0.0811,0.6376,0.1124,0.9301,0.9816,0.9682,0.7922
cg17709873,0.8975,0.292,0.1762,0.6716,0.2121,0.8895,0.883,0.8505,0.8003
cg22318806,0.7389,0.2094,0.1641,0.4239,0.1754,0.6969,0.7379,0.6155,0.5127
cg13651908,0.8559,0.8412,0.1382,0.7788,0.3741,0.826,0.9267,0.8026,0.784
cg10240150,0.8693,0.8656,0.0926,0.7932,0.305,0.824,0.9193,0.8721,0.8726
cg03172657,0.6873,0.8337,0.3004,0.8173,0.0772,0.6625,0.9554,0.9408,0.8513
cg07661835,0.8295,0.8294,0.3932,0.825,0.1201,0.8111,0.8591,0.7913,0.7886
cg08570691,0.9638,0.7999,0.6388,0.9286,0.6038,0.9618,0.9916,0.9715,0.9258
cg11252555,0.9697,0.833,0.697,0.942,0.6332,0.968,0.9824,0.9761,0.9241
cg09104284,0.9456,0.8909,0.7506,0.9336,0.8851,0.9371,0.9739,0.9765,0.9541
cg07794169,0.9171,0.8934,0.774,0.9168,0.8682,0.9195,0.9414,0.9185,0.9146
cg00944599,0.9253,0.8929,0.3623,0.9098,0.732,0.9006,0.8883,0.89,0.8109
cg25140783,0.8742,0.4883,0.0971,0.0994,0.087,0.8836,0.9531,0.9141,0.8673
cg26692749,0.748,0.4285,0.0631,0.0613,0.0528,0.7885,0.8594,0.7852,0.819
cg20504474,0.7507,0.886,0.1686,0.0615,0.2272,0.7262,0.8837,0.9371,0.8741
cg01804183,0.903,0.8589,0.3275,0.8464,0.4587,0.8909,0.8538,0.8932,0.8754
cg22689323,0.8752,0.893,0.096,0.2532,0.0696,0.866,0.6658,0.883,0.8811
cg01525879,0.8622,0.8958,0.2398,0.6907,0.5771,0.7796,0.9004,0.8539,0.8458
cg16374333,0.8908,0.9,0.1162,0.1563,0.0814,0.8616,0.8631,0.9073,0.8485
cg04724177,0.9621,0.8256,0.728,0.9717,0.9633,0.9656,0.9589,0.9633,0.9495
cg05949181,0.8535,0.607,0.2269,0.7436,0.3896,0.8533,0.9177,0.8945,0.8862
cg08482359,0.961,0.9588,0.7604,0.9542,0.9298,0.9421,0.9658,0.9447,0.9733
cg18070458,0.8679,0.8329,0.412,0.8682,0.5373,0.7395,0.9418,0.9011,0.9205
cg08570691,0.9638,0.7999,0.6388,0.9286,0.6038,0.9618,0.9916,0.9715,0.9258
cg11252555,0.9697,0.833,0.697,0.942,0.6332,0.968,0.9824,0.9761,0.9241
cg03254928,0.7798,0.7576,0.0728,0.7701,0.0614,0.7615,0.8472,0.5322,0.631
cg13750061,0.8248,0.8689,0.1043,0.8555,0.088,0.8836,0.934,0.8198,0.862
cg23357533,0.8914,0.8943,0.2443,0.8762,0.4783,0.8768,0.908,0.8755,0.8804
cg03016153,0.705,0.8534,0.0766,0.3647,0.0907,0.8632,0.8692,0.8289,0.8072
cg09088496,0.9086,0.8917,0.1252,0.2237,0.0914,0.8918,0.9251,0.879,0.8236
cg02600394,0.8212,0.8393,0.1262,0.0851,0.2376,0.7432,0.8868,0.7209,0.7072
cg20981615,0.8637,0.8977,0.1199,0.0737,0.239,0.762,0.9375,0.8437,0.8447
cg24430034,0.9616,0.9686,0.9301,0.1803,0.884,0.9669,0.9708,0.9646,0.9736
cg26573274,0.9535,0.9564,0.9191,0.1551,0.8819,0.9562,0.9667,0.9699,0.9657
cg02407068,0.9805,0.9828,0.9705,0.611,0.8883,0.974,0.9917,0.9888,0.9895
cg24430034,0.9616,0.9686,0.9301,0.1803,0.884,0.9669,0.9708,0.9646,0.9736
cg26573274,0.9535,0.9564,0.9191,0.1551,0.8819,0.9562,0.9667,0.9699,0.9657
cg21333217,0.9696,0.9716,0.9402,0.2362,0.712,0.9681,0.9837,0.9637,0.9733
cg00805874,0.9466,0.9655,0.9246,0.0981,0.6213,0.9421,0.9799,0.9726,0.9385
cg06636203,0.887,0.9758,0.9322,0.5009,0.7495,0.7713,0.9566,0.9454,0.9139
cg25470384,0.9676,0.9729,0.9564,0.4964,0.8326,0.9602,0.9908,0.9841,0.983
cg04603811,0.9398,0.9824,0.9148,0.3815,0.6238,0.8592,0.9917,0.9842,0.9686
cg09788778,0.9396,0.972,0.9209,0.2582,0.7053,0.8952,0.9883,0.9666,0.951
cg11645762,0.6292,0.7552,0.6882,0.158,0.4975,0.5707,0.7085,0.6772,0.7335
cg27287951,0.9668,0.834,0.9506,0.228,0.8555,0.9696,0.9856,0.9698,0.9807
cg26648465,0.9014,0.9708,0.9533,0.3163,0.9655,0.8595,0.9598,0.9828,0.9759
cg23520889,0.9845,0.9846,0.9776,0.7911,0.9789,0.9791,0.9892,0.9906,0.9913
cg00805874,0.9466,0.9655,0.9246,0.0981,0.6213,0.9421,0.9799,0.9726,0.9385
cg25470384,0.9676,0.9729,0.9564,0.4964,0.8326,0.9602,0.9908,0.9841,0.983
cg04603811,0.9398,0.9824,0.9148,0.3815,0.6238,0.8592,0.9917,0.9842,0.9686
cg09788778,0.9396,0.972,0.9209,0.2582,0.7053,0.8952,0.9883,0.9666,0.951
cg11645762,0.6292,0.7552,0.6882,0.158,0.4975,0.5707,0.7085,0.6772,0.7335
cg17893934,0.9639,0.9706,0.9386,0.3642,0.8972,0.9553,0.9856,0.9726,0.9789
cg10107671,0.9793,0.944,0.966,0.6632,0.9715,0.9794,0.9878,0.984,0.9818
cg15956469,0.9559,0.9507,0.9351,0.1423,0.8326,0.949,0.9755,0.9532,0.9693
cg22521333,0.974,0.9678,0.9622,0.6533,0.9722,0.9678,0.9871,0.984,0.9871
cg18740289,0.9734,0.9734,0.9634,0.6604,0.9075,0.9744,0.9853,0.9784,0.9823
cg11792824,0.913,0.8954,0.8711,0.6662,0.8377,0.8928,0.9437,0.9099,0.9311
cg13127825,0.5771,0.8956,0.5892,0.2619,0.4824,0.5184,0.7862,0.9365,0.8944
cg00805874,0.9466,0.9655,0.9246,0.0981,0.6213,0.9421,0.9799,0.9726,0.9385
cg25470384,0.9676,0.9729,0.9564,0.4964,0.8326,0.9602,0.9908,0.9841,0.983
cg04603811,0.9398,0.9824,0.9148,0.3815,0.6238,0.8592,0.9917,0.9842,0.9686
cg25013586,0.5839,0.8124,0.5893,0.3626,0.5117,0.5384,0.6922,0.8292,0.8014
cg25861453,0.6758,0.9012,0.7306,0.3503,0.5691,0.5852,0.8104,0.9027,0.876
cg24612059,0.9752,0.9742,0.9735,0.5361,0.979,0.9761,0.9868,0.9849,0.9868
cg15690475,0.9762,0.9735,0.9721,0.4978,0.9758,0.9788,0.9851,0.9834,0.9894
cg00459243,0.8689,0.9724,0.9478,0.5245,0.847,0.7462,0.9599,0.9272,0.9446
cg10917426,0.965,0.9775,0.9658,0.5581,0.9507,0.9123,0.9887,0.9681,0.9673
cg16463880,0.9062,0.9716,0.941,0.4818,0.8953,0.8111,0.9599,0.9455,0.9448
cg04392554,0.9621,0.9479,0.9424,0.306,0.8204,0.9633,0.9872,0.9611,0.9776
cg00805874,0.9466,0.9655,0.9246,0.0981,0.6213,0.9421,0.9799,0.9726,0.9385
cg06636203,0.887,0.9758,0.9322,0.5009,0.7495,0.7713,0.9566,0.9454,0.9139
cg25470384,0.9676,0.9729,0.9564,0.4964,0.8326,0.9602,0.9908,0.9841,0.983
cg09788778,0.9396,0.972,0.9209,0.2582,0.7053,0.8952,0.9883,0.9666,0.951
cg11645762,0.6292,0.7552,0.6882,0.158,0.4975,0.5707,0.7085,0.6772,0.7335
cg18479798,0.9777,0.9801,0.968,0.5461,0.841,0.9746,0.9815,0.9907,0.9878
cg09061454,0.9789,0.9774,0.9671,0.6659,0.8912,0.9762,0.9886,0.9853,0.9632
cg24612059,0.9752,0.9742,0.9735,0.5361,0.979,0.9761,0.9868,0.9849,0.9868
cg15690475,0.9762,0.9735,0.9721,0.4978,0.9758,0.9788,0.9851,0.9834,0.9894
cg15729230,0.9599,0.957,0.722,0.1496,0.6015,0.9439,0.9711,0.9695,0.9487
cg18247172,0.9122,0.9512,0.8621,0.2152,0.744,0.8797,0.974,0.9599,0.9312
cg05875239,0.9363,0.9256,0.9282,0.0647,0.9055,0.9358,0.8768,0.9338,0.9255
cg17566718,0.9632,0.9614,0.959,0.6464,0.9636,0.964,0.9812,0.9711,0.9649
cg20949306,0.9569,0.964,0.9496,0.5425,0.8688,0.9556,0.9783,0.9798,0.9665
cg08876481,0.8414,0.91,0.9167,0.3226,0.9004,0.795,0.9587,0.9586,0.9771
cg06296597,0.814,0.9254,0.8963,0.3405,0.8428,0.7824,0.9154,0.939,0.9563
cg12500857,0.9131,0.8177,0.9073,0.0976,0.9073,0.9217,0.8803,0.929,0.9476
cg21828319,0.9002,0.767,0.8918,0.1434,0.8839,0.9008,0.9113,0.8963,0.9189
cg12550496,0.9598,0.9697,0.8437,0.4692,0.8192,0.9625,0.9712,0.8639,0.9704
cg10213762,0.9725,0.9788,0.9144,0.632,0.9044,0.9757,0.9772,0.8673,0.9729
cg26101890,0.9562,0.9579,0.946,0.5429,0.937,0.9478,0.9707,0.9702,0.952
cg09776718,0.961,0.9711,0.9255,0.6348,0.9294,0.925,0.9812,0.9801,0.9874
cg00910503,0.9537,0.8972,0.9517,0.4832,0.9604,0.9488,0.9876,0.9714,0.9783
cg15039797,0.9728,0.9708,0.322,0.308,0.6911,0.9701,0.979,0.9621,0.9704
cg24137511,0.9699,0.9726,0.9597,0.3282,0.9512,0.9664,0.9761,0.8971,0.8949
cg06706159,0.9543,0.958,0.9364,0.3321,0.9252,0.9492,0.9827,0.8745,0.8471
cg16183122,0.9534,0.9524,0.9299,0.4781,0.931,0.944,0.9785,0.9671,0.9754
cg12226453,0.9587,0.9528,0.936,0.4119,0.6598,0.9494,0.978,0.963,0.9668
cg18973586,0.9646,0.9665,0.9552,0.6443,0.7464,0.961,0.9848,0.9803,0.9743
cg12803060,0.9487,0.9598,0.9509,0.6536,0.9167,0.9648,0.9423,0.9668,0.9767
cg04925085,0.9783,0.9796,0.9717,0.799,0.9753,0.9716,0.9799,0.9825,0.9783
cg12550496,0.9598,0.9697,0.8437,0.4692,0.8192,0.9625,0.9712,0.8639,0.9704
cg10213762,0.9725,0.9788,0.9144,0.632,0.9044,0.9757,0.9772,0.8673,0.9729
cg17720554,0.8375,0.8345,0.7784,0.4556,0.7671,0.8239,0.8846,0.8102,0.8589
cg20042612,0.9704,0.967,0.4836,0.2122,0.3344,0.9659,0.9576,0.9706,0.909
cg27274718,0.8861,0.8937,0.8814,0.1424,0.886,0.8757,0.9356,0.9025,0.9162
cg21813265,0.9455,0.9622,0.9481,0.6427,0.9327,0.9316,0.9717,0.965,0.9773
cg12226453,0.9587,0.9528,0.936,0.4119,0.6598,0.9494,0.978,0.963,0.9668
cg18973586,0.9646,0.9665,0.9552,0.6443,0.7464,0.961,0.9848,0.9803,0.9743
cg13617280,0.9541,0.9574,0.9504,0.1035,0.9445,0.9011,0.8571,0.6556,0.9255
cg16316183,0.8656,0.8902,0.8933,0.1488,0.8828,0.7094,0.9101,0.7781,0.9087
cg24410690,0.8982,0.9117,0.9055,0.1779,0.9118,0.8715,0.8578,0.7844,0.92
cg24586376,0.9673,0.9569,0.855,0.6124,0.934,0.9664,0.9679,0.9699,0.9716
cg08415156,0.6922,0.904,0.9052,0.1925,0.8832,0.5188,0.9245,0.9686,0.9516
cg02176148,0.9412,0.937,0.9306,0.4802,0.9214,0.9271,0.9638,0.963,0.9711
cg14059988,0.9381,0.9312,0.9304,0.8735,0.9296,0.9279,0.953,0.9384,0.9528
cg00293189,0.9129,0.8777,0.7279,0.1846,0.7244,0.902,0.9358,0.9142,0.9177
cg08876481,0.8414,0.91,0.9167,0.3226,0.9004,0.795,0.9587,0.9586,0.9771
cg06296597,0.814,0.9254,0.8963,0.3405,0.8428,0.7824,0.9154,0.939,0.9563
cg22795307,0.961,0.9555,0.9556,0.6899,0.9472,0.9579,0.9362,0.9754,0.9728
cg12332083,0.9654,0.9656,0.9149,0.5767,0.9566,0.961,0.9801,0.9589,0.9683
cg10584478,0.6848,0.9236,0.8999,0.22,0.9131,0.453,0.9001,0.9344,0.9397
cg06183287,0.8962,0.8488,0.799,0.2904,0.7765,0.9004,0.9503,0.9027,0.9103
cg01416168,0.9023,0.8928,0.8789,0.176,0.7974,0.9021,0.9372,0.9069,0.899
cg09115713,0.942,0.8037,0.6156,0.1559,0.5046,0.9599,0.9804,0.974,0.8125
cg03831847,0.9696,0.8204,0.6387,0.1718,0.5395,0.9702,0.99,0.9808,0.8694
cg08798862,0.865,0.7133,0.581,0.2194,0.4559,0.8625,0.8825,0.8523,0.7613
cg09631939,0.957,0.96,0.9446,0.401,0.8065,0.9454,0.9174,0.9244,0.9145
cg26675329,0.7524,0.7556,0.7114,0.1506,0.5764,0.7381,0.8099,0.7008,0.7267
cg11335172,0.924,0.9344,0.8907,0.1164,0.7292,0.8953,0.8941,0.9065,0.9338
cg00459243,0.8689,0.9724,0.9478,0.5245,0.847,0.7462,0.9599,0.9272,0.9446
cg10917426,0.965,0.9775,0.9658,0.5581,0.9507,0.9123,0.9887,0.9681,0.9673
cg16463880,0.9062,0.9716,0.941,0.4818,0.8953,0.8111,0.9599,0.9455,0.9448
cg14562426,0.7176,0.8151,0.774,0.219,0.664,0.5954,0.8177,0.8019,0.8406
cg00711896,0.9795,0.9786,0.9746,0.7387,0.9502,0.84,0.991,0.9712,0.9838
cg22977745,0.9316,0.9384,0.9309,0.2827,0.9296,0.6707,0.9466,0.9288,0.9609
cg00169184,0.9023,0.9103,0.905,0.2829,0.898,0.7354,0.9353,0.9038,0.9201
cg14907310,0.9382,0.9169,0.897,0.3638,0.8675,0.9141,0.9411,0.9528,0.9535
cg03726963,0.8558,0.9137,0.8394,0.5274,0.8419,0.8464,0.9766,0.9614,0.9656
cg01017397,0.9731,0.9618,0.8836,0.7058,0.9437,0.9681,0.9595,0.9686,0.9776
cg21964798,0.9396,0.5728,0.9444,0.5461,0.9414,0.9105,0.9647,0.9729,0.9708
cg09235217,0.9485,0.9472,0.9399,0.6349,0.9481,0.9422,0.9702,0.9567,0.9664
cg23617947,0.9174,0.9749,0.9476,0.7512,0.9367,0.8577,0.9784,0.9849,0.9855
cg14930335,0.9458,0.9483,0.9461,0.6458,0.9221,0.9348,0.9612,0.9499,0.9585
cg27309098,0.9645,0.9676,0.9626,0.6032,0.9537,0.9669,0.954,0.9715,0.9742
cg00462849,0.9545,0.9596,0.9493,0.5936,0.9599,0.9522,0.9622,0.9271,0.9486
cg13682598,0.912,0.9478,0.9324,0.545,0.9539,0.7474,0.9366,0.9625,0.9801
cg26971585,0.9633,0.9591,0.9559,0.6929,0.9525,0.9534,0.9819,0.9762,0.9789
cg12500857,0.9131,0.8177,0.9073,0.0976,0.9073,0.9217,0.8803,0.929,0.9476
cg21828319,0.9002,0.767,0.8918,0.1434,0.8839,0.9008,0.9113,0.8963,0.9189
cg19529732,0.8373,0.8064,0.2856,0.0519,0.0403,0.8048,0.9161,0.9118,0.825
cg14094409,0.9516,0.9227,0.5018,0.12,0.105,0.9461,0.9822,0.9572,0.8792
cg08622923,0.8614,0.8414,0.5002,0.1415,0.1163,0.8068,0.8571,0.8438,0.829
cg10802680,0.7632,0.8126,0.3894,0.1543,0.1419,0.7525,0.7695,0.824,0.7771
cg11804414,0.8276,0.7718,0.3255,0.0716,0.0644,0.7663,0.8817,0.8593,0.8376
cg11535839,0.6625,0.8965,0.7782,0.1027,0.5134,0.4913,0.7396,0.9558,0.899
cg13617280,0.9541,0.9574,0.9504,0.1035,0.9445,0.9011,0.8571,0.6556,0.9255
cg16316183,0.8656,0.8902,0.8933,0.1488,0.8828,0.7094,0.9101,0.7781,0.9087
cg24410690,0.8982,0.9117,0.9055,0.1779,0.9118,0.8715,0.8578,0.7844,0.92
cg20699157,0.9017,0.9261,0.8785,0.3005,0.799,0.8511,0.8948,0.9408,0.9309
cg02287105,0.9144,0.9053,0.6534,0.197,0.5324,0.8892,0.9464,0.9378,0.922
cg14798382,0.9482,0.9692,0.9662,0.6983,0.9574,0.9081,0.9669,0.9709,0.9786
cg05355684,0.901,0.8984,0.8742,0.1604,0.8583,0.8821,0.9289,0.865,0.8743
cg08326410,0.9062,0.8976,0.8841,0.1652,0.8328,0.8977,0.9392,0.9026,0.9067
cg01454237,0.8396,0.7994,0.7716,0.1462,0.7322,0.7928,0.8657,0.7842,0.7996
cg10214132,0.8995,0.8947,0.7653,0.1652,0.6297,0.8917,0.9328,0.9196,0.8945
cg06233301,0.9583,0.9144,0.9383,0.5527,0.9081,0.9204,0.9849,0.9652,0.9756
cg02240030,0.892,0.8631,0.856,0.1511,0.7673,0.8939,0.8911,0.8826,0.8827
cg06504636,0.8429,0.7408,0.7163,0.1394,0.6451,0.8375,0.9091,0.8168,0.8175
cg24137511,0.9699,0.9726,0.9597,0.3282,0.9512,0.9664,0.9761,0.8971,0.8949
cg06706159,0.9543,0.958,0.9364,0.3321,0.9252,0.9492,0.9827,0.8745,0.8471
cg00054352,0.8941,0.8838,0.8729,0.3993,0.8116,0.9073,0.9532,0.9296,0.935
cg24408769,0.6045,0.9542,0.9278,0.0764,0.9202,0.5614,0.9552,0.9325,0.672
cg02891728,0.7583,0.9133,0.93,0.5121,0.9415,0.7745,0.9662,0.9639,0.9412
cg12103219,0.9637,0.9665,0.8209,0.6446,0.7771,0.959,0.9844,0.9694,0.9475
cg24042899,0.957,0.9496,0.9317,0.5557,0.7495,0.9492,0.9436,0.9622,0.9711
cg13523236,0.9459,0.9497,0.9283,0.6098,0.9077,0.9269,0.9688,0.9372,0.9635
cg19456938,0.9056,0.8363,0.5747,0.2053,0.569,0.9003,0.9422,0.9347,0.9071
cg13669740,0.8694,0.8023,0.5659,0.1969,0.5689,0.873,0.889,0.8847,0.867
cg13617280,0.9541,0.9574,0.9504,0.1035,0.9445,0.9011,0.8571,0.6556,0.9255
cg16316183,0.8656,0.8902,0.8933,0.1488,0.8828,0.7094,0.9101,0.7781,0.9087
cg24410690,0.8982,0.9117,0.9055,0.1779,0.9118,0.8715,0.8578,0.7844,0.92
cg03538296,0.9066,0.8947,0.8569,0.0861,0.7858,0.9029,0.815,0.8399,0.9435
cg00829063,0.9067,0.9123,0.6766,0.1509,0.843,0.9032,0.8866,0.8808,0.8745
cg22977745,0.9316,0.9384,0.9309,0.2827,0.9296,0.6707,0.9466,0.9288,0.9609
cg03747304,0.8988,0.9014,0.8973,0.3216,0.8913,0.8131,0.9232,0.7822,0.9132
cg00169184,0.9023,0.9103,0.905,0.2829,0.898,0.7354,0.9353,0.9038,0.9201
cg24143611,0.9229,0.9656,0.886,0.6891,0.9174,0.8315,0.9207,0.9675,0.9763
cg21180201,0.8641,0.8096,0.849,0.1504,0.8001,0.8476,0.9245,0.9056,0.9007
cg08171667,0.8968,0.6319,0.8541,0.1819,0.7728,0.8931,0.9358,0.8315,0.8993
cg01532713,0.9485,0.9448,0.9295,0.6193,0.8984,0.9418,0.9579,0.9533,0.9158
cg09494176,0.9385,0.9322,0.9168,0.4017,0.8762,0.9314,0.9454,0.9192,0.8919
cg05643988,0.8987,0.8966,0.8316,0.2546,0.6974,0.8946,0.9043,0.906,0.9046
cg24431515,0.9823,0.9602,0.91,0.6993,0.554,0.974,0.9905,0.9767,0.9493
cg27316811,0.9686,0.9323,0.4164,0.9362,0.1845,0.9679,0.9694,0.9639,0.5198
cg11947782,0.9494,0.87,0.6986,0.9387,0.5036,0.9487,0.9871,0.973,0.918
cg26472802,0.9732,0.9005,0.4336,0.8311,0.2654,0.9713,0.989,0.9732,0.8467
cg23366234,0.9782,0.9167,0.6149,0.888,0.4574,0.9745,0.9891,0.9754,0.9043
cg19001909,0.9618,0.9598,0.1861,0.9184,0.2252,0.9585,0.9867,0.9609,0.9357
cg26472802,0.9732,0.9005,0.4336,0.8311,0.2654,0.9713,0.989,0.9732,0.8467
cg23366234,0.9782,0.9167,0.6149,0.888,0.4574,0.9745,0.9891,0.9754,0.9043
cg01877778,0.9727,0.974,0.7193,0.9658,0.6938,0.9735,0.9849,0.9766,0.9695
cg17820878,0.9592,0.9644,0.6633,0.9519,0.5435,0.9288,0.9793,0.9451,0.9748
cg10730425,0.9726,0.9666,0.5552,0.9674,0.5616,0.9708,0.9247,0.9717,0.9694
cg19529732,0.8373,0.8064,0.2856,0.0519,0.0403,0.8048,0.9161,0.9118,0.825
cg14094409,0.9516,0.9227,0.5018,0.12,0.105,0.9461,0.9822,0.9572,0.8792
cg08622923,0.8614,0.8414,0.5002,0.1415,0.1163,0.8068,0.8571,0.8438,0.829
cg10802680,0.7632,0.8126,0.3894,0.1543,0.1419,0.7525,0.7695,0.824,0.7771
cg11804414,0.8276,0.7718,0.3255,0.0716,0.0644,0.7663,0.8817,0.8593,0.8376
cg03388043,0.9528,0.9436,0.0441,0.7723,0.0448,0.9411,0.9651,0.9411,0.8254
cg10505658,0.8414,0.8108,0.1099,0.577,0.1056,0.8144,0.8857,0.7317,0.7249
cg00219921,0.8952,0.9091,0.7624,0.8682,0.149,0.8864,0.8839,0.8851,0.8686
cg20042612,0.9704,0.967,0.4836,0.2122,0.3344,0.9659,0.9576,0.9706,0.909
cg07236781,0.9619,0.8117,0.8033,0.4425,0.3547,0.9622,0.9888,0.9409,0.9198
cg03172657,0.6873,0.8337,0.3004,0.8173,0.0772,0.6625,0.9554,0.9408,0.8513
cg07661835,0.8295,0.8294,0.3932,0.825,0.1201,0.8111,0.8591,0.7913,0.7886
cg16452866,0.9668,0.9594,0.0768,0.9381,0.1375,0.965,0.9737,0.9575,0.9212
cg13127825,0.5771,0.8956,0.5892,0.2619,0.4824,0.5184,0.7862,0.9365,0.8944
cg00805874,0.9466,0.9655,0.9246,0.0981,0.6213,0.9421,0.9799,0.9726,0.9385
cg25470384,0.9676,0.9729,0.9564,0.4964,0.8326,0.9602,0.9908,0.9841,0.983
cg04603811,0.9398,0.9824,0.9148,0.3815,0.6238,0.8592,0.9917,0.9842,0.9686
cg25013586,0.5839,0.8124,0.5893,0.3626,0.5117,0.5384,0.6922,0.8292,0.8014
cg25861453,0.6758,0.9012,0.7306,0.3503,0.5691,0.5852,0.8104,0.9027,0.876
cg09234252,0.9247,0.9282,0.1337,0.3274,0.0762,0.9002,0.949,0.9225,0.9209
cg21565496,0.9626,0.9678,0.3946,0.9513,0.5911,0.9532,0.9858,0.9749,0.9558
cg11236515,0.9798,0.9303,0.1535,0.8898,0.2584,0.9736,0.987,0.9764,0.8658
cg07110949,0.966,0.9285,0.3816,0.9519,0.6097,0.9604,0.9825,0.9714,0.9721
cg01002223,0.918,0.9168,0.8047,0.8899,0.4036,0.9114,0.9509,0.9059,0.9199
cg20105257,0.9221,0.8608,0.2399,0.7973,0.141,0.9337,0.9451,0.8839,0.9128
cg09032544,0.9638,0.9614,0.0733,0.1419,0.0643,0.9522,0.9866,0.9527,0.8562
cg09120938,0.9562,0.955,0.7111,0.9414,0.5491,0.9527,0.9598,0.9442,0.9549
cg06164961,0.9004,0.8938,0.0744,0.6933,0.0662,0.8903,0.9365,0.8111,0.8346
cg24612198,0.9133,0.9124,0.0967,0.771,0.0935,0.8972,0.8976,0.9152,0.8684
cg07786657,0.9724,0.969,0.059,0.1095,0.0601,0.963,0.974,0.9102,0.824
cg13619891,0.8941,0.9206,0.1501,0.8202,0.1271,0.9047,0.9502,0.9395,0.831
cg02167713,0.9331,0.9537,0.551,0.8526,0.4284,0.9654,0.8164,0.943,0.8574
cg04042333,0.9387,0.8327,0.472,0.1283,0.151,0.9341,0.9639,0.9449,0.75
cg24150662,0.958,0.9339,0.3701,0.8623,0.3005,0.9617,0.9877,0.8564,0.8546
cg06201717,0.9082,0.8581,0.4142,0.8404,0.3774,0.9074,0.9706,0.7751,0.844
cg08570691,0.9638,0.7999,0.6388,0.9286,0.6038,0.9618,0.9916,0.9715,0.9258
cg11252555,0.9697,0.833,0.697,0.942,0.6332,0.968,0.9824,0.9761,0.9241
cg21387735,0.971,0.9683,0.5453,0.8359,0.6671,0.9699,0.9743,0.9729,0.9744
cg07970040,0.9566,0.9392,0.1766,0.6964,0.257,0.943,0.9591,0.9522,0.9302
cg04340595,0.9413,0.9147,0.1183,0.5609,0.255,0.9172,0.9693,0.9184,0.7836
cg08450017,0.9554,0.9573,0.0541,0.429,0.0967,0.9504,0.9417,0.89,0.777
cg22512531,0.8977,0.8937,0.5076,0.4338,0.083,0.8811,0.9443,0.874,0.8634
cg12226453,0.9587,0.9528,0.936,0.4119,0.6598,0.9494,0.978,0.963,0.9668
cg18973586,0.9646,0.9665,0.9552,0.6443,0.7464,0.961,0.9848,0.9803,0.9743
cg04716447,0.6398,0.3525,0.0948,0.4798,0.0814,0.6776,0.8088,0.7897,0.6896
cg14480046,0.8826,0.3147,0.096,0.6384,0.0761,0.8848,0.9699,0.9388,0.8962
cg11893955,0.8994,0.5875,0.1375,0.4006,0.1291,0.9221,0.9718,0.9309,0.8651
cg08338281,0.9168,0.7383,0.0638,0.8688,0.0586,0.9183,0.9112,0.8894,0.8328
cg14597739,0.9315,0.0545,0.0931,0.323,0.1182,0.908,0.9441,0.955,0.9378
cg17169196,0.9059,0.038,0.061,0.2812,0.0709,0.8983,0.9602,0.9492,0.9055
cg21999229,0.9165,0.0292,0.075,0.2262,0.0852,0.8648,0.9489,0.9492,0.8905
cg14437551,0.9326,0.0146,0.0417,0.1266,0.0482,0.9151,0.9438,0.9728,0.9258
cg13521018,0.8981,0.8708,0.1278,0.0802,0.0462,0.9153,0.7353,0.9054,0.8439
cg17444479,0.9402,0.917,0.0809,0.0472,0.0305,0.9499,0.8471,0.9264,0.9054
cg11848483,0.9278,0.9056,0.1172,0.8846,0.267,0.9179,0.9353,0.8993,0.8841
cg03480001,0.9626,0.9546,0.8942,0.9576,0.7546,0.9518,0.9622,0.9683,0.974
cg16272981,0.9499,0.6101,0.6909,0.7862,0.4853,0.954,0.9804,0.9553,0.9033
cg08697251,0.8668,0.5523,0.601,0.6974,0.4334,0.8531,0.9194,0.7836,0.7934
cg26922780,0.658,0.8175,0.2299,0.4183,0.0942,0.5415,0.8793,0.9559,0.8641
cg08570691,0.9638,0.7999,0.6388,0.9286,0.6038,0.9618,0.9916,0.9715,0.9258
cg11252555,0.9697,0.833,0.697,0.942,0.6332,0.968,0.9824,0.9761,0.9241
cg10977115,0.8814,0.8866,0.354,0.4141,0.0567,0.87,0.9168,0.8873,0.8994
cg25939861,0.8575,0.855,0.7716,0.6428,0.0982,0.8597,0.9234,0.8421,0.8435
cg24841244,0.897,0.9076,0.0752,0.862,0.0597,0.8797,0.9258,0.8439,0.8261
cg17615629,0.931,0.8524,0.0973,0.8048,0.0946,0.9296,0.9401,0.7651,0.808
cg04759756,0.8876,0.8877,0.3474,0.6837,0.1518,0.8798,0.928,0.883,0.8275
cg26757673,0.8916,0.82,0.356,0.1006,0.1484,0.8954,0.9433,0.9166,0.8856
cg25226014,0.9125,0.8969,0.0779,0.5487,0.1888,0.906,0.9441,0.8918,0.8559
cg14597739,0.9315,0.0545,0.0931,0.323,0.1182,0.908,0.9441,0.955,0.9378
cg17169196,0.9059,0.038,0.061,0.2812,0.0709,0.8983,0.9602,0.9492,0.9055
cg21999229,0.9165,0.0292,0.075,0.2262,0.0852,0.8648,0.9489,0.9492,0.8905
cg14437551,0.9326,0.0146,0.0417,0.1266,0.0482,0.9151,0.9438,0.9728,0.9258
cg12044599,0.9681,0.7166,0.1768,0.7987,0.3189,0.9647,0.9898,0.912,0.8266
cg23468927,0.8661,0.6501,0.1666,0.5411,0.2484,0.8196,0.9007,0.814,0.8002
cg21330949,0.8425,0.8038,0.1695,0.1092,0.0638,0.8164,0.9075,0.8587,0.84
cg14287022,0.8342,0.8187,0.2701,0.1729,0.1189,0.8149,0.8774,0.8388,0.8106
cg20894640,0.9018,0.895,0.2114,0.138,0.0933,0.896,0.9179,0.8831,0.8597
cg24118521,0.9523,0.8082,0.5942,0.8907,0.5952,0.9576,0.9751,0.9816,0.9674
cg05506829,0.9074,0.8152,0.6902,0.8412,0.6754,0.9018,0.9244,0.9171,0.8968
cg23881368,0.8809,0.7282,0.5588,0.7882,0.5405,0.8736,0.938,0.8883,0.8955
cg07075299,0.9253,0.8883,0.78,0.9056,0.7931,0.9184,0.9516,0.9516,0.9378
cg07720105,0.5368,0.5432,0.4535,0.486,0.4251,0.512,0.5533,0.5939,0.5618
cg19517476,0.9477,0.8486,0.7342,0.7288,0.5865,0.932,0.9749,0.9785,0.8955
cg26003388,0.9698,0.9596,0.5508,0.9328,0.6721,0.9578,0.9736,0.8735,0.9461
cg07015803,0.9496,0.9475,0.0965,0.9281,0.1445,0.9442,0.9682,0.9359,0.9169
cg10414881,0.8865,0.7379,0.2055,0.7432,0.2051,0.8851,0.9231,0.9178,0.8995
cg08484479,0.9714,0.9704,0.7816,0.9659,0.8214,0.9681,0.9896,0.9815,0.9877
cg14392283,0.972,0.8588,0.8094,0.8759,0.6711,0.9672,0.9859,0.965,0.9626
cg16374333,0.8908,0.9,0.1162,0.1563,0.0814,0.8616,0.8631,0.9073,0.8485
cg22689323,0.8752,0.893,0.096,0.2532,0.0696,0.866,0.6658,0.883,0.8811
cg14597739,0.9315,0.0545,0.0931,0.323,0.1182,0.908,0.9441,0.955,0.9378
cg17169196,0.9059,0.038,0.061,0.2812,0.0709,0.8983,0.9602,0.9492,0.9055
cg02402436,0.8246,0.0295,0.0588,0.1511,0.0792,0.7662,0.8299,0.8548,0.7358
cg21999229,0.9165,0.0292,0.075,0.2262,0.0852,0.8648,0.9489,0.9492,0.8905
cg14437551,0.9326,0.0146,0.0417,0.1266,0.0482,0.9151,0.9438,0.9728,0.9258
cg23698124,0.9214,0.9258,0.6682,0.5108,0.425,0.915,0.7996,0.9413,0.9315
cg03293732,0.9059,0.5154,0.5196,0.3852,0.2102,0.8797,0.9428,0.8849,0.8573
cg13815684,0.9232,0.3011,0.1446,0.7691,0.1602,0.9129,0.9392,0.9362,0.8821
cg26348243,0.9446,0.1755,0.0811,0.6376,0.1124,0.9301,0.9816,0.9682,0.7922
cg17709873,0.8975,0.292,0.1762,0.6716,0.2121,0.8895,0.883,0.8505,0.8003
cg22318806,0.7389,0.2094,0.1641,0.4239,0.1754,0.6969,0.7379,0.6155,0.5127
cg09088496,0.9086,0.8917,0.1252,0.2237,0.0914,0.8918,0.9251,0.879,0.8236
cg14522718,0.9363,0.913,0.192,0.7221,0.3353,0.9076,0.9734,0.9335,0.9579
cg14597739,0.9315,0.0545,0.0931,0.323,0.1182,0.908,0.9441,0.955,0.9378
cg17169196,0.9059,0.038,0.061,0.2812,0.0709,0.8983,0.9602,0.9492,0.9055
cg02402436,0.8246,0.0295,0.0588,0.1511,0.0792,0.7662,0.8299,0.8548,0.7358
cg21999229,0.9165,0.0292,0.075,0.2262,0.0852,0.8648,0.9489,0.9492,0.8905
cg14437551,0.9326,0.0146,0.0417,0.1266,0.0482,0.9151,0.9438,0.9728,0.9258
cg14506192,0.8887,0.8799,0.443,0.1355,0.1205,0.8772,0.927,0.898,0.8446
cg25140783,0.8742,0.4883,0.0971,0.0994,0.087,0.8836,0.9531,0.9141,0.8673
cg26692749,0.748,0.4285,0.0631,0.0613,0.0528,0.7885,0.8594,0.7852,0.819
cg26354221,0.9476,0.9136,0.8031,0.918,0.6063,0.9383,0.9617,0.9442,0.94
cg00556515,0.8385,0.915,0.8454,0.5082,0.4748,0.7033,0.9779,0.8781,0.9452
cg02691035,0.4794,0.7584,0.3935,0.8145,0.1763,0.4604,0.9655,0.9396,0.8059
cg24456340,0.8994,0.9014,0.6417,0.0932,0.1001,0.8748,0.825,0.9012,0.86
cg03254928,0.7798,0.7576,0.0728,0.7701,0.0614,0.7615,0.8472,0.5322,0.631
cg13750061,0.8248,0.8689,0.1043,0.8555,0.088,0.8836,0.934,0.8198,0.862
cg19529732,0.8373,0.8064,0.2856,0.0519,0.0403,0.8048,0.9161,0.9118,0.825
cg14094409,0.9516,0.9227,0.5018,0.12,0.105,0.9461,0.9822,0.9572,0.8792
cg08622923,0.8614,0.8414,0.5002,0.1415,0.1163,0.8068,0.8571,0.8438,0.829
cg10802680,0.7632,0.8126,0.3894,0.1543,0.1419,0.7525,0.7695,0.824,0.7771
cg11804414,0.8276,0.7718,0.3255,0.0716,0.0644,0.7663,0.8817,0.8593,0.8376
cg11683242,0.8995,0.6805,0.2103,0.3799,0.1587,0.8928,0.929,0.919,0.866
cg02387618,0.9141,0.9184,0.347,0.7766,0.4291,0.9108,0.9329,0.9335,0.9106
cg23825480,0.9064,0.9091,0.139,0.6139,0.2422,0.8741,0.4721,0.8499,0.9109
cg08622923,0.8614,0.8414,0.5002,0.1415,0.1163,0.8068,0.8571,0.8438,0.829
cg21805118,0.8414,0.7192,0.2841,0.0998,0.0763,0.8224,0.8621,0.8889,0.8377
cg11804414,0.8276,0.7718,0.3255,0.0716,0.0644,0.7663,0.8817,0.8593,0.8376
cg18349022,0.8139,0.885,0.1789,0.5694,0.1042,0.6106,0.9094,0.8961,0.8681
cg13815684,0.9232,0.3011,0.1446,0.7691,0.1602,0.9129,0.9392,0.9362,0.8821
cg26348243,0.9446,0.1755,0.0811,0.6376,0.1124,0.9301,0.9816,0.9682,0.7922
cg17709873,0.8975,0.292,0.1762,0.6716,0.2121,0.8895,0.883,0.8505,0.8003
cg22318806,0.7389,0.2094,0.1641,0.4239,0.1754,0.6969,0.7379,0.6155,0.5127
cg02324835,0.8668,0.8604,0.357,0.7537,0.093,0.8579,0.9082,0.8324,0.7893
cg21341821,0.6334,0.745,0.5714,0.6278,0.4089,0.6841,0.8414,0.9573,0.9384
cg05392293,0.8166,0.7466,0.2232,0.7256,0.2143,0.7831,0.9096,0.8695,0.8668
cg00774149,0.9409,0.9118,0.84,0.9291,0.7619,0.9195,0.9855,0.978,0.9864
cg13380109,0.8868,0.8689,0.808,0.8671,0.7463,0.8777,0.8508,0.7821,0.8105
cg26768318,0.8932,0.8923,0.7924,0.6519,0.4928,0.8873,0.9421,0.9387,0.9285
cg17804342,0.969,0.9719,0.799,0.9605,0.5616,0.9679,0.9881,0.8863,0.9708
cg00805874,0.9466,0.9655,0.9246,0.0981,0.6213,0.9421,0.9799,0.9726,0.9385
cg25470384,0.9676,0.9729,0.9564,0.4964,0.8326,0.9602,0.9908,0.9841,0.983
cg04603811,0.9398,0.9824,0.9148,0.3815,0.6238,0.8592,0.9917,0.9842,0.9686
cg09788778,0.9396,0.972,0.9209,0.2582,0.7053,0.8952,0.9883,0.9666,0.951
cg11645762,0.6292,0.7552,0.6882,0.158,0.4975,0.5707,0.7085,0.6772,0.7335
cg20267828,0.8916,0.6379,0.1081,0.238,0.11,0.8657,0.9217,0.8384,0.8872
cg02098313,0.6353,0.2775,0.0833,0.085,0.074,0.6395,0.76,0.5363,0.7183
cg03016153,0.705,0.8534,0.0766,0.3647,0.0907,0.8632,0.8692,0.8289,0.8072
cg01561807,0.9384,0.8752,0.7727,0.3518,0.5087,0.932,0.9776,0.9171,0.9187
cg10261205,0.8974,0.7558,0.8001,0.6413,0.4964,0.6539,0.7317,0.9091,0.8344
cg10411146,0.925,0.8033,0.8782,0.6727,0.5186,0.6699,0.86,0.9831,0.9241
cg02327522,0.9269,0.901,0.1759,0.6764,0.1682,0.9162,0.9335,0.8961,0.8524
cg11586857,0.8915,0.253,0.1392,0.4662,0.1389,0.8656,0.9312,0.921,0.9066
cg24216966,0.8926,0.2238,0.1471,0.4079,0.1698,0.8763,0.9629,0.8472,0.8874
cg09736959,0.8307,0.1025,0.1274,0.3661,0.1556,0.8136,0.8699,0.7363,0.7808
cg07804973,0.9783,0.9833,0.9827,0.9745,0.9836,0.3817,0.9889,0.9905,0.9872
cg16802439,0.7781,0.9755,0.9784,0.962,0.9798,0.0678,0.9833,0.9827,0.9664
cg05398700,0.9338,0.9657,0.9669,0.9622,0.9678,0.0487,0.9584,0.8339,0.9777
cg18424841,0.9333,0.9772,0.9731,0.9691,0.9761,0.4271,0.9625,0.979,0.9776
cg20782252,0.9564,0.9806,0.9807,0.9735,0.9825,0.3931,0.9805,0.9764,0.9787
cg11153071,0.6058,0.9745,0.9752,0.9573,0.9735,0.1946,0.9822,0.9733,0.9677
cg19619585,0.9684,0.9714,0.9725,0.9686,0.97,0.5542,0.9759,0.9697,0.9812
cg24131359,0.9113,0.9416,0.9315,0.9096,0.9438,0.1933,0.9194,0.9646,0.9751
cg04354689,0.626,0.9785,0.9678,0.9634,0.9732,0.3048,0.9834,0.9371,0.9772
cg03571959,0.5392,0.8551,0.7799,0.802,0.8086,0.3611,0.8595,0.7042,0.8074
cg04836151,0.7427,0.973,0.9774,0.9744,0.9778,0.4862,0.9862,0.985,0.978
cg13610659,0.9352,0.9639,0.9639,0.965,0.9685,0.4855,0.9762,0.962,0.9717
cg16815625,0.9521,0.9794,0.9781,0.9724,0.9788,0.6023,0.9904,0.9437,0.9848
cg09520857,0.9727,0.9807,0.9811,0.9768,0.9826,0.7684,0.9918,0.9878,0.9791
cg14343513,0.9348,0.9688,0.9603,0.9598,0.9724,0.5085,0.9755,0.9818,0.9786
cg15878616,0.5406,0.9678,0.9688,0.954,0.9659,0.0828,0.9598,0.9611,0.9534
cg11597277,0.6187,0.9067,0.8911,0.896,0.9078,0.1,0.9209,0.9317,0.9191
cg07276358,0.9782,0.9778,0.9753,0.9764,0.9802,0.733,0.9928,0.9775,0.9914
cg11183227,0.972,0.9665,0.9665,0.971,0.9729,0.6216,0.9871,0.9795,0.9813
cg03126713,0.7162,0.9852,0.983,0.9788,0.9838,0.6459,0.9813,0.9824,0.9836
cg02286380,0.7604,0.9734,0.9548,0.5044,0.9037,0.338,0.9863,0.9693,0.9335
cg13466002,0.5697,0.9752,0.9634,0.556,0.9448,0.1143,0.9808,0.9459,0.9496
cg03071500,0.8353,0.9675,0.9403,0.9318,0.9324,0.4193,0.9409,0.9276,0.9732
cg09597767,0.923,0.9833,0.9673,0.967,0.9691,0.5973,0.9816,0.9496,0.9905
cg15609237,0.7761,0.6779,0.9142,0.9081,0.9582,0.2786,0.9791,0.9822,0.9735
cg08691235,0.6835,0.6641,0.8402,0.8606,0.8869,0.2864,0.9259,0.8924,0.8967
cg19906284,0.6461,0.6089,0.8196,0.8228,0.8573,0.2104,0.9224,0.8841,0.8793
cg02715602,0.9355,0.974,0.9726,0.9705,0.9745,0.7399,0.9867,0.9853,0.9866
cg18502618,0.8708,0.9562,0.955,0.9173,0.9588,0.3167,0.9446,0.9717,0.9414
cg21792134,0.8793,0.9227,0.9207,0.9158,0.9236,0.1554,0.9117,0.9301,0.9409
cg27535410,0.8775,0.9826,0.9802,0.9477,0.9829,0.6003,0.99,0.9846,0.9519
cg02930518,0.8748,0.9078,0.8948,0.9071,0.9086,0.4804,0.8285,0.8172,0.8639
cg26262442,0.88,0.939,0.9402,0.9334,0.9415,0.406,0.9605,0.9642,0.9524
cg17469479,0.9314,0.9611,0.9617,0.9589,0.9633,0.5408,0.9705,0.963,0.9714
cg13830870,0.9014,0.8867,0.9108,0.9076,0.9092,0.6226,0.9188,0.9063,0.9012
cg11059944,0.9058,0.9119,0.9041,0.9012,0.9144,0.6144,0.9159,0.9204,0.9216
cg11222173,0.7558,0.9759,0.9701,0.968,0.9751,0.5663,0.9817,0.9707,0.9803
cg02368812,0.7487,0.9594,0.9578,0.9464,0.9639,0.3622,0.9667,0.9601,0.9588
cg02930518,0.8748,0.9078,0.8948,0.9071,0.9086,0.4804,0.8285,0.8172,0.8639
cg26262442,0.88,0.939,0.9402,0.9334,0.9415,0.406,0.9605,0.9642,0.9524
cg17469479,0.9314,0.9611,0.9617,0.9589,0.9633,0.5408,0.9705,0.963,0.9714
cg11059944,0.9058,0.9119,0.9041,0.9012,0.9144,0.6144,0.9159,0.9204,0.9216
cg22662844,0.4749,0.9452,0.9489,0.9278,0.9515,0.1692,0.9695,0.919,0.942
cg25600606,0.8752,0.907,0.9044,0.9014,0.9166,0.1325,0.9405,0.9269,0.941
cg14642045,0.5561,0.9702,0.9265,0.3606,0.9185,0.038,0.9755,0.8731,0.9614
cg23128584,0.6366,0.9127,0.8953,0.9185,0.9272,0.124,0.9084,0.9502,0.9572
cg17285931,0.8313,0.9686,0.9657,0.9663,0.9658,0.3772,0.9729,0.9829,0.9698
cg16993108,0.7908,0.9708,0.9639,0.9722,0.974,0.5644,0.9691,0.974,0.9639
cg27334271,0.6904,0.9647,0.9659,0.9633,0.9654,0.5921,0.97,0.9751,0.9775
cg17723958,0.6134,0.959,0.896,0.9431,0.9182,0.2915,0.9556,0.9668,0.9688
cg22528270,0.0899,0.9714,0.974,0.9518,0.9674,0.0485,0.9694,0.9139,0.8775
cg13984928,0.5253,0.9672,0.926,0.8502,0.847,0.1828,0.9793,0.9233,0.9222
cg00463732,0.3524,0.796,0.6654,0.6315,0.6122,0.1785,0.8458,0.604,0.6286
cg03549146,0.3317,0.9461,0.9491,0.7266,0.9569,0.2394,0.9297,0.9701,0.9667
cg00828556,0.0755,0.9318,0.9598,0.9211,0.9627,0.0656,0.9286,0.9231,0.9257
cg25771026,0.1149,0.768,0.7565,0.7632,0.7685,0.0925,0.8092,0.7553,0.7335
cg12116137,0.7408,0.9707,0.8334,0.8122,0.8761,0.3739,0.9814,0.974,0.9634
cg25739938,0.8872,0.9017,0.9004,0.8798,0.9067,0.0686,0.9237,0.9016,0.9068
cg13468144,0.9054,0.9066,0.7695,0.879,0.8788,0.1037,0.9308,0.911,0.9284
cg18315935,0.9702,0.9789,0.9722,0.9698,0.9715,0.751,0.9766,0.9602,0.9795
cg15724534,0.8949,0.9152,0.9162,0.9063,0.9223,0.1588,0.927,0.9044,0.9259
cg16679543,0.8977,0.9446,0.9357,0.9142,0.9355,0.4021,0.9746,0.9712,0.9597
cg08253808,0.7598,0.8863,0.914,0.8985,0.912,0.0604,0.8851,0.7079,0.9097
cg20107506,0.2759,0.927,0.9265,0.9201,0.9299,0.0603,0.8774,0.885,0.9458
cg14028598,0.493,0.929,0.9336,0.9191,0.9358,0.1267,0.9212,0.9077,0.9299
cg15878616,0.5406,0.9678,0.9688,0.954,0.9659,0.0828,0.9598,0.9611,0.9534
cg11597277,0.6187,0.9067,0.8911,0.896,0.9078,0.1,0.9209,0.9317,0.9191
cg11376341,0.8246,0.9633,0.9554,0.9325,0.9548,0.419,0.9804,0.8299,0.9865
cg25752703,0.5967,0.9498,0.935,0.9301,0.9458,0.1694,0.9378,0.7488,0.9108
cg02286380,0.7604,0.9734,0.9548,0.5044,0.9037,0.338,0.9863,0.9693,0.9335
cg13466002,0.5697,0.9752,0.9634,0.556,0.9448,0.1143,0.9808,0.9459,0.9496
cg10826999,0.3676,0.9123,0.8748,0.8684,0.8662,0.0386,0.8916,0.9348,0.8966
cg13876222,0.9544,0.9818,0.9792,0.9726,0.9823,0.6789,0.9787,0.9572,0.96
cg09452568,0.4715,0.9569,0.9579,0.9516,0.9625,0.1563,0.9613,0.8906,0.8974
cg00992687,0.6363,0.832,0.8724,0.8696,0.8938,0.4065,0.9158,0.7381,0.8303
cg10611016,0.6904,0.9138,0.9153,0.9117,0.922,0.0826,0.9232,0.9008,0.9289
cg15029631,0.615,0.9186,0.9157,0.9276,0.8904,0.1489,0.8963,0.8058,0.9132
cg00439981,0.6621,0.9164,0.9176,0.905,0.9152,0.0436,0.9414,0.8666,0.8592
cg14066298,0.9142,0.9076,0.8894,0.9087,0.8991,0.2382,0.9593,0.8585,0.8948
cg01383911,0.9057,0.9084,0.9094,0.9011,0.9083,0.369,0.9372,0.9169,0.9081
cg06230847,0.9377,0.9348,0.9261,0.9218,0.9338,0.3639,0.9444,0.9102,0.9227
cg07033722,0.2217,0.9294,0.9206,0.9101,0.9158,0.0587,0.9415,0.91,0.9067
cg14514483,0.9382,0.9574,0.909,0.9261,0.9266,0.5973,0.9625,0.9616,0.97
cg13026550,0.9675,0.9706,0.9655,0.9206,0.9679,0.8208,0.9781,0.9842,0.9793
cg06867755,0.8731,0.9106,0.8991,0.896,0.9168,0.204,0.9506,0.8896,0.9011
cg17331920,0.9229,0.9147,0.7504,0.9087,0.8958,0.2161,0.9195,0.928,0.9296
cg01785719,0.9148,0.9742,0.9726,0.9736,0.974,0.6579,0.9498,0.9737,0.9751
cg15457217,0.7964,0.9167,0.8979,0.9096,0.9218,0.2618,0.9353,0.8958,0.9144
cg05418105,0.6358,0.8223,0.919,0.9164,0.9268,0.1481,0.9349,0.912,0.9283
cg05085169,0.8461,0.9733,0.9759,0.9743,0.9788,0.751,0.9876,0.9873,0.958
cg12031275,0.8743,0.9508,0.9459,0.9298,0.9439,0.4702,0.9382,0.9553,0.9582
cg21426759,0.8712,0.8952,0.8649,0.8694,0.8576,0.2042,0.9282,0.8942,0.9006
cg03071500,0.8353,0.9675,0.9403,0.9318,0.9324,0.4193,0.9409,0.9276,0.9732
cg09597767,0.923,0.9833,0.9673,0.967,0.9691,0.5973,0.9816,0.9496,0.9905
cg17572056,0.9482,0.9741,0.9703,0.9646,0.9734,0.3075,0.9825,0.7374,0.8012
cg20700740,0.5192,0.9705,0.9154,0.9563,0.9488,0.1134,0.9859,0.7941,0.8834
cg13633625,0.6487,0.8632,0.8954,0.891,0.8972,0.0914,0.9379,0.8995,0.8924
cg14345154,0.4976,0.9126,0.9038,0.8988,0.9065,0.075,0.8875,0.8787,0.8946
cg10456459,0.0724,0.9215,0.9115,0.9035,0.9226,0.0636,0.8853,0.9279,0.9199
cg01332882,0.4006,0.8714,0.881,0.8418,0.8994,0.1345,0.5602,0.9318,0.945
cg21781157,0.2562,0.5877,0.7084,0.5466,0.7804,0.08,0.2175,0.7384,0.8475
cg23334433,0.1492,0.8872,0.877,0.8755,0.8757,0.0555,0.9121,0.8785,0.9013
cg13618516,0.3619,0.9029,0.8968,0.8934,0.9064,0.0948,0.9552,0.8791,0.9138
cg06623899,0.4648,0.926,0.9226,0.8764,0.9244,0.17,0.9627,0.8764,0.9407
cg13466180,0.7626,0.9173,0.93,0.942,0.9332,0.4675,0.966,0.9143,0.9525
cg25605731,0.417,0.8803,0.9289,0.952,0.9349,0.055,0.9649,0.9405,0.9553
cg04334723,0.2589,0.6938,0.6485,0.7533,0.6655,0.0649,0.7629,0.6208,0.7384
cg01692842,0.8156,0.8686,0.8346,0.8423,0.8415,0.0569,0.9229,0.6673,0.8387
cg20203469,0.8879,0.9033,0.8855,0.887,0.8968,0.2513,0.9296,0.8757,0.8945
cg19037107,0.8599,0.912,0.9002,0.8837,0.8867,0.0662,0.9374,0.8516,0.9115
cg22381196,0.6894,0.9222,0.9251,0.9137,0.923,0.0466,0.9557,0.8645,0.8818
cg15520845,0.8732,0.917,0.9065,0.9165,0.922,0.171,0.8593,0.9125,0.9136
cg13931640,0.1569,0.6697,0.961,0.9185,0.974,0.2737,0.8812,0.9391,0.9443
cg07737292,0.0824,0.6022,0.9245,0.8362,0.9574,0.1074,0.8814,0.8963,0.9097
cg01040749,0.8198,0.8867,0.895,0.8902,0.898,0.1528,0.905,0.8741,0.9193
cg17090611,0.4003,0.9032,0.8976,0.8785,0.9093,0.0644,0.8705,0.8889,0.9006
cg18095675,0.5143,0.9016,0.8931,0.8846,0.9022,0.113,0.9053,0.8838,0.923
cg14189391,0.328,0.9633,0.9209,0.8974,0.9346,0.1897,0.8676,0.8099,0.9505
cg10239163,0.2621,0.9037,0.681,0.7435,0.7668,0.1653,0.8958,0.6438,0.8936
cg00471371,0.3882,0.9026,0.886,0.8923,0.9033,0.0928,0.9094,0.9014,0.8862
cg12019801,0.2082,0.9063,0.8706,0.8841,0.8846,0.0683,0.9025,0.8847,0.9028
cg26514623,0.4952,0.8714,0.889,0.905,0.9102,0.0954,0.8706,0.8806,0.8876
cg27340480,0.1804,0.9008,0.9004,0.8851,0.8971,0.0354,0.9122,0.8934,0.9113
cg19055828,0.5352,0.9064,0.9037,0.8947,0.9103,0.0426,0.8671,0.7086,0.9029
cg14516183,0.2412,0.9064,0.9039,0.8936,0.9098,0.0416,0.9144,0.9002,0.911
cg10342963,0.9438,0.9539,0.9515,0.9456,0.9411,0.3034,0.9153,0.9601,0.9396
cg23990557,0.8551,0.8682,0.8459,0.8453,0.8546,0.5512,0.9217,0.8872,0.8949
cg13595556,0.6813,0.9091,0.8834,0.847,0.8874,0.0617,0.9409,0.892,0.9059
cg01383911,0.9057,0.9084,0.9094,0.9011,0.9083,0.369,0.9372,0.9169,0.9081
cg06230847,0.9377,0.9348,0.9261,0.9218,0.9338,0.3639,0.9444,0.9102,0.9227
cg18869709,0.7718,0.9459,0.9409,0.9096,0.9431,0.2916,0.9679,0.9418,0.9343
cg09050670,0.035,0.437,0.7968,0.5258,0.8154,0.0216,0.0545,0.9324,0.9054
cg05413628,0.4065,0.7631,0.8747,0.7553,0.8962,0.2172,0.4774,0.9558,0.9736
cg08810397,0.5881,0.7611,0.8319,0.7443,0.8408,0.506,0.687,0.8844,0.8873
cg04012618,0.969,0.9698,0.9734,0.9705,0.9757,0.9644,0.384,0.9713,0.9759
cg08640475,0.9648,0.9734,0.9618,0.9704,0.9743,0.9072,0.2019,0.9665,0.9212
cg10099827,0.9708,0.9771,0.9654,0.9769,0.9789,0.8961,0.232,0.9506,0.9397
cg08640475,0.9648,0.9734,0.9618,0.9704,0.9743,0.9072,0.2019,0.9665,0.9212
cg10099827,0.9708,0.9771,0.9654,0.9769,0.9789,0.8961,0.232,0.9506,0.9397
cg04315923,0.9228,0.9412,0.9426,0.9482,0.9534,0.8909,0.2197,0.9472,0.9464
cg19586199,0.9654,0.9654,0.9622,0.9634,0.9674,0.9588,0.5955,0.9517,0.9784
cg17052552,0.9262,0.9331,0.9207,0.9214,0.9157,0.9198,0.008,0.9341,0.919
cg16760382,0.9302,0.9277,0.9194,0.927,0.9244,0.8894,0.187,0.9152,0.9529
cg12711054,0.7788,0.8448,0.8599,0.827,0.8683,0.5966,0.108,0.7678,0.8061
cg21104363,0.7833,0.8614,0.8511,0.8297,0.8669,0.5708,0.0857,0.6915,0.7874
cg01953317,0.8854,0.86,0.8874,0.8758,0.9017,0.8707,0.0473,0.9172,0.9061
cg18168751,0.9643,0.9613,0.9626,0.9647,0.9648,0.9668,0.7055,0.9661,0.9677
cg14203426,0.8614,0.9364,0.9377,0.9162,0.9367,0.7901,0.0431,0.9639,0.9335
cg23144852,0.8662,0.8865,0.8834,0.8687,0.9005,0.8119,0.0711,0.8982,0.9035
cg21414595,0.8965,0.893,0.8712,0.8932,0.8889,0.8858,0.2475,0.9315,0.9496
cg25185536,0.8669,0.9103,0.9008,0.9012,0.9072,0.8341,0.1494,0.9194,0.9136
cg24108508,0.855,0.8989,0.9024,0.9,0.9174,0.6974,0.0948,0.9093,0.914
cg10773745,0.8757,0.8917,0.817,0.8805,0.8697,0.8699,0.1102,0.9031,0.9144
cg09846625,0.9091,0.9057,0.902,0.8897,0.9078,0.8927,0.2513,0.9195,0.9095
cg04983687,0.951,0.9711,0.9505,0.8562,0.9651,0.8352,0.1193,0.9314,0.9197
cg05958985,0.7407,0.8261,0.7919,0.6994,0.8436,0.6483,0.2379,0.7884,0.8693
cg23580509,0.8963,0.9098,0.9044,0.8958,0.905,0.9077,0.118,0.8953,0.9142
cg03445653,0.944,0.9376,0.9229,0.8284,0.9309,0.9334,0.2482,0.8965,0.9157
cg07352016,0.8972,0.8973,0.8924,0.8921,0.8984,0.8729,0.1376,0.8912,0.8935
cg16666745,0.9067,0.8767,0.8695,0.907,0.8697,0.9009,0.1183,0.9091,0.8881
cg21768884,0.956,0.9559,0.9496,0.951,0.9509,0.941,0.2334,0.7257,0.9309
cg05184016,0.9596,0.9716,0.9612,0.9598,0.9577,0.9156,0.6178,0.9252,0.9479
cg07970948,0.922,0.9438,0.9098,0.9054,0.9023,0.8228,0.3939,0.8649,0.8557
cg04498775,0.8611,0.869,0.8764,0.8527,0.8824,0.8314,0.2415,0.8881,0.9198
cg15974642,0.9064,0.9061,0.8966,0.8948,0.905,0.8833,0.3199,0.9187,0.9139
cg12006794,0.8349,0.8851,0.8828,0.8994,0.8947,0.8009,0.1893,0.8642,0.8956
cg03907313,0.9287,0.9266,0.9276,0.9344,0.9211,0.9246,0.308,0.8983,0.9288
cg00263619,0.5928,0.8299,0.9152,0.7561,0.9121,0.6821,0.0851,0.8745,0.9157
cg13483984,0.9066,0.9082,0.8412,0.8924,0.75,0.8857,0.1894,0.9045,0.9115
cg08221288,0.9188,0.9182,0.9016,0.9062,0.9112,0.9085,0.4041,0.8963,0.9275
cg26811065,0.8964,0.837,0.7365,0.8402,0.7584,0.8705,0.0915,0.8842,0.9114
cg12065228,0.6133,0.6338,0.9205,0.9143,0.9352,0.5088,0.1093,0.889,0.8735
cg09797433,0.9088,0.9036,0.8772,0.9002,0.91,0.8858,0.1488,0.8924,0.932
cg03967329,0.891,0.9001,0.8759,0.8837,0.8867,0.8913,0.1141,0.8744,0.8867
cg23293256,0.885,0.8973,0.8404,0.8418,0.8301,0.8727,0.0984,0.9012,0.8796
cg05279229,0.7206,0.8136,0.8803,0.781,0.8988,0.5822,0.343,0.9573,0.9504
cg19850275,0.8583,0.8621,0.8682,0.5047,0.8761,0.8334,0.1757,0.8191,0.9007
cg07338119,0.9698,0.966,0.9116,0.9582,0.9155,0.9524,0.4853,0.9453,0.9762
cg13545717,0.7084,0.795,0.9079,0.8483,0.9159,0.6736,0.3422,0.9442,0.9388
cg26888623,0.8844,0.904,0.8976,0.7892,0.8963,0.8708,0.1593,0.8277,0.9039
cg06093201,0.9707,0.9684,0.9715,0.9686,0.9727,0.9728,0.7953,0.9761,0.9709
cg08923054,0.876,0.8751,0.8398,0.8566,0.8329,0.8818,0.219,0.8997,0.8813
cg23090159,0.7722,0.7887,0.7963,0.7835,0.8174,0.6192,0.1152,0.7329,0.8195
cg25643253,0.7708,0.8046,0.801,0.7936,0.8137,0.5865,0.0868,0.8028,0.8607
cg20836212,0.826,0.8807,0.8832,0.8737,0.8898,0.6191,0.0837,0.8505,0.8886
cg12711054,0.7788,0.8448,0.8599,0.827,0.8683,0.5966,0.108,0.7678,0.8061
cg03325598,0.8749,0.8598,0.859,0.8584,0.8819,0.8524,0.1944,0.9004,0.9083
cg05286196,0.894,0.8859,0.8816,0.8836,0.8904,0.8755,0.1686,0.8618,0.8523
cg22353369,0.9086,0.9053,0.8653,0.9102,0.9128,0.9016,0.3467,0.9253,0.902
cg15856832,0.8911,0.8817,0.8888,0.8678,0.8828,0.8712,0.1027,0.804,0.8828
cg05893843,0.759,0.84,0.8876,0.8159,0.8868,0.6904,0.1005,0.8363,0.8882
cg01499988,0.8577,0.8918,0.8668,0.8558,0.8843,0.776,0.1502,0.8852,0.8573
cg06876040,0.8757,0.8801,0.8855,0.8505,0.8757,0.8642,0.299,0.8657,0.919
cg07173484,0.8522,0.8821,0.865,0.8607,0.8744,0.8397,0.2622,0.8758,0.8805
cg02814691,0.9094,0.9002,0.8897,0.8906,0.8943,0.8964,0.117,0.8752,0.8064
cg07050712,0.8761,0.8794,0.7691,0.8496,0.842,0.8611,0.0896,0.8976,0.8599
cg05184016,0.9596,0.9716,0.9612,0.9598,0.9577,0.9156,0.6178,0.9252,0.9479
cg07970948,0.922,0.9438,0.9098,0.9054,0.9023,0.8228,0.3939,0.8649,0.8557
cg04198125,0.9528,0.9579,0.9538,0.957,0.9474,0.9512,0.7724,0.9708,0.9765
cg05477517,0.8298,0.8809,0.8906,0.88,0.9035,0.8007,0.3203,0.9019,0.8469
cg10330847,0.9082,0.9138,0.8986,0.748,0.9146,0.8942,0.2394,0.8812,0.8397
cg12099546,0.9046,0.8888,0.8855,0.8856,0.8913,0.8892,0.3943,0.902,0.9015
cg17203290,0.869,0.8278,0.7878,0.5307,0.8099,0.8356,0.1039,0.8465,0.8338
cg11310939,0.8762,0.897,0.8508,0.852,0.8086,0.8288,0.3725,0.9149,0.9069
cg09085220,0.871,0.9642,0.9744,0.9707,0.9774,0.883,0.7959,0.9605,0.9772
cg23434428,0.5033,0.8104,0.909,0.8169,0.9197,0.4612,0.0426,0.8123,0.8355
cg03184452,0.9121,0.9065,0.7783,0.8687,0.8645,0.9042,0.1632,0.7462,0.599
cg15034267,0.7859,0.8595,0.8314,0.836,0.8579,0.285,0.0493,0.7794,0.8653
cg04276669,0.7658,0.8447,0.8052,0.817,0.8482,0.6932,0.2115,0.8569,0.867
cg11730703,0.7887,0.9084,0.8925,0.8786,0.9063,0.7538,0.4384,0.904,0.9369
cg27286011,0.6163,0.8102,0.7996,0.7397,0.7928,0.5862,0.3086,0.7214,0.7476
cg25196715,0.8539,0.8875,0.8864,0.8997,0.9014,0.8516,0.294,0.9044,0.8814
cg27259391,0.9502,0.944,0.9525,0.9432,0.9458,0.9485,0.7221,0.9574,0.9304
cg11987455,0.8421,0.8843,0.8672,0.8664,0.8836,0.71,0.098,0.8895,0.8564
cg13363640,0.8822,0.8856,0.8543,0.8792,0.8836,0.8504,0.2869,0.8797,0.8728
cg07986378,0.4903,0.7434,0.878,0.805,0.8805,0.444,0.0742,0.8689,0.8532
cg19382157,0.4669,0.7885,0.5757,0.386,0.5242,0.4154,0.0837,0.9538,0.9203
cg08223760,0.8818,0.9011,0.8728,0.865,0.8918,0.842,0.0762,0.7493,0.7614
cg06857116,0.0988,0.8741,0.904,0.8723,0.8993,0.2516,0.0313,0.8759,0.8349
cg01742370,0.4273,0.8798,0.8936,0.8676,0.908,0.19,0.2054,0.9155,0.9164
cg12298872,0.6414,0.8494,0.8681,0.8569,0.8933,0.5768,0.3949,0.7826,0.8352
cg04141129,0.8324,0.9139,0.8592,0.6707,0.8747,0.8279,0.1524,0.8449,0.7521
cg10443146,0.818,0.7676,0.7812,0.7656,0.7959,0.7977,0.0963,0.8615,0.8065
cg26136776,0.7869,0.8241,0.8143,0.7981,0.8336,0.7421,0.1291,0.715,0.7678
cg11896104,0.8758,0.8862,0.8788,0.8728,0.887,0.8524,0.1353,0.7929,0.8206
cg01335658,0.7796,0.9512,0.9731,0.8758,0.9738,0.7864,0.7553,0.9685,0.9754
cg03325598,0.8749,0.8598,0.859,0.8584,0.8819,0.8524,0.1944,0.9004,0.9083
cg05286196,0.894,0.8859,0.8816,0.8836,0.8904,0.8755,0.1686,0.8618,0.8523
cg26396815,0.8906,0.9042,0.8626,0.88,0.877,0.8416,0.228,0.8626,0.8538
cg19232164,0.8952,0.905,0.8801,0.8714,0.8976,0.8488,0.2195,0.897,0.8968
cg00308936,0.8767,0.9021,0.8964,0.8648,0.8945,0.8602,0.2063,0.8938,0.6415
cg22987457,0.9594,0.9588,0.9472,0.9513,0.9492,0.95,0.7685,0.974,0.9773
cg26806603,0.8554,0.8686,0.8037,0.8366,0.7906,0.8349,0.3907,0.8212,0.8081
cg17784922,0.8726,0.8896,0.8584,0.852,0.8597,0.8254,0.0983,0.7813,0.768
cg10668363,0.7606,0.8153,0.8344,0.8052,0.8484,0.6434,0.0685,0.7803,0.8617
cg06408559,0.5312,0.662,0.8086,0.7003,0.8364,0.3806,0.1213,0.8703,0.8963
cg08806644,0.9061,0.9126,0.8925,0.9055,0.9091,0.9103,0.498,0.9076,0.9079
cg23812679,0.9092,0.9118,0.9106,0.882,0.8976,0.8742,0.3301,0.9209,0.6003
cg26420795,0.6766,0.8094,0.766,0.5312,0.6779,0.5834,0.1123,0.8797,0.8557
cg15982099,0.0262,0.0377,0.9307,0.9176,0.9366,0.0417,0.0053,0.8707,0.8886
cg19135352,0.8334,0.7996,0.811,0.776,0.8356,0.7942,0.1803,0.8261,0.8607
cg16729016,0.9041,0.9028,0.9024,0.8949,0.9091,0.8766,0.4031,0.9053,0.8786
cg11787626,0.8744,0.8976,0.8857,0.8854,0.896,0.8688,0.3288,0.877,0.8972
cg21267551,0.8264,0.8428,0.8229,0.8355,0.8369,0.8244,0.667,0.8156,0.8622
cg04784315,0.3203,0.7554,0.8827,0.8742,0.8972,0.1917,0.0572,0.7572,0.8652
cg25721818,0.7463,0.879,0.8869,0.8603,0.8803,0.7222,0.3296,0.8881,0.8779
cg10108888,0.7304,0.8597,0.8681,0.8813,0.8937,0.5906,0.1097,0.7594,0.8397
cg03290602,0.8568,0.8162,0.7884,0.8466,0.7901,0.8485,0.2215,0.8881,0.8882
cg19071507,0.8745,0.872,0.8356,0.8585,0.865,0.859,0.3764,0.8663,0.8824
cg01500431,0.8865,0.8869,0.8971,0.8875,0.8974,0.844,0.3038,0.8923,0.9082
cg07185119,0.8293,0.8377,0.7929,0.8384,0.8741,0.79,0.2085,0.8491,0.8859
cg01044465,0.9755,0.9746,0.9721,0.9718,0.9745,0.9702,0.9868,0.7481,0.9856
cg08502383,0.9705,0.9676,0.9692,0.9687,0.9692,0.9709,0.9886,0.6582,0.9738
cg01537765,0.9639,0.9621,0.9579,0.9627,0.9602,0.9635,0.9562,0.5655,0.9834
cg13052101,0.9471,0.9758,0.9778,0.9735,0.9791,0.9032,0.9748,0.1143,0.975
cg14043593,0.9538,0.9521,0.9543,0.9471,0.9562,0.9524,0.9813,0.5157,0.9775
cg05342467,0.9484,0.9453,0.9454,0.9443,0.9458,0.946,0.967,0.6229,0.9402
cg19601293,0.9796,0.9784,0.9791,0.9794,0.9814,0.9784,0.985,0.7312,0.9729
cg01879273,0.9748,0.977,0.9814,0.9635,0.979,0.9733,0.9765,0.6547,0.9764
cg06651376,0.9744,0.9721,0.9744,0.9744,0.9747,0.9718,0.9859,0.5461,0.9452
cg11274148,0.9775,0.9739,0.9752,0.9727,0.9729,0.972,0.9819,0.5325,0.9746
cg14038482,0.9657,0.955,0.958,0.9656,0.9549,0.9602,0.9885,0.6171,0.9709
cg06723421,0.8542,0.8334,0.8264,0.8314,0.8233,0.8424,0.8872,0.649,0.8364
cg15575320,0.7948,0.7484,0.7455,0.7733,0.7666,0.76,0.8065,0.5541,0.7639
cg26065792,0.9728,0.9773,0.9766,0.977,0.9814,0.9689,0.9774,0.6255,0.9762
cg07949777,0.9798,0.975,0.979,0.9799,0.9786,0.9799,0.9921,0.7102,0.9823
cg00953309,0.9598,0.9546,0.9548,0.9543,0.9617,0.9518,0.9634,0.3753,0.9218
cg01772149,0.958,0.9676,0.9567,0.9606,0.9574,0.9565,0.984,0.3028,0.9092
cg05721751,0.9771,0.9776,0.9736,0.9771,0.9764,0.9712,0.9863,0.6521,0.9625
cg25379549,0.9674,0.9652,0.9679,0.9634,0.9699,0.9636,0.9845,0.6157,0.9669
cg11351958,0.9819,0.9814,0.9815,0.9801,0.981,0.975,0.985,0.6103,0.9765
cg17522332,0.9796,0.9798,0.9763,0.9731,0.9745,0.9664,0.9816,0.5602,0.973
cg05721751,0.9771,0.9776,0.9736,0.9771,0.9764,0.9712,0.9863,0.6521,0.9625
cg25379549,0.9674,0.9652,0.9679,0.9634,0.9699,0.9636,0.9845,0.6157,0.9669
cg02353814,0.9521,0.9588,0.9442,0.9419,0.9465,0.9488,0.9807,0.6193,0.9754
cg21555471,0.9808,0.9819,0.9789,0.9803,0.9815,0.9796,0.9895,0.6305,0.9636
cg23022656,0.9686,0.9666,0.9665,0.9699,0.9654,0.9512,0.985,0.5512,0.9519
cg17522332,0.9796,0.9798,0.9763,0.9731,0.9745,0.9664,0.9816,0.5602,0.973
cg25379549,0.9674,0.9652,0.9679,0.9634,0.9699,0.9636,0.9845,0.6157,0.9669
cg05643613,0.9516,0.9631,0.9615,0.9629,0.9639,0.9508,0.8983,0.261,0.9316
cg07055259,0.9761,0.9762,0.9759,0.9769,0.9785,0.9709,0.9834,0.5148,0.9138
cg26080331,0.9647,0.9647,0.9514,0.962,0.9577,0.9601,0.9762,0.4643,0.9219
cg04081844,0.9411,0.9358,0.9132,0.9216,0.931,0.925,0.9657,0.3946,0.8681
cg10634728,0.9664,0.754,0.9518,0.9668,0.9592,0.97,0.9819,0.6711,0.9255
cg18328265,0.9518,0.7151,0.9457,0.958,0.9539,0.9671,0.9847,0.6435,0.9025
cg27290274,0.9794,0.9782,0.9774,0.9782,0.9755,0.9783,0.9855,0.8079,0.9826
cg00838040,0.9426,0.9404,0.9422,0.9416,0.9541,0.9394,0.9314,0.4668,0.8893
cg17858500,0.9778,0.9771,0.958,0.975,0.9708,0.9748,0.9883,0.4794,0.9759
cg25283432,0.7169,0.9738,0.967,0.9723,0.97,0.9519,0.9888,0.6222,0.9721
cg03034934,0.9727,0.963,0.9569,0.9592,0.9622,0.9698,0.9853,0.6919,0.9656
cg06210783,0.9816,0.9834,0.9825,0.9822,0.983,0.9816,0.9938,0.4224,0.9735
cg22432760,0.9554,0.5851,0.9507,0.9519,0.9596,0.9544,0.9822,0.5159,0.9551
cg10634728,0.9664,0.754,0.9518,0.9668,0.9592,0.97,0.9819,0.6711,0.9255
cg18328265,0.9518,0.7151,0.9457,0.958,0.9539,0.9671,0.9847,0.6435,0.9025
cg12257170,0.9382,0.9272,0.9295,0.9253,0.9324,0.9218,0.9721,0.4944,0.9573
cg09577425,0.9674,0.9672,0.9588,0.9627,0.9654,0.9593,0.896,0.6702,0.938
cg06991955,0.9306,0.896,0.958,0.9515,0.9641,0.9295,0.9768,0.4553,0.9409
cg18641463,0.8939,0.9152,0.9574,0.9485,0.9512,0.7585,0.9766,0.2995,0.9385
cg27083825,0.9538,0.8458,0.9514,0.9451,0.9544,0.9495,0.9709,0.5639,0.9697
cg21592241,0.9807,0.9798,0.971,0.9765,0.9766,0.9721,0.9907,0.8119,0.9902
cg05342467,0.9484,0.9453,0.9454,0.9443,0.9458,0.946,0.967,0.6229,0.9402
cg19601293,0.9796,0.9784,0.9791,0.9794,0.9814,0.9784,0.985,0.7312,0.9729
cg22396632,0.9793,0.9734,0.9707,0.9746,0.9734,0.9722,0.9881,0.3194,0.7386
cg20640374,0.9651,0.966,0.9663,0.9648,0.9633,0.9626,0.9563,0.1462,0.8502
cg14393952,0.951,0.9512,0.9464,0.9415,0.9497,0.9437,0.9692,0.6138,0.9593
cg14284797,0.9623,0.964,0.9666,0.9613,0.9673,0.9503,0.9834,0.3652,0.8521
cg14329833,0.9081,0.8965,0.8942,0.8961,0.9054,0.8695,0.8955,0.2631,0.8921
cg14660539,0.9622,0.9575,0.9481,0.9509,0.9552,0.9482,0.9711,0.6046,0.9312
cg18327049,0.9622,0.9675,0.9642,0.9577,0.9617,0.9605,0.9767,0.6317,0.9681
cg13496790,0.9731,0.9662,0.9717,0.9748,0.9756,0.9733,0.9697,0.6274,0.9468
cg14858786,0.9713,0.9724,0.9713,0.9744,0.9743,0.9573,0.9885,0.3523,0.8781
cg00715343,0.9752,0.97,0.9748,0.9709,0.9744,0.9726,0.9695,0.5636,0.9766
cg05740106,0.9716,0.9733,0.9685,0.9694,0.973,0.9655,0.9771,0.6268,0.9786
cg20876525,0.8786,0.8853,0.8393,0.8636,0.8752,0.8431,0.93,0.5846,0.903
cg11387916,0.9144,0.8912,0.8904,0.8947,0.8943,0.8999,0.8587,0.6576,0.9262
cg22770294,0.9761,0.9729,0.9739,0.9747,0.975,0.9733,0.968,0.7045,0.9761
cg00667841,0.9228,0.9171,0.9213,0.9211,0.912,0.9127,0.7651,0.8146,0.9224
cg20163085,0.9757,0.9732,0.9705,0.9704,0.9746,0.9708,0.9807,0.5721,0.9737
cg05837235,0.9725,0.9687,0.971,0.9708,0.9738,0.9726,0.985,0.7603,0.9805
cg18045556,0.9574,0.9649,0.956,0.9215,0.962,0.9508,0.9636,0.6382,0.8634
cg01413848,0.9762,0.9713,0.9695,0.9656,0.9736,0.9701,0.9845,0.7305,0.9626
cg05229649,0.9368,0.9228,0.92,0.9188,0.9379,0.917,0.9685,0.6494,0.9865
cg18326783,0.8266,0.8448,0.8476,0.847,0.8458,0.8226,0.9155,0.54,0.8107
cg07805940,0.9691,0.9758,0.9709,0.9629,0.9744,0.9671,0.9837,0.7956,0.9845
cg07455504,0.9685,0.807,0.9698,0.9672,0.9705,0.9724,0.988,0.672,0.9837
cg15168958,0.9646,0.9106,0.9575,0.9609,0.9648,0.9639,0.9887,0.5103,0.9385
cg17380943,0.8909,0.8505,0.8773,0.8827,0.8881,0.8713,0.9033,0.5826,0.8657
cg04432275,0.9739,0.9721,0.9728,0.9704,0.973,0.9686,0.9823,0.6639,0.9424
cg24863254,0.8226,0.813,0.8201,0.8133,0.8304,0.8135,0.8855,0.5831,0.8275
cg04056669,0.9588,0.9622,0.9579,0.9164,0.9579,0.9412,0.9403,0.5211,0.9529
cg12602405,0.963,0.7321,0.9671,0.9644,0.9654,0.9654,0.961,0.2987,0.8554
cg24679453,0.9705,0.9709,0.9718,0.965,0.971,0.9678,0.9871,0.3188,0.7234
cg19637686,0.9662,0.9675,0.9635,0.9628,0.9682,0.9659,0.9443,0.7614,0.9645
cg16601444,0.9674,0.9686,0.9636,0.963,0.966,0.9602,0.9692,0.6458,0.9187
cg25729585,0.9718,0.9721,0.9658,0.9681,0.9692,0.9716,0.9697,0.6265,0.9545
cg15470344,0.8987,0.8962,0.8967,0.8788,0.8825,0.8827,0.9121,0.5769,0.8414
cg26032417,0.9626,0.9618,0.9571,0.9625,0.9541,0.9549,0.9823,0.6578,0.9653
cg11924452,0.883,0.8752,0.884,0.8866,0.8825,0.8734,0.9138,0.5294,0.8307
cg26328150,0.9514,0.9377,0.9396,0.9492,0.9477,0.9407,0.9625,0.6265,0.9296
cg08255187,0.9558,0.9575,0.9629,0.9317,0.966,0.9412,0.9811,0.8204,0.9468
cg23046231,0.9736,0.9647,0.9412,0.9712,0.9707,0.9727,0.9909,0.6475,0.9602
cg03490289,0.967,0.9678,0.9611,0.9578,0.963,0.9582,0.9856,0.4906,0.7738
cg03531984,0.9592,0.9518,0.9526,0.9538,0.959,0.9467,0.9599,0.6685,0.9734
cg09837481,0.9119,0.9094,0.8989,0.9057,0.9016,0.9085,0.954,0.7632,0.9064
cg11106060,0.915,0.9004,0.8988,0.9028,0.9098,0.8974,0.9412,0.6117,0.9004
cg18100532,0.8742,0.8599,0.8242,0.8514,0.8127,0.8644,0.893,0.5397,0.8296
cg14762845,0.9176,0.918,0.92,0.9184,0.9218,0.925,0.9317,0.6864,0.9272
cg26855231,0.953,0.9532,0.8774,0.9114,0.8446,0.9223,0.9775,0.3893,0.941
cg14374015,0.8812,0.8777,0.8226,0.8192,0.8203,0.8361,0.7576,0.3407,0.8592
cg22758834,0.9289,0.9301,0.9164,0.9088,0.9172,0.9083,0.9024,0.4012,0.9098
cg18564849,0.9395,0.9433,0.9379,0.9219,0.9402,0.9367,0.9609,0.3794,0.9155
cg11516540,0.9307,0.9546,0.9358,0.9312,0.9467,0.9235,0.9655,0.4585,0.9514
cg14012264,0.9124,0.9111,0.9108,0.907,0.9204,0.9081,0.9328,0.6526,0.926
cg19080320,0.8987,0.8932,0.8866,0.8895,0.885,0.8823,0.9328,0.6302,0.9121
cg08722200,0.9763,0.9742,0.9732,0.9648,0.9765,0.9739,0.9847,0.708,0.9677
cg00972522,0.9705,0.9706,0.9677,0.9673,0.9703,0.9538,0.9827,0.8009,0.9665
cg14247862,0.9725,0.9754,0.9752,0.9732,0.9761,0.9672,0.9851,0.7778,0.9552
cg03307425,0.9815,0.9813,0.9769,0.981,0.9804,0.9807,0.986,0.8527,0.9848
cg25950036,0.9488,0.9502,0.9334,0.9272,0.9331,0.9348,0.9609,0.6075,0.9153
cg11060349,0.8474,0.7937,0.7303,0.7931,0.7462,0.8286,0.8906,0.5057,0.8031
cg23949969,0.9702,0.975,0.974,0.9726,0.9767,0.9736,0.9885,0.6494,0.884
cg22001208,0.9753,0.9731,0.9769,0.978,0.9773,0.9754,0.9889,0.6251,0.9665
cg13312036,0.9735,0.9696,0.9698,0.9703,0.9741,0.969,0.979,0.8065,0.9855
cg12218126,0.937,0.9372,0.9379,0.932,0.935,0.9393,0.9414,0.639,0.9429
cg27116577,0.9828,0.983,0.9802,0.9818,0.9826,0.9815,0.9907,0.8349,0.9835
cg13253153,0.9455,0.9496,0.9503,0.9513,0.9487,0.9468,0.9596,0.55,0.9029
cg12851635,0.8817,0.879,0.875,0.8746,0.8733,0.882,0.9186,0.6214,0.8268
cg06595211,0.925,0.9223,0.9293,0.9308,0.9271,0.9298,0.957,0.4165,0.9077
cg02627286,0.9685,0.9653,0.9642,0.9637,0.9706,0.9694,0.9807,0.6392,0.9302
cg14717314,0.9625,0.9568,0.9471,0.9455,0.953,0.9492,0.9723,0.6654,0.9063
cg03658690,0.8887,0.8982,0.942,0.8746,0.9412,0.8574,0.8215,0.4498,0.928
cg07739478,0.7986,0.817,0.8776,0.7853,0.8906,0.7613,0.7006,0.4168,0.8132
cg07449758,0.879,0.8811,0.8802,0.8065,0.8906,0.861,0.6896,0.6268,0.8202
cg26114961,0.8768,0.8581,0.8806,0.8236,0.8945,0.85,0.8048,0.5254,0.842
cg18253799,0.9613,0.9688,0.9655,0.9634,0.9696,0.9376,0.9838,0.6252,0.928
cg01709045,0.9489,0.9569,0.9304,0.9497,0.9336,0.9533,0.974,0.7733,0.9743
cg14333800,0.7582,0.7313,0.6134,0.6342,0.5959,0.7653,0.8777,0.7732,0.8167
cg14552882,0.9034,0.919,0.905,0.8972,0.9164,0.8978,0.9073,0.2729,0.8777
cg24530527,0.9772,0.9808,0.9788,0.9744,0.9795,0.9713,0.9906,0.5972,0.9331
cg18110590,0.9591,0.9508,0.9402,0.951,0.9392,0.9536,0.9746,0.5538,0.8969
cg22352169,0.9775,0.9771,0.9768,0.9761,0.9788,0.9756,0.981,0.8062,0.9836
cg25767112,0.8942,0.8913,0.8873,0.8876,0.8969,0.8845,0.9211,0.774,0.9068
cg19295840,0.9674,0.9638,0.9666,0.9615,0.9648,0.9668,0.9723,0.467,0.8889
cg03057173,0.9418,0.951,0.942,0.9447,0.9462,0.9347,0.9705,0.6073,0.9378
cg19327049,0.9765,0.9776,0.9741,0.9764,0.974,0.9729,0.987,0.9841,0.9878
cg01901624,0.8936,0.8906,0.8826,0.8906,0.8949,0.8944,0.9133,0.8807,0.9059
cg13021479,0.9807,0.9807,0.9816,0.9786,0.9795,0.9805,0.9788,0.9756,0.9851
cg08314543,0.9406,0.9469,0.9445,0.943,0.9477,0.926,0.9701,0.9322,0.9354
cg14181009,0.9777,0.9776,0.9783,0.9788,0.9782,0.9763,0.9905,0.9838,0.9865
cg05561386,0.985,0.9852,0.9837,0.9819,0.9853,0.9849,0.9923,0.9789,0.9849
cg10192483,0.9765,0.9761,0.9725,0.9761,0.9783,0.9725,0.992,0.9858,0.9861
cg07209034,0.961,0.9626,0.9641,0.9674,0.9623,0.9643,0.9535,0.9737,0.9725
cg27088725,0.8916,0.8833,0.8776,0.8745,0.8762,0.8873,0.891,0.8591,0.8688
cg02300356,0.9735,0.9704,0.9716,0.9735,0.9732,0.9698,0.9852,0.9805,0.9858
cg05945584,0.9819,0.9781,0.9814,0.979,0.9826,0.9801,0.9914,0.988,0.987
cg09563846,0.9722,0.9693,0.9642,0.9672,0.9643,0.9617,0.9851,0.9744,0.9891
cg27047577,0.9713,0.9683,0.9729,0.9708,0.9733,0.971,0.9877,0.9807,0.9865
cg01536190,0.8365,0.8251,0.824,0.8254,0.8315,0.8283,0.8771,0.8278,0.8667
cg17854981,0.9816,0.9802,0.9792,0.982,0.9814,0.9811,0.9919,0.978,0.9909
cg04145522,0.9746,0.9754,0.9746,0.9718,0.9779,0.9714,0.9855,0.9827,0.9859
cg08922090,0.9805,0.9833,0.9801,0.9655,0.9826,0.9808,0.9868,0.9733,0.974
cg11068784,0.9752,0.9703,0.9704,0.9751,0.9764,0.9706,0.9836,0.9767,0.984
cg06554342,0.7994,0.7908,0.8542,0.8345,0.8535,0.8275,0.8748,0.7628,0.8707
cg21520607,0.8956,0.8821,0.8598,0.8866,0.8826,0.8497,0.8757,0.8246,0.8379
cg23957118,0.9762,0.9721,0.976,0.9802,0.9782,0.9787,0.9923,0.9873,0.9871
cg19453893,0.9712,0.9718,0.9702,0.969,0.9706,0.9688,0.9737,0.9692,0.9763
cg11203538,0.9732,0.9735,0.9698,0.9698,0.971,0.9691,0.9688,0.9759,0.9838
cg05791870,0.9756,0.974,0.9771,0.9754,0.9759,0.9756,0.9839,0.9705,0.8809
cg08447380,0.986,0.9841,0.9833,0.9844,0.9846,0.9798,0.9912,0.9808,0.9912
cg25124228,0.9795,0.9792,0.9772,0.9767,0.977,0.9757,0.9649,0.9821,0.9855
cg25454298,0.9772,0.9734,0.9722,0.981,0.976,0.9762,0.9933,0.9874,0.9903
cg03445663,0.9714,0.9707,0.9719,0.9717,0.9736,0.9692,0.977,0.9761,0.9771
cg09235936,0.9803,0.9784,0.9774,0.9789,0.9799,0.9772,0.9904,0.9773,0.9914
cg06161317,0.9813,0.98,0.9816,0.9768,0.9822,0.9797,0.9783,0.9822,0.9829
cg20392203,0.981,0.9811,0.983,0.982,0.9824,0.9724,0.9871,0.9742,0.9571
cg27462820,0.9834,0.9832,0.9817,0.9837,0.9846,0.9803,0.9845,0.9736,0.9695
cg19453893,0.9712,0.9718,0.9702,0.969,0.9706,0.9688,0.9737,0.9692,0.9763
cg11203538,0.9732,0.9735,0.9698,0.9698,0.971,0.9691,0.9688,0.9759,0.9838
cg05527091,0.9752,0.9757,0.9749,0.9755,0.9758,0.9763,0.9863,0.9747,0.983
cg26275858,0.9737,0.9682,0.972,0.9684,0.9695,0.9677,0.9863,0.9674,0.9767
cg20800606,0.8767,0.8617,0.8453,0.8481,0.8498,0.8567,0.9165,0.8591,0.8745
cg24954453,0.9749,0.957,0.9797,0.9785,0.9769,0.9737,0.9876,0.9852,0.984
cg21544818,0.8515,0.8049,0.8346,0.8506,0.8222,0.8548,0.9165,0.8448,0.8896
cg02674562,0.9759,0.9756,0.9776,0.9758,0.9783,0.9768,0.9891,0.9893,0.9891
cg00900231,0.9492,0.9487,0.9447,0.9464,0.9508,0.9468,0.9808,0.9797,0.9568
cg04600253,0.8414,0.8368,0.8308,0.8275,0.8331,0.8201,0.8877,0.8482,0.8276
cg14563129,0.9806,0.9834,0.9833,0.9823,0.9829,0.9804,0.9879,0.9778,0.9828
cg27617132,0.9692,0.9658,0.9562,0.9623,0.9636,0.965,0.9876,0.9624,0.9821
cg20182983,0.9803,0.9768,0.9778,0.9802,0.98,0.9801,0.991,0.9888,0.9897
cg10201874,0.9771,0.9802,0.9778,0.9712,0.9772,0.9791,0.9815,0.9835,0.985
cg21577007,0.9728,0.972,0.9703,0.9726,0.975,0.9698,0.9739,0.9507,0.9663
cg16771467,0.9789,0.9736,0.971,0.9735,0.98,0.9668,0.9923,0.9883,0.9791
cg16184737,0.9801,0.9804,0.9782,0.9769,0.9782,0.9744,0.9887,0.9824,0.984
cg02969343,0.9805,0.9816,0.974,0.9784,0.9437,0.9786,0.9885,0.9874,0.9841
cg00697668,0.971,0.9637,0.9665,0.9656,0.9669,0.9626,0.9879,0.9827,0.9861
cg15914316,0.9767,0.9786,0.9764,0.9782,0.9814,0.9789,0.9919,0.9892,0.9891
cg18483265,0.891,0.8891,0.8631,0.8674,0.8611,0.8657,0.9305,0.7391,0.8734
cg02192555,0.9659,0.9636,0.9605,0.9655,0.9602,0.9609,0.9648,0.9114,0.9569
cg26880445,0.9111,0.9124,0.9008,0.9132,0.9168,0.9034,0.8563,0.8283,0.8798
cg08351911,0.9784,0.9782,0.977,0.9796,0.9801,0.979,0.9865,0.9814,0.9806
cg10313879,0.9771,0.9767,0.9724,0.9751,0.9759,0.9754,0.9802,0.9728,0.9837
cg19754536,0.9487,0.9395,0.94,0.937,0.9441,0.9322,0.9766,0.9739,0.9747
cg03760035,0.9826,0.981,0.9806,0.9815,0.9802,0.9796,0.9854,0.9825,0.9771
cg00864551,0.96,0.9535,0.9565,0.9546,0.9592,0.9464,0.987,0.979,0.9872
cg03445663,0.9714,0.9707,0.9719,0.9717,0.9736,0.9692,0.977,0.9761,0.9771
cg24428851,0.973,0.9702,0.9719,0.9708,0.9751,0.9702,0.9832,0.978,0.9725
cg09235936,0.9803,0.9784,0.9774,0.9789,0.9799,0.9772,0.9904,0.9773,0.9914
cg12894883,0.9817,0.9781,0.98,0.9787,0.9782,0.9786,0.9939,0.9867,0.9905
cg26285749,0.8564,0.8512,0.8477,0.8518,0.8455,0.8416,0.877,0.8245,0.8503
cg01141572,0.9784,0.978,0.979,0.9786,0.979,0.9779,0.9845,0.9779,0.9824
cg22617898,0.4802,0.7872,0.701,0.5663,0.7378,0.463,0.4786,0.8232,0.9031
cg09998451,0.8813,0.9654,0.9696,0.9583,0.968,0.7959,0.9671,0.9706,0.9803
cg13903917,0.9754,0.973,0.9682,0.9689,0.9756,0.9693,0.9893,0.9818,0.991
cg26593722,0.9753,0.9779,0.975,0.9751,0.9576,0.9737,0.9882,0.975,0.9884
cg01230254,0.8666,0.8752,0.8591,0.8608,0.848,0.8657,0.8991,0.8631,0.8742
cg11676546,0.9752,0.9741,0.9726,0.9712,0.973,0.9672,0.9853,0.9862,0.9901
cg19525418,0.9695,0.9651,0.9675,0.9659,0.9693,0.9676,0.9698,0.9696,0.9644
cg23366979,0.9826,0.9858,0.9831,0.9786,0.9833,0.9786,0.99,0.9848,0.9639
cg14794786,0.9786,0.9776,0.9664,0.9789,0.977,0.9766,0.9913,0.9871,0.9821
cg11115134,0.9784,0.9802,0.9751,0.9785,0.9788,0.9772,0.9883,0.9832,0.9883
cg22868225,0.9776,0.9765,0.9722,0.9742,0.9742,0.9725,0.9865,0.9762,0.9853
cg27465384,0.9715,0.9755,0.9716,0.9694,0.9696,0.969,0.9876,0.9859,0.9875
cg11515873,0.9801,0.9797,0.9746,0.9811,0.9807,0.9779,0.9923,0.9801,0.9888
cg18501647,0.6171,0.6636,0.6239,0.6188,0.6906,0.6082,0.5936,0.5351,0.6506
cg11724750,0.96,0.9599,0.946,0.9454,0.9579,0.9436,0.9851,0.9735,0.9835
cg20392203,0.981,0.9811,0.983,0.982,0.9824,0.9724,0.9871,0.9742,0.9571
cg27462820,0.9834,0.9832,0.9817,0.9837,0.9846,0.9803,0.9845,0.9736,0.9695
cg05656763,0.9818,0.9838,0.9841,0.9823,0.9831,0.9822,0.9895,0.987,0.98
cg20306425,0.9798,0.9793,0.9793,0.9798,0.9819,0.9785,0.99,0.9868,0.986
cg10479243,0.8513,0.8508,0.8298,0.851,0.8589,0.8439,0.9128,0.8482,0.8963
cg16757605,0.9837,0.9802,0.9773,0.981,0.9792,0.9805,0.9898,0.9847,0.9891
cg19297537,0.9673,0.9638,0.957,0.9614,0.9564,0.9555,0.9919,0.8971,0.9895
cg25104118,0.9719,0.9721,0.9677,0.9707,0.9698,0.965,0.9898,0.9835,0.987
cg21035402,0.977,0.9559,0.9765,0.9771,0.9573,0.9708,0.9872,0.9793,0.983
cg26728390,0.965,0.9668,0.9659,0.9668,0.9617,0.9671,0.9519,0.956,0.9653
cg11688548,0.9747,0.9763,0.9696,0.9738,0.9756,0.9704,0.8905,0.9798,0.9814
cg00001687,0.9818,0.9797,0.9772,0.9765,0.9779,0.983,0.99,0.9865,0.9866
cg01018360,0.9677,0.9676,0.9668,0.9665,0.968,0.9679,0.978,0.9711,0.9746
cg27125505,0.979,0.9715,0.956,0.9777,0.9704,0.9774,0.992,0.9775,0.9605
cg20229025,0.9649,0.9665,0.9526,0.9546,0.9581,0.9566,0.9741,0.9301,0.9792
cg00071984,0.9798,0.9778,0.9755,0.9745,0.9786,0.9757,0.9705,0.922,0.9773
cg04404310,0.9647,0.9613,0.9597,0.9571,0.9599,0.9553,0.974,0.9732,0.9858
cg27437510,0.9812,0.9791,0.9791,0.983,0.9819,0.9833,0.9846,0.989,0.9883
cg00850612,0.9728,0.9734,0.9691,0.9688,0.9725,0.9654,0.9848,0.9793,0.981
cg19697584,0.9781,0.9788,0.9789,0.9799,0.9786,0.9783,0.9884,0.9858,0.982
cg10706293,0.9707,0.9662,0.965,0.9674,0.9717,0.9624,0.9862,0.9789,0.9847
cg22078907,0.953,0.9547,0.9481,0.944,0.9559,0.9413,0.9789,0.922,0.9624
cg01834160,0.9757,0.974,0.954,0.9651,0.9518,0.9701,0.9895,0.9872,0.9887
cg02402630,0.9574,0.959,0.9564,0.9512,0.956,0.9565,0.9772,0.9634,0.9821
cg03051577,0.9768,0.9724,0.9689,0.971,0.9749,0.9709,0.9906,0.9864,0.9914
cg17842912,0.9694,0.9696,0.9619,0.9548,0.9645,0.9593,0.9789,0.9713,0.9689
cg03977237,0.9088,0.9054,0.9007,0.8972,0.9099,0.8929,0.9067,0.8968,0.8928
cg18401451,0.9848,0.9807,0.9756,0.9801,0.9843,0.9763,0.983,0.9896,0.9872
cg23617848,0.9808,0.9771,0.9782,0.9737,0.979,0.9735,0.9612,0.9739,0.9718
cg03776878,0.9127,0.9008,0.903,0.9003,0.9084,0.8976,0.9167,0.8978,0.9248
cg13504346,0.9645,0.9629,0.9597,0.9599,0.9642,0.9552,0.9805,0.9511,0.9776
cg10074347,0.9705,0.9668,0.968,0.967,0.9696,0.9648,0.9917,0.9835,0.9874
cg08097929,0.9799,0.9811,0.9788,0.9791,0.9802,0.9781,0.99,0.9847,0.9812
cg02009103,0.9707,0.9709,0.9693,0.9694,0.9707,0.969,0.9915,0.9749,0.9182
cg03072616,0.9797,0.9801,0.9758,0.9762,0.9757,0.9772,0.9874,0.8755,0.9791
cg02013146,0.9688,0.9658,0.9681,0.9677,0.9695,0.965,0.9686,0.9678,0.9772
cg03484438,0.954,0.9566,0.951,0.9478,0.952,0.9403,0.9487,0.9384,0.9608
cg11817453,0.9806,0.9795,0.9789,0.9787,0.9801,0.9797,0.9871,0.9876,0.9918
cg22262702,0.9582,0.965,0.9654,0.9679,0.9672,0.9585,0.9885,0.7917,0.8938
cg07706515,0.9825,0.9821,0.9816,0.9786,0.9784,0.9779,0.986,0.9738,0.9889
cg13934553,0.9791,0.9773,0.9693,0.9796,0.978,0.9759,0.9878,0.9745,0.98
cg09121928,0.9815,0.9803,0.9794,0.9771,0.981,0.98,0.9886,0.9876,0.9825
cg18653560,0.976,0.9757,0.9738,0.9717,0.9759,0.9753,0.9828,0.7829,0.9846
cg04874343,0.7452,0.7388,0.7259,0.7279,0.7348,0.7317,0.7591,0.5632,0.7519
cg02884588,0.9762,0.9772,0.974,0.9746,0.9788,0.9741,0.9882,0.9638,0.9835
cg26428731,0.9668,0.9674,0.9576,0.9613,0.9678,0.9627,0.983,0.9777,0.9822
cg04031507,0.9804,0.98,0.9771,0.9777,0.9817,0.9795,0.9906,0.9778,0.9812
cg18403285,0.9778,0.9757,0.9754,0.9732,0.9774,0.9732,0.9842,0.9775,0.9882
cg03309978,0.9675,0.9684,0.966,0.9648,0.9654,0.9624,0.987,0.9288,0.9741
cg22308467,0.9836,0.9848,0.9823,0.9823,0.9825,0.9836,0.9777,0.9695,0.9718
cg24428851,0.973,0.9702,0.9719,0.9708,0.9751,0.9702,0.9832,0.978,0.9725
cg09235936,0.9803,0.9784,0.9774,0.9789,0.9799,0.9772,0.9904,0.9773,0.9914
cg15365028,0.9696,0.9773,0.9703,0.972,0.9729,0.9688,0.9748,0.9731,0.9807
cg18592294,0.9858,0.9854,0.9829,0.983,0.9831,0.983,0.9882,0.9889,0.9882
cg26301689,0.9771,0.9814,0.9812,0.9736,0.9806,0.9688,0.9816,0.9896,0.9909
cg18536123,0.9824,0.9821,0.982,0.982,0.9828,0.9825,0.9876,0.9859,0.9842
cg26453360,0.9792,0.981,0.9799,0.9741,0.9743,0.9768,0.989,0.9803,0.9817
cg09004691,0.9531,0.9519,0.9448,0.9467,0.9394,0.9449,0.9752,0.9268,0.9438
cg03483654,0.9866,0.9853,0.9856,0.9852,0.9855,0.9847,0.9931,0.9901,0.9912
cg13309174,0.8974,0.8989,0.896,0.891,0.8994,0.8738,0.93,0.8834,0.8939
cg03610629,0.9756,0.9768,0.9755,0.977,0.9763,0.975,0.9866,0.9787,0.9862
cg12888113,0.9737,0.9714,0.969,0.9716,0.9714,0.9705,0.9871,0.9802,0.9818
cg20986726,0.8824,0.8745,0.8678,0.8685,0.8765,0.8691,0.8799,0.8639,0.8781
cg08411881,0.9362,0.9397,0.9357,0.9427,0.9441,0.9346,0.9792,0.9726,0.9379
cg10571824,0.973,0.97,0.9655,0.9703,0.9726,0.9609,0.9901,0.9864,0.9491
cg16773043,0.9639,0.9648,0.9634,0.9632,0.9662,0.9577,0.9831,0.9773,0.9207
cg19525780,0.975,0.9727,0.9727,0.9707,0.9761,0.975,0.9859,0.9803,0.9866
cg17124478,0.981,0.9799,0.9809,0.9798,0.9806,0.9817,0.9724,0.9839,0.9627
cg12050054,0.8643,0.8561,0.8255,0.8712,0.8503,0.8468,0.9315,0.7884,0.8763
cg25007781,0.9636,0.9619,0.9622,0.9682,0.9667,0.9661,0.9927,0.989,0.9905
cg24153754,0.981,0.9778,0.9662,0.9644,0.9653,0.9735,0.99,0.9828,0.9842
cg19879265,0.9818,0.9816,0.9828,0.9804,0.9813,0.9808,0.9882,0.9866,0.9899
cg11316510,0.9864,0.9832,0.9844,0.9856,0.9868,0.9848,0.9913,0.9862,0.963
cg12190841,0.7044,0.6707,0.6665,0.7142,0.6887,0.6911,0.7236,0.5848,0.6363
cg27197524,0.9821,0.9803,0.9799,0.9792,0.9832,0.98,0.9921,0.9862,0.9862
cg16956999,0.9702,0.9698,0.9672,0.9675,0.969,0.9648,0.9776,0.9649,0.9642
cg20361429,0.955,0.9546,0.9465,0.9503,0.9614,0.9476,0.9821,0.9766,0.9783
cg25074170,0.9685,0.9642,0.9652,0.9661,0.9616,0.9688,0.9157,0.9746,0.9717
cg14477780,0.9549,0.956,0.9532,0.9569,0.9544,0.9595,0.8818,0.9424,0.9506
cg14864022,0.9586,0.9614,0.9573,0.9527,0.9566,0.9462,0.9784,0.9777,0.9781
cg16243359,0.9737,0.9755,0.9749,0.973,0.9732,0.9598,0.9811,0.9725,0.9766
cg21178851,0.972,0.9731,0.9729,0.9699,0.9734,0.974,0.964,0.9451,0.9557
cg14864022,0.9586,0.9614,0.9573,0.9527,0.9566,0.9462,0.9784,0.9777,0.9781
cg09866303,0.9476,0.9412,0.9423,0.9356,0.9506,0.9204,0.9657,0.9659,0.9753
cg16243359,0.9737,0.9755,0.9749,0.973,0.9732,0.9598,0.9811,0.9725,0.9766
cg08411881,0.9362,0.9397,0.9357,0.9427,0.9441,0.9346,0.9792,0.9726,0.9379
cg10571824,0.973,0.97,0.9655,0.9703,0.9726,0.9609,0.9901,0.9864,0.9491
cg16773043,0.9639,0.9648,0.9634,0.9632,0.9662,0.9577,0.9831,0.9773,0.9207
cg01595997,0.9667,0.9614,0.9634,0.9641,0.9678,0.963,0.9693,0.9566,0.972
cg12253469,0.98,0.9804,0.9787,0.9786,0.9794,0.9785,0.9858,0.9753,0.982
cg18218112,0.9788,0.972,0.9765,0.9755,0.9741,0.9728,0.9873,0.9883,0.9594
cg17549927,0.785,0.7518,0.7515,0.7858,0.7366,0.7748,0.8403,0.7311,0.6117
cg13502592,0.8569,0.8488,0.8313,0.8482,0.8328,0.8329,0.9059,0.8867,0.8681
cg20718434,0.8636,0.8354,0.8322,0.8417,0.8239,0.856,0.8897,0.8425,0.7773
cg03550864,0.9535,0.9525,0.9448,0.9404,0.9511,0.951,0.9666,0.9555,0.9733
cg05640992,0.9554,0.9554,0.9401,0.9108,0.9396,0.9502,0.9715,0.9251,0.9522
cg01453157,0.9717,0.9681,0.9686,0.9684,0.9725,0.964,0.976,0.9514,0.9749
cg14462307,0.9767,0.9756,0.9726,0.9579,0.9769,0.9746,0.9838,0.9757,0.9863
cg13308350,0.9014,0.9054,0.89,0.895,0.9055,0.8745,0.9562,0.937,0.95
cg08767743,0.9547,0.9567,0.9441,0.9536,0.9583,0.9472,0.986,0.9694,0.9885
cg25806370,0.9395,0.9389,0.9243,0.9287,0.9379,0.9263,0.9787,0.9612,0.9711
cg20771846,0.9721,0.9704,0.9707,0.97,0.9692,0.9635,0.9699,0.9693,0.974
cg08411881,0.9362,0.9397,0.9357,0.9427,0.9441,0.9346,0.9792,0.9726,0.9379
cg10571824,0.973,0.97,0.9655,0.9703,0.9726,0.9609,0.9901,0.9864,0.9491
cg16773043,0.9639,0.9648,0.9634,0.9632,0.9662,0.9577,0.9831,0.9773,0.9207
cg21380181,0.9733,0.9684,0.9504,0.7026,0.8572,0.9731,0.9847,0.9797,0.9705
cg18406106,0.8902,0.8778,0.7952,0.6634,0.8022,0.8896,0.9403,0.8907,0.8953
cg24813613,0.9684,0.9678,0.9658,0.9665,0.9648,0.957,0.9765,0.941,0.9718
cg03000485,0.9688,0.9578,0.9678,0.9666,0.9666,0.9712,0.9593,0.9659,0.9508
cg10004976,0.9782,0.9764,0.9758,0.9737,0.9776,0.9749,0.989,0.9804,0.9891
cg10095533,0.9716,0.9655,0.9667,0.9633,0.9577,0.9603,0.9357,0.9663,0.9848
cg24915751,0.9617,0.9624,0.9625,0.9653,0.9687,0.9515,0.9833,0.9749,0.9835
cg25900150,0.9718,0.9645,0.968,0.9654,0.9703,0.961,0.9795,0.8897,0.9696
cg00783706,0.8928,0.896,0.8884,0.887,0.893,0.8826,0.9209,0.8472,0.8869
cg02744699,0.9831,0.984,0.9839,0.9815,0.983,0.9714,0.9924,0.989,0.9117
cg26495393,0.9513,0.9515,0.9436,0.9457,0.9517,0.9437,0.9774,0.9444,0.9764
cg14864022,0.9586,0.9614,0.9573,0.9527,0.9566,0.9462,0.9784,0.9777,0.9781
cg09866303,0.9476,0.9412,0.9423,0.9356,0.9506,0.9204,0.9657,0.9659,0.9753
cg00409636,0.9696,0.9712,0.9703,0.9563,0.974,0.9626,0.9666,0.9705,0.8574
cg02078517,0.9086,0.9,0.8911,0.889,0.8935,0.907,0.9655,0.9233,0.8017
cg26573923,0.9744,0.9695,0.9681,0.9695,0.9692,0.9667,0.9865,0.9568,0.9253
cg27197524,0.9821,0.9803,0.9799,0.9792,0.9832,0.98,0.9921,0.9862,0.9862
cg20361429,0.955,0.9546,0.9465,0.9503,0.9614,0.9476,0.9821,0.9766,0.9783
cg25009258,0.9563,0.9445,0.9475,0.9504,0.9553,0.9506,0.9818,0.9663,0.9813
cg03550864,0.9535,0.9525,0.9448,0.9404,0.9511,0.951,0.9666,0.9555,0.9733
cg05640992,0.9554,0.9554,0.9401,0.9108,0.9396,0.9502,0.9715,0.9251,0.9522
cg07780694,0.9663,0.9663,0.9659,0.9641,0.9685,0.9629,0.9822,0.9771,0.9746
cg17400609,0.9684,0.968,0.9621,0.9553,0.968,0.9638,0.9828,0.9823,0.9804
cg02212698,0.9589,0.959,0.9578,0.9622,0.9592,0.955,0.9694,0.9667,0.9751
cg21898844,0.9101,0.9101,0.8933,0.9001,0.905,0.8947,0.9151,0.9213,0.9264
cg22658846,0.9572,0.957,0.949,0.9362,0.9555,0.9543,0.9749,0.9728,0.9779
cg14083603,0.9443,0.9366,0.93,0.937,0.9412,0.9271,0.9629,0.9423,0.9707
cg25934700,0.9788,0.9719,0.9757,0.975,0.9781,0.9708,0.9661,0.9175,0.9511
cg18557212,0.93,0.9473,0.9424,0.9404,0.9453,0.9174,0.9594,0.9374,0.9382
cg22292713,0.877,0.8902,0.882,0.8764,0.8951,0.8628,0.9258,0.8383,0.8189
cg05973488,0.8972,0.9114,0.9013,0.9098,0.9138,0.8622,0.9131,0.8771,0.901
cg03498175,0.9612,0.9565,0.9564,0.9636,0.9613,0.9585,0.9708,0.7356,0.9398
cg20315995,0.9748,0.9736,0.972,0.9732,0.976,0.9704,0.9906,0.8964,0.8948
cg12074585,0.9845,0.9827,0.9812,0.9809,0.9796,0.9812,0.9909,0.9296,0.9034
cg14672128,0.8715,0.874,0.8688,0.8725,0.8763,0.8664,0.9205,0.7694,0.7518
cg10317145,0.8384,0.8219,0.8028,0.8184,0.7948,0.8415,0.9106,0.7386,0.7789
cg20926720,0.9338,0.9166,0.9015,0.9139,0.9138,0.922,0.9693,0.9242,0.9514
cg00459909,0.846,0.8081,0.7965,0.8115,0.7996,0.8289,0.856,0.7677,0.8155
cg26042618,0.9752,0.9729,0.9729,0.9739,0.9726,0.9715,0.9831,0.9842,0.9504
cg25074170,0.9685,0.9642,0.9652,0.9661,0.9616,0.9688,0.9157,0.9746,0.9717
cg14477780,0.9549,0.956,0.9532,0.9569,0.9544,0.9595,0.8818,0.9424,0.9506
cg01142668,0.9743,0.9669,0.9688,0.9723,0.9681,0.9689,0.9811,0.9668,0.9469
cg11988476,0.9795,0.979,0.9744,0.9764,0.9799,0.9754,0.9889,0.7284,0.9878
cg05670717,0.8456,0.8491,0.8401,0.8466,0.8523,0.8071,0.8438,0.5856,0.7898
cg27197524,0.9821,0.9803,0.9799,0.9792,0.9832,0.98,0.9921,0.9862,0.9862
cg16956999,0.9702,0.9698,0.9672,0.9675,0.969,0.9648,0.9776,0.9649,0.9642
cg15578948,0.9715,0.9662,0.9735,0.9494,0.9686,0.9627,0.9834,0.9558,0.984
cg25031205,0.9128,0.9062,0.8836,0.8289,0.893,0.8849,0.925,0.7574,0.851
cg18831841,0.9838,0.9828,0.9824,0.9812,0.9826,0.9836,0.9898,0.9711,0.987
cg18659483,0.9596,0.9621,0.9586,0.92,0.9618,0.9476,0.9716,0.9365,0.9694
cg20315995,0.9748,0.9736,0.972,0.9732,0.976,0.9704,0.9906,0.8964,0.8948
cg12074585,0.9845,0.9827,0.9812,0.9809,0.9796,0.9812,0.9909,0.9296,0.9034
cg00446003,0.9658,0.9659,0.9645,0.9643,0.968,0.9658,0.974,0.7599,0.9766
cg15470261,0.9732,0.9681,0.9641,0.9629,0.9584,0.9757,0.9902,0.9629,0.957
cg26896748,0.9785,0.974,0.9761,0.9712,0.9713,0.9783,0.9846,0.7394,0.9698
cg05533326,0.9738,0.9681,0.967,0.9671,0.9689,0.9667,0.9823,0.9793,0.9854
cg05484985,0.9632,0.9594,0.956,0.9581,0.9573,0.9573,0.9513,0.9659,0.9602
cg02470440,0.9631,0.9686,0.9573,0.9644,0.9562,0.9582,0.9841,0.9799,0.9357
cg14415956,0.9698,0.9745,0.973,0.9719,0.9673,0.971,0.9834,0.8342,0.9622
cg12850546,0.9795,0.9801,0.9785,0.9765,0.9817,0.9783,0.989,0.8979,0.975
cg09511662,0.9268,0.9251,0.9225,0.9172,0.9222,0.9186,0.9339,0.9226,0.9312
cg18024037,0.981,0.9808,0.9808,0.9825,0.9803,0.979,0.9926,0.9743,0.9853
cg09436823,0.9755,0.9744,0.9746,0.975,0.9758,0.9734,0.9841,0.9694,0.9698
cg25322086,0.839,0.8369,0.8203,0.8376,0.8386,0.832,0.8185,0.7303,0.6514
cg26453360,0.9792,0.981,0.9799,0.9741,0.9743,0.9768,0.989,0.9803,0.9817
cg09004691,0.9531,0.9519,0.9448,0.9467,0.9394,0.9449,0.9752,0.9268,0.9438
cg12205822,0.981,0.9785,0.9745,0.955,0.9733,0.9778,0.9837,0.972,0.9631
cg24043604,0.8986,0.8902,0.8799,0.8654,0.8887,0.8975,0.8933,0.8814,0.854
cg02140020,0.911,0.8974,0.8829,0.7968,0.8932,0.9046,0.9286,0.9148,0.8736
cg00590251,0.8999,0.8957,0.8932,0.8902,0.8921,0.8901,0.9429,0.9155,0.9432
cg13733923,0.9411,0.9304,0.9348,0.931,0.9266,0.9369,0.9498,0.9027,0.9631
cg10846328,0.9089,0.905,0.8982,0.8961,0.9059,0.8967,0.9379,0.9558,0.9162
cg13293246,0.8541,0.8515,0.8537,0.8492,0.8618,0.8354,0.8926,0.8617,0.874
cg23669276,0.9522,0.9506,0.9442,0.9452,0.948,0.945,0.9702,0.9055,0.9461
cg22989407,0.9546,0.944,0.9426,0.9564,0.9391,0.9516,0.9756,0.9489,0.9406
cg10195415,0.956,0.9584,0.9545,0.9552,0.9594,0.9495,0.9788,0.9757,0.9633
cg09824255,0.907,0.9217,0.923,0.9134,0.9166,0.9031,0.9054,0.8789,0.9457
cg26226487,0.9754,0.9778,0.9753,0.9736,0.9764,0.9732,0.987,0.9803,0.9841
cg15063695,0.9714,0.9704,0.9653,0.9611,0.9686,0.9695,0.9873,0.9703,0.9863
cg00177468,0.8456,0.8288,0.8086,0.8229,0.8301,0.8282,0.8812,0.8355,0.8978
cg18493326,0.8924,0.891,0.886,0.8708,0.8886,0.8909,0.9244,0.8785,0.9073
cg24461337,0.9222,0.9239,0.9223,0.9232,0.9298,0.9235,0.915,0.9195,0.9225
cg20356136,0.9749,0.9549,0.9719,0.9706,0.9677,0.9726,0.9866,0.9837,0.9863
cg09324735,0.9674,0.9654,0.9671,0.9685,0.9657,0.9633,0.9725,0.9773,0.9559
cg01551729,0.9588,0.9502,0.9508,0.9494,0.9444,0.9406,0.9306,0.875,0.9458
cg21798060,0.9491,0.9597,0.9562,0.9582,0.9618,0.9529,0.9753,0.9305,0.9595
cg13992493,0.9633,0.9772,0.9698,0.9688,0.9733,0.9541,0.9845,0.9811,0.9728
cg08123673,0.8319,0.8329,0.8186,0.8303,0.8322,0.8036,0.8702,0.7444,0.8019
cg06613817,0.9727,0.9717,0.967,0.9646,0.9678,0.9616,0.9718,0.9599,0.9536
cg25319564,0.9722,0.9714,0.9649,0.9716,0.9682,0.968,0.9639,0.8746,0.9535
cg24075745,0.9358,0.9437,0.9248,0.9289,0.9237,0.9191,0.9593,0.9707,0.9502
cg15762348,0.9788,0.9778,0.9736,0.9728,0.9743,0.9769,0.9882,0.9771,0.9804
cg00874225,0.7713,0.7589,0.6659,0.7649,0.6717,0.7356,0.8499,0.7275,0.7783
cg00639517,0.9645,0.9644,0.9626,0.9623,0.9647,0.9656,0.9635,0.9822,0.9749
cg03748042,0.8064,0.8367,0.8045,0.8134,0.8069,0.8132,0.8814,0.7584,0.8216
cg26310429,0.9843,0.981,0.9759,0.9822,0.9788,0.985,0.9912,0.9893,0.9136
cg07477867,0.9436,0.955,0.9307,0.9134,0.9237,0.9271,0.976,0.9167,0.9604
cg16559361,0.969,0.9736,0.9733,0.9635,0.9719,0.9755,0.988,0.9829,0.9903
cg26884787,0.785,0.7863,0.7823,0.76,0.7918,0.7692,0.7504,0.7351,0.7757
cg17165158,0.9815,0.9798,0.9806,0.9806,0.981,0.9827,0.986,0.6502,0.9536
cg02963229,0.9683,0.9687,0.9691,0.9676,0.97,0.9614,0.9688,0.9376,0.7262
cg23933606,0.9535,0.9501,0.9525,0.9495,0.9472,0.9549,0.9569,0.958,0.945
cg23246666,0.9735,0.9772,0.9743,0.9744,0.977,0.9724,0.9828,0.9874,0.9819
cg08626004,0.9796,0.979,0.9736,0.9768,0.9736,0.9777,0.9905,0.9842,0.9845
cg09251197,0.9652,0.9636,0.96,0.9602,0.9622,0.9592,0.9822,0.975,0.9844
cg06717750,0.9577,0.9572,0.9551,0.9553,0.956,0.9547,0.9816,0.9673,0.966
cg27060386,0.8673,0.8727,0.8588,0.8688,0.8624,0.8597,0.9216,0.8822,0.8923
cg14304073,0.9711,0.9666,0.9655,0.967,0.9687,0.9664,0.9889,0.9838,0.9883
cg19873420,0.8991,0.8949,0.8881,0.8904,0.8949,0.8803,0.9317,0.8958,0.9119
cg12656653,0.973,0.975,0.9748,0.9773,0.9744,0.9766,0.9745,0.9742,0.9484
cg23873415,0.9528,0.9558,0.9547,0.9488,0.95,0.951,0.9833,0.972,0.8913
cg13473894,0.9768,0.9793,0.9798,0.9794,0.9803,0.9788,0.9823,0.9814,0.8911
cg02667487,0.9851,0.9825,0.9822,0.9829,0.9847,0.9818,0.9923,0.9899,0.9919
cg13663170,0.9633,0.9556,0.9582,0.9592,0.9605,0.9566,0.9829,0.9733,0.9844
cg04320956,0.9709,0.9729,0.9686,0.9727,0.979,0.9699,0.9885,0.9898,0.9115
cg17248540,0.8357,0.8294,0.8205,0.8356,0.8414,0.8308,0.8522,0.8373,0.7406
cg16434156,0.974,0.9719,0.9715,0.965,0.9593,0.9708,0.9902,0.9707,0.9891
cg12656653,0.973,0.975,0.9748,0.9773,0.9744,0.9766,0.9745,0.9742,0.9484
cg13473894,0.9768,0.9793,0.9798,0.9794,0.9803,0.9788,0.9823,0.9814,0.8911
cg19800026,0.9662,0.9614,0.9518,0.9604,0.9594,0.9589,0.984,0.9581,0.982
cg20293609,0.9821,0.9824,0.9819,0.9796,0.983,0.9805,0.9836,0.938,0.9046
cg17499345,0.7917,0.7886,0.7776,0.7722,0.7856,0.7651,0.8628,0.7962,0.7713
cg21425003,0.9815,0.9749,0.9701,0.9793,0.9788,0.9782,0.9825,0.966,0.9661
cg04588969,0.962,0.9591,0.9467,0.9522,0.9457,0.9606,0.9778,0.9711,0.9203
cg16996571,0.9792,0.9746,0.9769,0.9781,0.9777,0.975,0.9873,0.9781,0.9848
cg19873420,0.8991,0.8949,0.8881,0.8904,0.8949,0.8803,0.9317,0.8958,0.9119
cg11761622,0.9551,0.9504,0.9506,0.9519,0.949,0.9506,0.9821,0.972,0.9585
cg07077277,0.9524,0.9432,0.9503,0.9541,0.9427,0.947,0.9011,0.9676,0.9431
cg25090472,0.967,0.9643,0.9638,0.9658,0.9654,0.965,0.9738,0.9795,0.951
cg10093738,0.9144,0.9188,0.9116,0.916,0.9199,0.91,0.9186,0.8887,0.8891
cg12656653,0.973,0.975,0.9748,0.9773,0.9744,0.9766,0.9745,0.9742,0.9484
cg23873415,0.9528,0.9558,0.9547,0.9488,0.95,0.951,0.9833,0.972,0.8913
cg09965668,0.9656,0.9736,0.952,0.7253,0.9294,0.9279,0.9836,0.9765,0.9797
cg11761622,0.9551,0.9504,0.9506,0.9519,0.949,0.9506,0.9821,0.972,0.9585
cg07077277,0.9524,0.9432,0.9503,0.9541,0.9427,0.947,0.9011,0.9676,0.9431
cg25090472,0.967,0.9643,0.9638,0.9658,0.9654,0.965,0.9738,0.9795,0.951
cg10093738,0.9144,0.9188,0.9116,0.916,0.9199,0.91,0.9186,0.8887,0.8891
cg05544715,0.9715,0.9761,0.9706,0.9745,0.9752,0.969,0.9807,0.9801,0.9797
cg07651316,0.6238,0.957,0.9604,0.9614,0.9631,0.5789,0.9794,0.9688,0.9542
cg19819654,0.9456,0.9388,0.9296,0.9446,0.9423,0.9334,0.9703,0.9555,0.9601
cg02654411,0.9795,0.9758,0.9741,0.9734,0.977,0.9738,0.9883,0.9716,0.989
cg17907628,0.9352,0.925,0.9246,0.9283,0.932,0.9314,0.9266,0.9444,0.9641
cg14157917,0.9616,0.9584,0.9521,0.9586,0.958,0.9564,0.9528,0.9578,0.95
cg12391964,0.9638,0.9659,0.9636,0.964,0.9657,0.9636,0.9667,0.9311,0.9496
cg06013113,0.9261,0.9083,0.9168,0.9148,0.9272,0.9093,0.9586,0.9454,0.9726
cg13985767,0.9764,0.974,0.9754,0.9746,0.976,0.976,0.9874,0.9829,0.9885
cg05858612,0.9674,0.963,0.9628,0.9647,0.96,0.9627,0.9809,0.966,0.954
cg11314310,0.9507,0.9525,0.9542,0.9567,0.9586,0.9581,0.899,0.9569,0.9635
cg27201679,0.9026,0.9156,0.9063,0.9032,0.9005,0.9027,0.8185,0.8987,0.9072
cg27444290,0.9523,0.954,0.9484,0.9441,0.9558,0.9514,0.9732,0.9713,0.7219
cg15357078,0.9516,0.9504,0.9369,0.934,0.9364,0.9361,0.9698,0.9684,0.9594
cg04368808,0.8941,0.8967,0.897,0.8819,0.8993,0.8862,0.9269,0.8971,0.9018
cg13906874,0.9791,0.9721,0.9714,0.9746,0.9754,0.9737,0.9883,0.9775,0.9419
cg21193639,0.9562,0.9541,0.9516,0.9486,0.951,0.9522,0.9751,0.9566,0.9695
cg23267171,0.8914,0.9005,0.8886,0.8819,0.8889,0.8855,0.9239,0.9025,0.9066
cg04719634,0.9519,0.9563,0.919,0.956,0.9439,0.948,0.9432,0.9414,0.9247
cg07351059,0.9786,0.979,0.975,0.9776,0.9808,0.9769,0.986,0.9804,0.981
cg05053403,0.8811,0.9506,0.967,0.9194,0.9314,0.9131,0.9338,0.981,0.979
cg18999185,0.9183,0.9704,0.9806,0.9789,0.9803,0.9772,0.9811,0.9809,0.8508
cg08206079,0.8383,0.9062,0.9161,0.9128,0.92,0.9045,0.9247,0.8934,0.8208
cg19358202,0.9536,0.9558,0.9512,0.9577,0.9549,0.9526,0.9833,0.9706,0.9798
cg18179964,0.9695,0.9657,0.964,0.9538,0.9682,0.9498,0.9768,0.9684,0.9819
cg07753939,0.9414,0.9434,0.9508,0.8851,0.9522,0.9108,0.9847,0.9501,0.9564
cg16463165,0.8113,0.7891,0.7106,0.6739,0.7004,0.7876,0.8841,0.5995,0.6568
cg21384021,0.9745,0.9734,0.9715,0.9718,0.9716,0.9681,0.9726,0.9443,0.9375
cg23421509,0.9628,0.963,0.9558,0.96,0.9562,0.9608,0.9587,0.9708,0.9527
cg16333269,0.9052,0.9177,0.9124,0.913,0.9117,0.8602,0.9108,0.9299,0.9255
cg01854803,0.9691,0.9712,0.9688,0.9684,0.9677,0.9645,0.9799,0.9615,0.9787
cg17589319,0.9438,0.9461,0.9353,0.9401,0.9324,0.9286,0.9369,0.9458,0.9467
cg20800039,0.9641,0.9648,0.9608,0.957,0.961,0.9644,0.9401,0.9533,0.9417
cg08705647,0.9602,0.9558,0.9618,0.958,0.9575,0.9599,0.9301,0.9419,0.9277
cg20553577,0.9227,0.7447,0.942,0.9249,0.9245,0.9159,0.9032,0.9501,0.8163
cg21005369,0.8441,0.7071,0.8682,0.851,0.8752,0.865,0.8043,0.8917,0.8257
cg24371954,0.7455,0.6323,0.7751,0.7536,0.7188,0.7316,0.8117,0.8394,0.7344
cg15277378,0.9457,0.7754,0.9504,0.9524,0.9635,0.9498,0.9744,0.9616,0.9807
cg18553732,0.9628,0.9675,0.9618,0.9621,0.9614,0.9598,0.9701,0.9434,0.7543
cg17969853,0.9303,0.9486,0.9558,0.9548,0.955,0.9113,0.9656,0.9122,0.9369
cg02952918,0.9572,0.9561,0.9596,0.9589,0.9573,0.9571,0.9451,0.962,0.9614
cg14578247,0.9161,0.9158,0.9134,0.9158,0.9211,0.9168,0.9431,0.9225,0.9346
cg20364187,0.9205,0.9268,0.9235,0.925,0.9374,0.9207,0.9518,0.8993,0.9291
cg00794055,0.9202,0.9217,0.9144,0.9172,0.9269,0.9154,0.9557,0.924,0.9249
cg13377965,0.9571,0.6811,0.9591,0.9577,0.965,0.967,0.9482,0.9559,0.9712
cg24465224,0.9669,0.9544,0.9529,0.9657,0.9604,0.9636,0.9678,0.9246,0.9442
cg21158664,0.9669,0.9654,0.9654,0.9729,0.9667,0.9663,0.9824,0.9571,0.9721
cg03347739,0.9683,0.9612,0.9485,0.9569,0.9522,0.9559,0.964,0.9403,0.9731
cg12471171,0.9622,0.9534,0.9511,0.8933,0.9502,0.9553,0.9708,0.8535,0.8372
cg13091717,0.9752,0.9646,0.9584,0.9303,0.9536,0.969,0.9787,0.9535,0.9664
cg22770294,0.9761,0.9729,0.9739,0.9747,0.975,0.9733,0.968,0.7045,0.9761
cg00667841,0.9228,0.9171,0.9213,0.9211,0.912,0.9127,0.7651,0.8146,0.9224
cg13877423,0.9408,0.9447,0.9383,0.9382,0.9475,0.9381,0.9732,0.9674,0.9809
cg24745816,0.9282,0.9345,0.9163,0.9331,0.9244,0.9291,0.9027,0.9182,0.9265
cg13474004,0.9667,0.9694,0.9584,0.9556,0.9592,0.9612,0.9849,0.9817,0.9577
cg21880624,0.9775,0.9813,0.9782,0.9812,0.981,0.9777,0.9902,0.9729,0.891
cg01421021,0.9544,0.9487,0.9478,0.9436,0.9537,0.9451,0.9548,0.962,0.9761
cg07100595,0.9462,0.9389,0.9381,0.9447,0.9364,0.9386,0.9377,0.8563,0.947
cg27273946,0.9195,0.9196,0.8573,0.8855,0.8684,0.9058,0.9098,0.9417,0.9319
cg17212304,0.8967,0.8965,0.8798,0.8984,0.8946,0.8935,0.9542,0.9179,0.9204
cg27568307,0.9303,0.9346,0.9297,0.9283,0.9311,0.9294,0.9504,0.9589,0.9427
cg25034766,0.9408,0.9347,0.9429,0.9449,0.9536,0.9351,0.9826,0.9671,0.7512
cg00499201,0.9599,0.9531,0.944,0.9482,0.9614,0.8418,0.9875,0.9801,0.9879
cg14011077,0.9611,0.9577,0.9578,0.9468,0.9485,0.9439,0.9775,0.9666,0.9446
cg13850063,0.9565,0.9538,0.9459,0.9464,0.9453,0.9322,0.9706,0.9464,0.9579
cg22389121,0.9109,0.9152,0.9158,0.9144,0.9216,0.9127,0.9054,0.8892,0.9317
cg07890882,0.9201,0.8649,0.8846,0.9164,0.8757,0.9142,0.7829,0.9118,0.8919
cg04636406,0.943,0.946,0.936,0.9379,0.9494,0.9343,0.976,0.943,0.9496
cg14871584,0.8178,0.8165,0.8153,0.8086,0.832,0.8141,0.8627,0.8302,0.805
cg02730714,0.9491,0.9491,0.9421,0.9463,0.9517,0.9394,0.976,0.9788,0.9314
cg08713722,0.915,0.9073,0.9291,0.8995,0.9279,0.927,0.9659,0.9478,0.9483
cg07237653,0.9677,0.9715,0.9714,0.9688,0.9706,0.9668,0.9843,0.9121,0.8875
cg20644425,0.9574,0.9606,0.9552,0.9538,0.9572,0.9592,0.9839,0.9461,0.9788
cg05882315,0.8386,0.8464,0.8278,0.8494,0.8402,0.834,0.8735,0.8558,0.9001
cg24823137,0.895,0.8866,0.8857,0.8815,0.8943,0.8896,0.9127,0.8324,0.8723
cg05574053,0.9591,0.9527,0.9528,0.9547,0.9541,0.9579,0.9771,0.9647,0.952
cg06081580,0.9456,0.9325,0.9352,0.9483,0.9383,0.9419,0.9645,0.9642,0.9664
cg06780216,0.9542,0.9503,0.9528,0.915,0.9536,0.9448,0.9671,0.9448,0.9198
cg19552441,0.9836,0.9843,0.9839,0.8951,0.9816,0.9831,0.9838,0.9857,0.756
cg18594033,0.9317,0.9294,0.9212,0.9246,0.9229,0.9203,0.9322,0.9263,0.9331
cg06874891,0.8235,0.7897,0.7919,0.7682,0.7149,0.7957,0.8686,0.7476,0.7663
cg04250681,0.9236,0.9208,0.9227,0.9205,0.9263,0.9337,0.9591,0.9399,0.9315
cg09369818,0.9744,0.9797,0.9742,0.9716,0.9763,0.9675,0.9859,0.9509,0.9838
cg05937392,0.9123,0.9082,0.9096,0.9058,0.9097,0.9115,0.8631,0.9346,0.9262
cg02150207,0.9103,0.9096,0.8628,0.905,0.9126,0.8884,0.9631,0.9195,0.9314
cg04334751,0.9069,0.9067,0.834,0.8764,0.8698,0.8958,0.9446,0.907,0.918
cg07356283,0.9231,0.929,0.9029,0.9155,0.9005,0.9139,0.9436,0.9085,0.9079
cg23709617,0.9398,0.9352,0.9288,0.9366,0.9254,0.9394,0.9152,0.9273,0.9337
cg16371080,0.8944,0.8999,0.8939,0.9059,0.8983,0.9022,0.8552,0.7804,0.9295
cg05574053,0.9591,0.9527,0.9528,0.9547,0.9541,0.9579,0.9771,0.9647,0.952
cg06081580,0.9456,0.9325,0.9352,0.9483,0.9383,0.9419,0.9645,0.9642,0.9664
cg26945748,0.9158,0.8902,0.8798,0.8906,0.9117,0.8793,0.9561,0.9576,0.9687
cg02592525,0.9651,0.9675,0.9671,0.9603,0.9635,0.9633,0.941,0.9182,0.8871
cg05552184,0.9762,0.977,0.9663,0.9701,0.9615,0.9763,0.986,0.8216,0.9076
cg09596707,0.9679,0.9678,0.9695,0.9669,0.9697,0.9666,0.9604,0.9493,0.9747
cg18661550,0.9281,0.9351,0.922,0.91,0.9156,0.9171,0.9402,0.846,0.9193
cg05647431,0.904,0.8945,0.898,0.8894,0.9043,0.888,0.9017,0.9065,0.9166
cg23060465,0.9619,0.954,0.9306,0.408,0.9214,0.9352,0.9674,0.9347,0.9734
cg08557188,0.9706,0.9688,0.964,0.9688,0.9639,0.9658,0.9758,0.9762,0.9066
cg02622601,0.9802,0.9792,0.9791,0.9792,0.9803,0.9772,0.9845,0.9808,0.9847
cg22346429,0.9778,0.9779,0.974,0.9751,0.9737,0.9738,0.9821,0.9869,0.9829
cg05318705,0.9817,0.9742,0.9705,0.974,0.968,0.9768,0.9916,0.9865,0.9782
cg08604785,0.9813,0.9826,0.9812,0.9809,0.983,0.9793,0.9772,0.9772,0.9877
cg14879397,0.9155,0.918,0.925,0.9222,0.9242,0.9187,0.9377,0.8567,0.9181
cg25484712,0.9715,0.9688,0.9655,0.9641,0.9653,0.9588,0.9853,0.9817,0.9818
cg16419361,0.9034,0.9031,0.899,0.9022,0.9056,0.895,0.9203,0.9027,0.9268
cg26315617,0.9743,0.9744,0.9685,0.9651,0.9678,0.9705,0.9728,0.9727,0.9768
cg14431986,0.9337,0.94,0.9298,0.9385,0.9463,0.9312,0.9454,0.9161,0.9469
cg01694276,0.9766,0.9772,0.97,0.976,0.9765,0.9734,0.9902,0.9826,0.9884
cg14406074,0.9803,0.9808,0.9786,0.9758,0.9806,0.9797,0.991,0.9884,0.9901
cg16402758,0.9701,0.9644,0.9662,0.963,0.9683,0.9658,0.9814,0.9758,0.9856
cg07281377,0.9759,0.9704,0.9708,0.9735,0.9747,0.9745,0.9821,0.9717,0.9606
cg06173481,0.9719,0.9172,0.9588,0.9657,0.9543,0.9684,0.9723,0.9723,0.9753
cg22406334,0.9773,0.9385,0.9764,0.9732,0.9753,0.9786,0.9768,0.9413,0.9758
cg12068463,0.959,0.9618,0.9597,0.9589,0.9586,0.9588,0.9453,0.9681,0.9637
cg08714895,0.9795,0.9768,0.9716,0.9693,0.9774,0.974,0.9842,0.9696,0.9716
cg16222790,0.9481,0.9359,0.9368,0.9392,0.9304,0.9351,0.9533,0.9573,0.9593
cg02247300,0.9427,0.929,0.9289,0.9333,0.939,0.9312,0.9625,0.9569,0.9492
cg09890746,0.9642,0.9595,0.9522,0.9572,0.9522,0.959,0.978,0.9709,0.9695
cg12563935,0.9741,0.9729,0.971,0.9694,0.9717,0.9645,0.9631,0.9727,0.9534
cg11777611,0.9206,0.9208,0.9128,0.91,0.9193,0.9068,0.9117,0.9185,0.9066
cg26350803,0.9733,0.9683,0.9706,0.9744,0.9739,0.9758,0.9835,0.9765,0.9839
cg21351483,0.9797,0.9816,0.9804,0.9812,0.9816,0.9797,0.9889,0.981,0.9835
cg20749005,0.9074,0.9028,0.8969,0.8986,0.9027,0.8928,0.9414,0.9208,0.9207
cg16927379,0.8158,0.8096,0.8119,0.801,0.8121,0.8124,0.8633,0.7727,0.8049
cg25690202,0.9815,0.9802,0.9807,0.9814,0.9823,0.9806,0.9895,0.9344,0.9649
cg26962002,0.9757,0.9698,0.9664,0.9659,0.9697,0.9669,0.9796,0.9587,0.9786
cg02936752,0.963,0.9599,0.9533,0.9554,0.9621,0.9554,0.9596,0.9486,0.9816
cg20631628,0.9583,0.9482,0.949,0.9518,0.9566,0.9537,0.9742,0.966,0.9747
cg24292487,0.8996,0.9037,0.8891,0.893,0.887,0.8931,0.9169,0.8541,0.9114
cg08468187,0.8897,0.889,0.8703,0.8869,0.8903,0.8756,0.9176,0.8035,0.89
cg21449445,0.9546,0.9578,0.9476,0.9518,0.9537,0.9479,0.969,0.9343,0.9589
cg26180191,0.9545,0.9577,0.941,0.9503,0.9288,0.9566,0.9626,0.9552,0.9526
cg16950088,0.961,0.9644,0.9606,0.9607,0.9575,0.9628,0.9613,0.9718,0.9658
cg11363615,0.9796,0.9791,0.975,0.9788,0.9805,0.9776,0.9927,0.9893,0.9899
cg24847996,0.9645,0.9662,0.9558,0.9609,0.963,0.9533,0.9822,0.936,0.9712
cg02299195,0.9604,0.9545,0.9551,0.9546,0.9574,0.9612,0.9566,0.941,0.9592
cg21644334,0.9761,0.9781,0.9779,0.977,0.9777,0.9764,0.9675,0.9094,0.9287
cg25772143,0.7442,0.7874,0.784,0.788,0.8187,0.6429,0.7561,0.6035,0.5972
cg01288350,0.9766,0.9775,0.9763,0.9765,0.9779,0.9757,0.9884,0.9827,0.986
cg04262392,0.9748,0.9744,0.9713,0.9716,0.9722,0.973,0.9827,0.9761,0.9831
cg10434344,0.9626,0.9583,0.9598,0.9562,0.9644,0.9597,0.9752,0.9597,0.9701
cg02954676,0.9068,0.9108,0.8986,0.8977,0.9022,0.899,0.9189,0.8694,0.8518
cg06338697,0.7854,0.9515,0.9469,0.9488,0.9556,0.8052,0.9623,0.9573,0.9377
cg19667082,0.97,0.9678,0.965,0.9685,0.9688,0.9599,0.9779,0.9813,0.9853
cg14455541,0.9657,0.9612,0.963,0.961,0.9664,0.9558,0.9826,0.9804,0.9813
cg07992519,0.9744,0.97,0.9687,0.971,0.9732,0.9683,0.9843,0.923,0.9664
cg16222790,0.9481,0.9359,0.9368,0.9392,0.9304,0.9351,0.9533,0.9573,0.9593
cg09890746,0.9642,0.9595,0.9522,0.9572,0.9522,0.959,0.978,0.9709,0.9695
cg15806038,0.981,0.9806,0.9731,0.9777,0.9779,0.9786,0.9897,0.9789,0.9844
cg01520297,0.9701,0.9711,0.9685,0.9679,0.97,0.9693,0.9625,0.9691,0.9753
cg27187669,0.964,0.9548,0.9539,0.9571,0.9592,0.9537,0.9748,0.9817,0.9851
cg21865157,0.9817,0.9772,0.9779,0.9752,0.9806,0.9766,0.9838,0.9828,0.9858
cg23401459,0.9744,0.9751,0.9736,0.9783,0.9785,0.9751,0.9863,0.9762,0.9876
cg26962002,0.9757,0.9698,0.9664,0.9659,0.9697,0.9669,0.9796,0.9587,0.9786
cg02936752,0.963,0.9599,0.9533,0.9554,0.9621,0.9554,0.9596,0.9486,0.9816
cg20631628,0.9583,0.9482,0.949,0.9518,0.9566,0.9537,0.9742,0.966,0.9747
cg24292487,0.8996,0.9037,0.8891,0.893,0.887,0.8931,0.9169,0.8541,0.9114
cg08468187,0.8897,0.889,0.8703,0.8869,0.8903,0.8756,0.9176,0.8035,0.89
cg03955375,0.9716,0.9722,0.9676,0.9711,0.9676,0.967,0.9801,0.9529,0.9662
cg05418938,0.8942,0.8871,0.8927,0.8838,0.8945,0.8769,0.9064,0.8739,0.8707
cg02247300,0.9427,0.929,0.9289,0.9333,0.939,0.9312,0.9625,0.9569,0.9492
cg09890746,0.9642,0.9595,0.9522,0.9572,0.9522,0.959,0.978,0.9709,0.9695
cg17517442,0.89,0.8955,0.8931,0.8982,0.902,0.89,0.8911,0.8468,0.8607
cg26058508,0.9406,0.9384,0.9389,0.9361,0.9441,0.9343,0.9299,0.9049,0.9289
cg00352560,0.9784,0.979,0.9774,0.9777,0.9783,0.976,0.9664,0.9483,0.942
cg05520500,0.982,0.9606,0.979,0.9409,0.9806,0.9792,0.9835,0.9703,0.9429
cg13764850,0.9555,0.9514,0.9425,0.9474,0.9502,0.9526,0.9692,0.9321,0.971
cg19528797,0.9032,0.9102,0.8867,0.9013,0.9129,0.8592,0.9429,0.9013,0.9377
cg10827094,0.9439,0.9506,0.9416,0.9412,0.9443,0.935,0.9585,0.9673,0.9674
cg24136740,0.9691,0.9756,0.9718,0.9719,0.9719,0.9732,0.9838,0.9655,0.9852
cg00878516,0.9639,0.9604,0.9473,0.9449,0.9234,0.9546,0.9792,0.9658,0.9823
cg09491897,0.9686,0.969,0.9634,0.9662,0.9666,0.9641,0.9764,0.9727,0.9483
cg07964113,0.9654,0.9662,0.9638,0.9665,0.9651,0.9639,0.9804,0.9772,0.9669
cg03025986,0.9684,0.9646,0.9694,0.9653,0.9682,0.9662,0.9556,0.9689,0.948
cg00553527,0.9673,0.9669,0.963,0.9135,0.9705,0.9633,0.986,0.9581,0.9807
cg21664614,0.9744,0.9728,0.9692,0.9703,0.9739,0.97,0.9875,0.9828,0.99
cg10011015,0.9502,0.959,0.9496,0.95,0.9522,0.9487,0.9667,0.9748,0.9751
cg02365967,0.9273,0.9468,0.9302,0.9414,0.9388,0.9256,0.9727,0.9517,0.9591
cg26315617,0.9743,0.9744,0.9685,0.9651,0.9678,0.9705,0.9728,0.9727,0.9768
cg14431986,0.9337,0.94,0.9298,0.9385,0.9463,0.9312,0.9454,0.9161,0.9469
cg14060898,0.9286,0.9416,0.9371,0.9366,0.9352,0.9403,0.9256,0.9323,0.9501
cg04337538,0.9781,0.9697,0.9767,0.973,0.978,0.9721,0.9875,0.9757,0.9744
cg22006392,0.9796,0.979,0.9784,0.9799,0.98,0.9774,0.985,0.9729,0.9784
cg00961127,0.9471,0.9408,0.9404,0.944,0.9418,0.9389,0.9548,0.9447,0.9544
cg25073705,0.9762,0.9778,0.9474,0.9738,0.9548,0.9596,0.9821,0.9681,0.9826
cg26962002,0.9757,0.9698,0.9664,0.9659,0.9697,0.9669,0.9796,0.9587,0.9786
cg02936752,0.963,0.9599,0.9533,0.9554,0.9621,0.9554,0.9596,0.9486,0.9816
cg20631628,0.9583,0.9482,0.949,0.9518,0.9566,0.9537,0.9742,0.966,0.9747
cg24292487,0.8996,0.9037,0.8891,0.893,0.887,0.8931,0.9169,0.8541,0.9114
cg08468187,0.8897,0.889,0.8703,0.8869,0.8903,0.8756,0.9176,0.8035,0.89
cg19147428,0.9468,0.918,0.9127,0.916,0.9252,0.935,0.9626,0.9503,0.9396
cg03445663,0.9714,0.9707,0.9719,0.9717,0.9736,0.9692,0.977,0.9761,0.9771
cg24428851,0.973,0.9702,0.9719,0.9708,0.9751,0.9702,0.9832,0.978,0.9725
cg09235936,0.9803,0.9784,0.9774,0.9789,0.9799,0.9772,0.9904,0.9773,0.9914
cg21220614,0.9582,0.9579,0.9567,0.9526,0.957,0.9473,0.9753,0.9725,0.9718
cg19944840,0.9632,0.9608,0.9534,0.9574,0.9622,0.954,0.9764,0.9696,0.9759
cg21878393,0.9784,0.9798,0.9754,0.9746,0.9796,0.9758,0.9837,0.9729,0.9778
cg25122402,0.9684,0.966,0.9629,0.9631,0.9728,0.9643,0.9845,0.9811,0.9852
cg14007694,0.9149,0.8979,0.903,0.9116,0.9006,0.9056,0.9418,0.8559,0.8656
cg22977139,0.8995,0.8936,0.8927,0.8899,0.8972,0.8911,0.9108,0.8784,0.8691
cg09250149,0.9626,0.9563,0.9544,0.9524,0.9576,0.9532,0.976,0.9747,0.938
cg18090970,0.8957,0.8972,0.8891,0.8897,0.8759,0.8694,0.9511,0.8308,0.9413
cg20253172,0.9756,0.9698,0.9669,0.9678,0.9704,0.9666,0.9895,0.9837,0.9697
cg10039163,0.9488,0.946,0.9455,0.945,0.9484,0.9467,0.9437,0.9553,0.953
cg06554228,0.9556,0.9528,0.9562,0.9487,0.9546,0.947,0.9571,0.9651,0.9691
cg24428851,0.973,0.9702,0.9719,0.9708,0.9751,0.9702,0.9832,0.978,0.9725
cg09235936,0.9803,0.9784,0.9774,0.9789,0.9799,0.9772,0.9904,0.9773,0.9914
cg00894697,0.9669,0.9479,0.9583,0.9627,0.9607,0.96,0.9723,0.9248,0.975
cg08533865,0.9868,0.9844,0.9846,0.9865,0.9864,0.9856,0.9912,0.9914,0.9932
cg23836168,0.8534,0.8523,0.8479,0.8559,0.8568,0.8424,0.8796,0.7823,0.8457
cg10039163,0.9488,0.946,0.9455,0.945,0.9484,0.9467,0.9437,0.9553,0.953
cg06554228,0.9556,0.9528,0.9562,0.9487,0.9546,0.947,0.9571,0.9651,0.9691
cg03704006,0.9739,0.9728,0.9651,0.9608,0.9656,0.9642,0.9863,0.9808,0.9542
cg25971548,0.9304,0.9278,0.9173,0.9211,0.9273,0.9099,0.9681,0.9462,0.9513
cg27349129,0.9317,0.9406,0.9301,0.9304,0.9315,0.9283,0.9545,0.9456,0.9385
cg06903658,0.9156,0.9228,0.9152,0.9078,0.9243,0.8986,0.9435,0.9298,0.9445
cg04646987,0.963,0.9586,0.9524,0.9547,0.9522,0.9556,0.9682,0.8991,0.8148
cg00815484,0.9021,0.9454,0.941,0.943,0.95,0.8352,0.9665,0.9291,0.9412
cg18074403,0.9306,0.9416,0.9239,0.9359,0.9315,0.926,0.9629,0.8874,0.9663
cg05970547,0.9737,0.974,0.9727,0.964,0.9746,0.9672,0.9745,0.9624,0.9491
cg15294341,0.912,0.8982,0.9084,0.8956,0.9048,0.8994,0.9233,0.907,0.9282
cg26967566,0.9852,0.9811,0.9799,0.982,0.9819,0.983,0.9856,0.9809,0.9855
cg04833819,0.9768,0.9712,0.9708,0.9744,0.9749,0.9731,0.9882,0.984,0.9825
cg17285931,0.8313,0.9686,0.9657,0.9663,0.9658,0.3772,0.9729,0.9829,0.9698
cg05676341,0.9104,0.9036,0.9152,0.915,0.9147,0.9181,0.9172,0.9063,0.8938
cg03173975,0.9154,0.9156,0.9063,0.9128,0.9229,0.9014,0.9262,0.9067,0.9475
cg17603288,0.9689,0.9628,0.9324,0.9597,0.9356,0.9628,0.9631,0.8988,0.9539
cg13857569,0.9297,0.9243,0.9087,0.9206,0.911,0.9242,0.9023,0.9225,0.9483
cg16029256,0.853,0.8515,0.8264,0.846,0.8276,0.822,0.7271,0.7837,0.8471
cg20781216,0.9114,0.8942,0.8868,0.8956,0.916,0.897,0.9329,0.9562,0.9687
cg12352896,0.9572,0.9568,0.9591,0.9558,0.9574,0.9526,0.9711,0.9439,0.938
cg03004860,0.9772,0.9771,0.9758,0.9772,0.9788,0.9708,0.9785,0.9675,0.9038
cg10024484,0.9696,0.9662,0.9657,0.9653,0.9617,0.9636,0.9784,0.9693,0.9734
cg20168823,0.9824,0.9856,0.9836,0.9802,0.9844,0.9776,0.9915,0.9888,0.9848
cg10407177,0.858,0.85,0.8358,0.838,0.8366,0.8522,0.8885,0.76,0.863
cg21235108,0.954,0.9401,0.9457,0.9252,0.9593,0.9446,0.9639,0.9128,0.9743
cg00144414,0.9121,0.8994,0.8988,0.8956,0.9048,0.8946,0.9656,0.9347,0.9515
cg19242173,0.9341,0.9074,0.8967,0.92,0.8745,0.9451,0.9692,0.9544,0.9228
cg19780308,0.9785,0.9764,0.9745,0.9755,0.9747,0.9761,0.9675,0.9566,0.8407
cg14102880,0.9805,0.9788,0.9753,0.9783,0.978,0.9744,0.99,0.9544,0.973
cg08015702,0.9694,0.9687,0.9687,0.9641,0.9698,0.9693,0.979,0.9723,0.9843
cg03412557,0.9205,0.9091,0.9029,0.911,0.9049,0.9108,0.9335,0.8456,0.875
cg22276763,0.9516,0.9538,0.9485,0.9525,0.9523,0.9472,0.9167,0.9468,0.961
cg00073713,0.9156,0.914,0.9034,0.899,0.9098,0.8999,0.9282,0.884,0.9278
cg09491897,0.9686,0.969,0.9634,0.9662,0.9666,0.9641,0.9764,0.9727,0.9483
cg07964113,0.9654,0.9662,0.9638,0.9665,0.9651,0.9639,0.9804,0.9772,0.9669
cg06535849,0.9864,0.9865,0.9808,0.9833,0.9859,0.9842,0.989,0.9843,0.99
cg01376763,0.9126,0.9063,0.894,0.8998,0.9074,0.9017,0.8993,0.8763,0.8971
cg22795216,0.9837,0.9821,0.9803,0.9802,0.982,0.9809,0.9881,0.9866,0.9898
cg10663408,0.977,0.9744,0.9728,0.9742,0.9763,0.9722,0.9905,0.9375,0.9839
cg25492363,0.9831,0.9812,0.9798,0.9833,0.9819,0.9798,0.9896,0.9778,0.9858
cg23571839,0.9828,0.9815,0.9802,0.9797,0.9796,0.9786,0.9791,0.9757,0.9855
cg21292909,0.9704,0.9714,0.8686,0.9638,0.8252,0.9741,0.9897,0.9871,0.9743
cg04355077,0.9811,0.979,0.9004,0.9731,0.8563,0.9777,0.989,0.9852,0.9883
cg01342411,0.9807,0.9831,0.9803,0.976,0.9804,0.9805,0.9921,0.9793,0.9863
cg17902007,0.9581,0.9516,0.9513,0.9499,0.9577,0.9496,0.9797,0.9824,0.9857
cg25060632,0.9616,0.9668,0.9564,0.9506,0.965,0.9567,0.9789,0.9731,0.9815
cg01417692,0.954,0.9531,0.9437,0.952,0.9489,0.9422,0.9832,0.981,0.9858
cg22884541,0.9753,0.9792,0.9748,0.9751,0.9761,0.9762,0.9872,0.9498,0.9748
cg05526731,0.9672,0.9553,0.9508,0.9382,0.9476,0.9219,0.9826,0.9716,0.9835
cg03379477,0.8703,0.8227,0.8318,0.7573,0.8224,0.7821,0.9072,0.8662,0.8843
cg08182975,0.9573,0.9598,0.9586,0.9642,0.9575,0.957,0.9711,0.972,0.9533
cg05349077,0.9714,0.9667,0.9667,0.9676,0.9663,0.9633,0.9893,0.9467,0.9753
cg00473624,0.9641,0.9637,0.963,0.968,0.9649,0.9649,0.9767,0.9719,0.9737
cg24870688,0.9712,0.9726,0.9718,0.9721,0.9749,0.97,0.9703,0.9734,0.9857
cg02964172,0.9631,0.9666,0.9632,0.9648,0.9634,0.9637,0.96,0.9621,0.9658
cg04020211,0.9798,0.9789,0.9771,0.9786,0.9806,0.9762,0.9886,0.9785,0.961
cg05749855,0.9767,0.9809,0.9762,0.8934,0.9777,0.9744,0.987,0.9808,0.8953
cg22424284,0.941,0.9226,0.9518,0.9565,0.9539,0.9133,0.9556,0.9619,0.9753
cg13830506,0.9711,0.9701,0.9627,0.966,0.9614,0.9685,0.9839,0.9668,0.9711
cg20128772,0.9701,0.9644,0.9567,0.9669,0.956,0.967,0.9825,0.9724,0.9743
cg16964535,0.9377,0.9306,0.928,0.9269,0.9243,0.9268,0.951,0.9058,0.9114
cg21099419,0.9612,0.9548,0.9601,0.9603,0.9606,0.9568,0.9758,0.9642,0.9719
cg02403239,0.9818,0.9778,0.9779,0.9761,0.9814,0.9771,0.9858,0.9865,0.9849
cg21292909,0.9704,0.9714,0.8686,0.9638,0.8252,0.9741,0.9897,0.9871,0.9743
cg04355077,0.9811,0.979,0.9004,0.9731,0.8563,0.9777,0.989,0.9852,0.9883
cg09357140,0.9352,0.9288,0.9308,0.9265,0.9338,0.9141,0.9568,0.8717,0.8888
cg27392802,0.9629,0.9658,0.962,0.9612,0.965,0.9586,0.9829,0.949,0.9536
cg06314184,0.9632,0.9643,0.9608,0.9557,0.9613,0.961,0.9785,0.9715,0.9653
cg01432945,0.967,0.9708,0.9616,0.9562,0.9666,0.9611,0.9757,0.9048,0.9805
cg11903177,0.9545,0.954,0.9574,0.9474,0.9562,0.9471,0.9764,0.9601,0.9654
cg08561825,0.9524,0.9391,0.9389,0.9469,0.9504,0.9399,0.9765,0.9571,0.9781
cg25211622,0.9781,0.9802,0.9787,0.98,0.98,0.9808,0.9912,0.9666,0.9833
cg08065122,0.8287,0.8666,0.8371,0.8238,0.8473,0.8222,0.8435,0.7182,0.7689
cg17806437,0.967,0.9617,0.9618,0.9603,0.9626,0.9596,0.9815,0.9333,0.9729
cg00132509,0.9678,0.9654,0.9653,0.9661,0.9669,0.9689,0.9853,0.9792,0.9732
cg08546278,0.9066,0.877,0.8979,0.8901,0.8923,0.8975,0.942,0.8973,0.9224
cg02719427,0.9765,0.9753,0.9685,0.9685,0.9645,0.976,0.9773,0.9749,0.9761
cg26913576,0.7929,0.7835,0.751,0.7758,0.783,0.757,0.8837,0.8146,0.8808
cg09503234,0.9628,0.9644,0.9499,0.9552,0.942,0.9609,0.9764,0.9683,0.9586
cg18456140,0.9804,0.9776,0.9719,0.9748,0.9793,0.9725,0.9884,0.9358,0.9167
cg02387701,0.8462,0.84,0.8327,0.8296,0.8435,0.8329,0.8498,0.6605,0.6976
cg26921533,0.8869,0.8836,0.8796,0.8841,0.8894,0.884,0.8495,0.7827,0.7714
cg11410726,0.9756,0.9744,0.972,0.9669,0.9708,0.9736,0.9916,0.9857,0.9846
cg08684959,0.9727,0.9752,0.9655,0.9658,0.9643,0.9743,0.9864,0.9721,0.9852
cg23190190,0.8734,0.846,0.8216,0.8462,0.8089,0.8746,0.8902,0.8112,0.8492
cg20559403,0.9689,0.9672,0.9634,0.9664,0.97,0.9627,0.9858,0.9588,0.9661
cg05294276,0.9264,0.9136,0.9141,0.9118,0.9268,0.9182,0.9738,0.9615,0.9645
cg16334004,0.9771,0.9792,0.9737,0.9735,0.9724,0.975,0.9893,0.9827,0.9737
cg24372485,0.9788,0.9794,0.9704,0.9056,0.9764,0.9729,0.9874,0.972,0.97
cg13114125,0.975,0.9302,0.9729,0.9746,0.9743,0.9745,0.9831,0.9822,0.9846
cg12149986,0.9653,0.9599,0.8575,0.956,0.9149,0.948,0.9882,0.9858,0.9897
cg09582314,0.9858,0.9816,0.9782,0.9823,0.9785,0.9852,0.9921,0.979,0.9477
cg03679715,0.8172,0.8054,0.809,0.8164,0.8209,0.8214,0.8243,0.7696,0.7947
cg18326819,0.9569,0.9544,0.9342,0.949,0.9406,0.9459,0.9705,0.9765,0.9688
cg20699463,0.979,0.9838,0.9791,0.9745,0.979,0.9773,0.985,0.9857,0.9823
cg26807107,0.9661,0.9614,0.9594,0.9607,0.9536,0.9646,0.9748,0.9762,0.9545
cg05186188,0.8534,0.8386,0.8318,0.8337,0.8396,0.8372,0.9013,0.8303,0.872
cg27309229,0.9712,0.9718,0.9638,0.9636,0.9722,0.9703,0.9811,0.977,0.9643
cg22548831,0.9696,0.9685,0.9631,0.964,0.963,0.9676,0.9809,0.9818,0.9291
cg03117053,0.9848,0.9789,0.9739,0.978,0.9763,0.9796,0.9918,0.9783,0.9141
cg09499844,0.9496,0.9505,0.9456,0.948,0.9581,0.9418,0.9722,0.9664,0.9691
cg02719427,0.9765,0.9753,0.9685,0.9685,0.9645,0.976,0.9773,0.9749,0.9761
cg26913576,0.7929,0.7835,0.751,0.7758,0.783,0.757,0.8837,0.8146,0.8808
cg09503234,0.9628,0.9644,0.9499,0.9552,0.942,0.9609,0.9764,0.9683,0.9586
cg23508264,0.9453,0.9384,0.9454,0.9407,0.9529,0.9427,0.9878,0.9786,0.9725
cg05012672,0.9548,0.9518,0.9527,0.9462,0.9541,0.9305,0.972,0.939,0.9653
cg25732961,0.9836,0.9812,0.9801,0.9792,0.9822,0.9798,0.9392,0.9557,0.9857
cg20585358,0.9712,0.9646,0.9781,0.9801,0.9823,0.9739,0.9813,0.9736,0.9668
cg15679219,0.8545,0.8632,0.8472,0.8372,0.8636,0.8502,0.9072,0.8571,0.849
cg08478121,0.9648,0.9644,0.959,0.9478,0.9674,0.9633,0.9831,0.9701,0.9854
cg06582663,0.9698,0.9612,0.9567,0.9604,0.9613,0.9627,0.9809,0.9819,0.9886
cg26134646,0.9805,0.9794,0.9767,0.9806,0.9776,0.9807,0.9873,0.9774,0.9847
cg09414987,0.9846,0.9838,0.982,0.9848,0.9842,0.9842,0.9919,0.979,0.9828
cg08056755,0.9685,0.9615,0.9572,0.9507,0.9598,0.9613,0.9672,0.9778,0.9756
cg19791043,0.8106,0.8187,0.7663,0.7122,0.7414,0.8026,0.8624,0.7509,0.8131
cg27324804,0.9694,0.9585,0.9636,0.9679,0.9678,0.9651,0.9723,0.9802,0.9849
cg06569421,0.9125,0.8914,0.9025,0.9058,0.9138,0.9088,0.9373,0.8827,0.9204
cg11946583,0.9183,0.9314,0.9307,0.927,0.9332,0.8986,0.9308,0.9343,0.9506
cg05305413,0.9305,0.9359,0.9206,0.9213,0.9262,0.9305,0.94,0.9576,0.977
cg15629893,0.8307,0.8268,0.8056,0.7959,0.7862,0.8181,0.8399,0.8312,0.776
cg00203347,0.9724,0.9806,0.9694,0.9648,0.9697,0.9496,0.9849,0.9905,0.9841
cg03863756,0.9605,0.9492,0.9183,0.9378,0.926,0.9514,0.9779,0.9724,0.9282
cg26962002,0.9757,0.9698,0.9664,0.9659,0.9697,0.9669,0.9796,0.9587,0.9786
cg02936752,0.963,0.9599,0.9533,0.9554,0.9621,0.9554,0.9596,0.9486,0.9816
cg20631628,0.9583,0.9482,0.949,0.9518,0.9566,0.9537,0.9742,0.966,0.9747
cg24292487,0.8996,0.9037,0.8891,0.893,0.887,0.8931,0.9169,0.8541,0.9114
cg08468187,0.8897,0.889,0.8703,0.8869,0.8903,0.8756,0.9176,0.8035,0.89
cg06168166,0.9272,0.9389,0.9348,0.9219,0.936,0.8939,0.9414,0.8882,0.8987
cg10354134,0.9545,0.963,0.9565,0.9494,0.9544,0.9368,0.9778,0.9626,0.9724
cg27594095,0.9696,0.9672,0.9658,0.9639,0.9561,0.9618,0.9844,0.9597,0.9675
cg12667031,0.9713,0.9664,0.9109,0.9371,0.9041,0.9644,0.985,0.9653,0.9814
cg27219874,0.8595,0.8622,0.8676,0.8633,0.8784,0.8519,0.9139,0.8749,0.8839
cg04788956,0.9606,0.9615,0.9637,0.96,0.962,0.9592,0.9761,0.9756,0.9834
cg00318436,0.8294,0.8446,0.8158,0.8374,0.8209,0.8172,0.8147,0.6948,0.7841
cg05757474,0.9386,0.9324,0.9194,0.9212,0.9214,0.9269,0.9236,0.9646,0.9513
cg18749563,0.9693,0.9708,0.9625,0.9644,0.9688,0.9661,0.9797,0.8306,0.9782
cg07737063,0.9614,0.9585,0.947,0.9548,0.9549,0.9532,0.9802,0.9638,0.9661
cg05369268,0.9746,0.9688,0.9557,0.9645,0.9539,0.9653,0.9803,0.9785,0.9689
cg02579469,0.9647,0.9672,0.9624,0.9659,0.9675,0.9653,0.9768,0.9705,0.9599
cg24838949,0.9727,0.966,0.9737,0.9694,0.9599,0.973,0.9822,0.9764,0.9834
cg02688393,0.9695,0.9664,0.9659,0.9611,0.961,0.961,0.9785,0.9828,0.9659
cg14229207,0.9738,0.9646,0.9605,0.966,0.9669,0.9623,0.977,0.938,0.9712
cg11867552,0.8634,0.8576,0.8543,0.8532,0.8668,0.8613,0.8898,0.8692,0.8697
cg00228281,0.9172,0.9128,0.9134,0.9115,0.9204,0.9221,0.84,0.9415,0.9224
cg01270038,0.9756,0.9682,0.9727,0.9738,0.974,0.9751,0.9827,0.9829,0.9775
cg14905600,0.9468,0.9682,0.9705,0.9621,0.9696,0.9366,0.9793,0.977,0.978
cg24090529,0.9614,0.9273,0.9494,0.9528,0.96,0.9589,0.9711,0.9744,0.9828
cg23265009,0.877,0.8096,0.8678,0.8651,0.8758,0.8708,0.9312,0.8845,0.8798
cg19866325,0.9571,0.9582,0.9563,0.9578,0.958,0.9567,0.9736,0.9586,0.9489
cg12107530,0.9522,0.9602,0.9508,0.9522,0.9444,0.9624,0.8931,0.9345,0.9367
cg04030444,0.9045,0.9164,0.9118,0.8971,0.9257,0.8944,0.9772,0.9342,0.9508
cg27276079,0.9386,0.9364,0.9306,0.9312,0.9402,0.9306,0.966,0.9311,0.977
cg04489066,0.8399,0.8365,0.8257,0.8248,0.8292,0.8312,0.8844,0.6781,0.8707
cg00049868,0.9422,0.9444,0.9355,0.9303,0.9408,0.9269,0.9723,0.9052,0.9299
cg19246065,0.7425,0.7834,0.8067,0.7523,0.8191,0.7381,0.8535,0.6747,0.7822
cg25342872,0.9531,0.9558,0.9503,0.9558,0.9577,0.9371,0.9493,0.9631,0.9773
cg20458433,0.9727,0.9382,0.9106,0.943,0.9021,0.9652,0.98,0.9585,0.9439
cg05242494,0.9525,0.9567,0.9445,0.9435,0.9563,0.95,0.9427,0.9398,0.9357
cg14570652,0.975,0.9716,0.9681,0.9651,0.9719,0.9713,0.9848,0.9706,0.9852
cg19372975,0.9622,0.9652,0.9594,0.961,0.9696,0.954,0.9752,0.8239,0.8939
cg02201132,0.8808,0.8997,0.8989,0.901,0.9027,0.8407,0.8961,0.7312,0.7894
cg20333001,0.879,0.8845,0.8748,0.886,0.89,0.8595,0.9037,0.8311,0.8428
cg24902995,0.9866,0.982,0.9798,0.7781,0.9831,0.971,0.9888,0.9907,0.9886
cg09800974,0.9686,0.9729,0.9709,0.9676,0.9698,0.9718,0.982,0.9732,0.9749
cg13398440,0.8147,0.8506,0.8294,0.8401,0.851,0.8337,0.8729,0.8297,0.834
cg07397481,0.9482,0.9513,0.9397,0.9506,0.9474,0.9504,0.9706,0.9586,0.9586
cg07124126,0.9766,0.9733,0.9697,0.974,0.9742,0.9712,0.9898,0.9764,0.9719
cg17019070,0.9782,0.9676,0.9658,0.9715,0.9727,0.9717,0.9905,0.9798,0.9866
cg22672282,0.9688,0.961,0.9506,0.9592,0.946,0.9657,0.9759,0.9625,0.9054
cg04834608,0.9265,0.923,0.9189,0.9201,0.9293,0.9125,0.9712,0.9446,0.9531
cg13071306,0.9792,0.9833,0.9755,0.97,0.9779,0.9674,0.9762,0.9742,0.9827
cg06875598,0.9655,0.9688,0.9603,0.9598,0.9645,0.9581,0.9839,0.9406,0.9327
cg13766520,0.8707,0.8916,0.8629,0.8451,0.8776,0.8642,0.9091,0.8495,0.8317
cg01119718,0.9695,0.9656,0.963,0.967,0.9654,0.9645,0.9624,0.969,0.9672
cg16041156,0.8971,0.8917,0.8837,0.8897,0.8839,0.8807,0.9175,0.8273,0.8325
cg24309040,0.978,0.9762,0.9775,0.9764,0.9759,0.9755,0.9858,0.9696,0.9023
cg05979433,0.9774,0.9784,0.9724,0.9718,0.9759,0.974,0.986,0.9675,0.7979
cg27650540,0.8936,0.8928,0.8804,0.8976,0.8925,0.8611,0.9245,0.8143,0.8105
cg01191815,0.9777,0.9761,0.9728,0.972,0.975,0.9749,0.9827,0.9793,0.9683
cg03289548,0.9716,0.9713,0.9668,0.9711,0.9718,0.9675,0.9865,0.9788,0.9843
cg12829687,0.9838,0.9831,0.9839,0.9851,0.9844,0.9829,0.9907,0.9889,0.9872
cg03460534,0.9518,0.9496,0.9524,0.9508,0.9475,0.9412,0.9679,0.6843,0.7077
cg09705456,0.9867,0.987,0.986,0.9858,0.9858,0.9863,0.9939,0.9878,0.9642
cg27456707,0.9792,0.9795,0.9765,0.9764,0.9789,0.9773,0.9885,0.902,0.8226
cg03289548,0.9716,0.9713,0.9668,0.9711,0.9718,0.9675,0.9865,0.9788,0.9843
cg12829687,0.9838,0.9831,0.9839,0.9851,0.9844,0.9829,0.9907,0.9889,0.9872
cg01795199,0.9611,0.9502,0.9515,0.9562,0.9539,0.9532,0.9874,0.9807,0.9882
cg09807446,0.9722,0.9715,0.9664,0.9676,0.969,0.963,0.9906,0.9343,0.9647
cg24309040,0.978,0.9762,0.9775,0.9764,0.9759,0.9755,0.9858,0.9696,0.9023
cg05979433,0.9774,0.9784,0.9724,0.9718,0.9759,0.974,0.986,0.9675,0.7979
cg27650540,0.8936,0.8928,0.8804,0.8976,0.8925,0.8611,0.9245,0.8143,0.8105
cg22191277,0.9704,0.9736,0.9729,0.9716,0.973,0.972,0.9835,0.9774,0.9741
cg24408776,0.9824,0.9816,0.9719,0.9666,0.9738,0.976,0.9903,0.9813,0.9918
cg05803596,0.8916,0.8656,0.8597,0.857,0.8637,0.8818,0.9245,0.8948,0.916
cg06403317,0.9437,0.9437,0.9346,0.9432,0.9478,0.9362,0.9278,0.9536,0.9694
cg07591090,0.9193,0.9204,0.9183,0.9151,0.9256,0.9176,0.9232,0.9293,0.9291
cg21905990,0.9766,0.9706,0.9719,0.9714,0.9727,0.9739,0.9885,0.9865,0.9789
cg06403317,0.9437,0.9437,0.9346,0.9432,0.9478,0.9362,0.9278,0.9536,0.9694
cg07591090,0.9193,0.9204,0.9183,0.9151,0.9256,0.9176,0.9232,0.9293,0.9291
cg12997579,0.9628,0.9115,0.9622,0.9629,0.9651,0.9676,0.9778,0.8221,0.9701
cg10019392,0.9467,0.9325,0.9448,0.9411,0.9447,0.9423,0.9312,0.9415,0.9381
cg05184882,0.9373,0.949,0.9452,0.94,0.9476,0.9356,0.9353,0.9474,0.9574
cg13441142,0.9468,0.9408,0.9299,0.9392,0.9349,0.9393,0.9681,0.7938,0.8938
cg02541125,0.9422,0.9398,0.9074,0.9339,0.9444,0.941,0.9403,0.9242,0.9576
cg06366833,0.9408,0.9512,0.9443,0.9488,0.9505,0.9413,0.9471,0.9319,0.9483
cg20249882,0.9168,0.9171,0.923,0.9169,0.9179,0.9205,0.8615,0.9001,0.921
cg08216584,0.8858,0.9111,0.9016,0.9044,0.9125,0.8343,0.9263,0.8848,0.9261
cg20253172,0.9756,0.9698,0.9669,0.9678,0.9704,0.9666,0.9895,0.9837,0.9697
cg04127867,0.9624,0.9555,0.953,0.9588,0.9479,0.955,0.9669,0.878,0.9016
cg12557626,0.9581,0.9491,0.9464,0.9488,0.9465,0.9566,0.9399,0.9599,0.9759
cg10870587,0.9248,0.9162,0.9085,0.9018,0.9104,0.9063,0.9659,0.9183,0.9526
cg01699430,0.9627,0.9511,0.9553,0.9534,0.9577,0.9553,0.9747,0.8424,0.9343
cg17304276,0.8889,0.8297,0.8122,0.824,0.7825,0.8729,0.9029,0.576,0.5796
cg06139099,0.9335,0.9298,0.9326,0.9288,0.9298,0.932,0.9178,0.8972,0.7975
cg00458454,0.9708,0.9691,0.9688,0.9662,0.966,0.9663,0.9877,0.9703,0.8751
cg09800974,0.9686,0.9729,0.9709,0.9676,0.9698,0.9718,0.982,0.9732,0.9749
cg13398440,0.8147,0.8506,0.8294,0.8401,0.851,0.8337,0.8729,0.8297,0.834
cg20099968,0.9157,0.919,0.9121,0.9132,0.9167,0.9117,0.9336,0.8987,0.9054
cg27240402,0.9118,0.9068,0.8973,0.9062,0.9146,0.9024,0.918,0.8882,0.9159
cg01196123,0.9107,0.9139,0.9198,0.9162,0.9142,0.9105,0.8948,0.9094,0.8876
cg21569714,0.9136,0.9254,0.9124,0.9047,0.9333,0.8842,0.9638,0.8918,0.9373
cg25439758,0.9536,0.9562,0.9486,0.9514,0.9541,0.9396,0.9834,0.9489,0.9656
cg21245492,0.9438,0.9494,0.9424,0.9361,0.9436,0.9439,0.8986,0.9264,0.9544
cg02329386,0.9174,0.9218,0.9156,0.9211,0.9223,0.9178,0.9022,0.9124,0.6494
cg00487989,0.9636,0.9643,0.9659,0.965,0.9696,0.9676,0.9662,0.9571,0.8753
cg14687118,0.9406,0.9411,0.938,0.9438,0.9474,0.9458,0.8112,0.9345,0.9426
cg02208891,0.9321,0.923,0.919,0.9259,0.9254,0.9288,0.9189,0.8878,0.9384
cg24789587,0.9576,0.9525,0.9525,0.9564,0.9572,0.9487,0.9893,0.9436,0.985
cg13517866,0.9438,0.9564,0.954,0.9501,0.951,0.9449,0.8998,0.9437,0.9328
cg24652281,0.8248,0.8388,0.8159,0.8013,0.8342,0.772,0.8701,0.8205,0.8349
cg26912251,0.6646,0.5582,0.5373,0.6567,0.5141,0.6577,0.789,0.6249,0.6333
cg25544164,0.9804,0.974,0.9774,0.977,0.9793,0.9736,0.9854,0.9679,0.9487
cg13361749,0.8033,0.7942,0.7688,0.7911,0.7814,0.7748,0.8542,0.8154,0.8223
cg10196001,0.9126,0.9177,0.9148,0.9114,0.92,0.9039,0.8437,0.9473,0.9463
cg13441142,0.9468,0.9408,0.9299,0.9392,0.9349,0.9393,0.9681,0.7938,0.8938
cg02541125,0.9422,0.9398,0.9074,0.9339,0.9444,0.941,0.9403,0.9242,0.9576
cg00820740,0.9233,0.9173,0.9143,0.9114,0.9173,0.896,0.8899,0.8314,0.9357
cg04742135,0.9716,0.9652,0.9627,0.9634,0.9662,0.962,0.9767,0.84,0.9736
cg02350535,0.8638,0.8595,0.837,0.8573,0.8393,0.8466,0.8737,0.7623,0.8201
cg15934634,0.9486,0.9727,0.9732,0.9672,0.9722,0.9711,0.9747,0.9699,0.9385
cg03108697,0.9136,0.9026,0.9098,0.9098,0.9111,0.9158,0.8843,0.9227,0.9397
cg15982595,0.8916,0.8683,0.8342,0.8758,0.8754,0.8872,0.9117,0.8637,0.909
cg16887420,0.8766,0.8832,0.8863,0.8882,0.8984,0.8805,0.902,0.8825,0.8989
cg03202545,0.9319,0.9251,0.9238,0.9275,0.9286,0.9257,0.9195,0.871,0.9301
cg10628201,0.9772,0.9737,0.9722,0.9745,0.9726,0.9728,0.9779,0.9352,0.9849
cg07178278,0.9648,0.9665,0.9686,0.964,0.9722,0.9634,0.9845,0.9584,0.9593
cg27637873,0.9075,0.8988,0.9016,0.9124,0.9069,0.9055,0.8572,0.9038,0.9333
cg15010213,0.9588,0.9555,0.9446,0.9563,0.9497,0.956,0.9833,0.9661,0.911
cg16226106,0.8995,0.8932,0.8743,0.8884,0.8776,0.8864,0.9188,0.8724,0.8199
cg24925907,0.8855,0.8935,0.8711,0.8748,0.8925,0.8836,0.9279,0.8526,0.9076
cg18465245,0.8949,0.8863,0.8894,0.8785,0.8902,0.8876,0.8792,0.8808,0.919
cg00788354,0.8591,0.8574,0.8421,0.8518,0.8432,0.8416,0.8103,0.8989,0.9092
cg02070077,0.9101,0.9145,0.9027,0.9032,0.9126,0.896,0.9256,0.9129,0.9181
cg19706803,0.9616,0.9568,0.9538,0.9565,0.9586,0.9608,0.971,0.8298,0.9221
cg22677475,0.9656,0.9631,0.955,0.9676,0.963,0.9648,0.9825,0.9532,0.9794
cg00759707,0.9066,0.9061,0.9122,0.9129,0.9152,0.9066,0.8142,0.9233,0.8829
cg06721601,0.962,0.9669,0.9616,0.9591,0.9592,0.9495,0.9751,0.9418,0.8392
cg06651505,0.9287,0.9285,0.9036,0.9031,0.916,0.8918,0.976,0.9206,0.9366
cg16245111,0.8971,0.8885,0.8893,0.8796,0.8868,0.8829,0.8244,0.8878,0.9156
cg07054904,0.8972,0.8917,0.8831,0.8816,0.8926,0.8731,0.9306,0.8217,0.928
cg09168939,0.9145,0.9168,0.91,0.8988,0.909,0.9014,0.9237,0.9378,0.9261
cg10643493,0.9644,0.9492,0.9547,0.957,0.9542,0.9559,0.975,0.8647,0.8323
cg01211852,0.9172,0.8916,0.8898,0.9073,0.8992,0.9054,0.9613,0.8121,0.7296
cg12839363,0.894,0.8712,0.8779,0.8752,0.8815,0.8749,0.9242,0.8944,0.9113
cg20680669,0.9246,0.9256,0.9209,0.922,0.9133,0.9179,0.9489,0.9153,0.9293
cg01510696,0.9642,0.9595,0.963,0.9631,0.9622,0.9658,0.9719,0.9487,0.8861
cg14687118,0.9406,0.9411,0.938,0.9438,0.9474,0.9458,0.8112,0.9345,0.9426
cg02208891,0.9321,0.923,0.919,0.9259,0.9254,0.9288,0.9189,0.8878,0.9384
cg20219100,0.8588,0.8601,0.8376,0.8527,0.8467,0.8526,0.8895,0.8748,0.871
cg12573253,0.9007,0.8952,0.898,0.9088,0.9041,0.8961,0.92,0.8826,0.8968
cg02769865,0.9379,0.9347,0.9336,0.9344,0.9349,0.9259,0.9461,0.9153,0.9346
cg02377021,0.9229,0.918,0.9206,0.9214,0.9222,0.9109,0.9223,0.9179,0.8286
cg22469020,0.9114,0.9046,0.8955,0.8959,0.8974,0.8867,0.8983,0.7735,0.9144
cg21077049,0.9424,0.9454,0.943,0.948,0.9516,0.94,0.8676,0.8713,0.9153
cg08845329,0.9608,0.9595,0.9554,0.9566,0.9618,0.9571,0.9825,0.9545,0.9212
cg19960891,0.909,0.926,0.9189,0.8979,0.9276,0.9061,0.9269,0.896,0.8863
cg27318481,0.899,0.8984,0.8958,0.897,0.8971,0.8944,0.8656,0.8535,0.9188
cg16693870,0.916,0.9117,0.9164,0.9141,0.9257,0.8806,0.9362,0.891,0.8792
cg14245202,0.9534,0.9656,0.9615,0.962,0.9611,0.9259,0.9772,0.9244,0.9438
cg16245111,0.8971,0.8885,0.8893,0.8796,0.8868,0.8829,0.8244,0.8878,0.9156
cg07054904,0.8972,0.8917,0.8831,0.8816,0.8926,0.8731,0.9306,0.8217,0.928
cg27351816,0.9114,0.9147,0.909,0.8974,0.9099,0.9063,0.9444,0.7221,0.8623
cg14940444,0.9274,0.9282,0.9286,0.9272,0.9343,0.8528,0.9276,0.9285,0.9313
cg08401628,0.9628,0.8626,0.6799,0.9459,0.8488,0.9376,0.98,0.9715,0.9307
cg24232092,0.9369,0.9183,0.9112,0.9147,0.9149,0.923,0.9494,0.9113,0.948
cg24838839,0.8997,0.8892,0.8662,0.8886,0.8597,0.8911,0.926,0.9078,0.9039
cg07791585,0.9023,0.8961,0.9072,0.8927,0.9002,0.9034,0.8978,0.77,0.9083
cg22506453,0.8938,0.8591,0.8321,0.8678,0.823,0.8752,0.8763,0.879,0.9001
cg09088193,0.926,0.9259,0.9201,0.9232,0.9246,0.9283,0.9029,0.9193,0.9463
cg05711023,0.9166,0.9121,0.9118,0.9156,0.9138,0.9138,0.7897,0.8781,0.8946
cg03762760,0.9477,0.9386,0.93,0.9357,0.9368,0.9431,0.9685,0.939,0.9629
cg22973172,0.8925,0.8901,0.8892,0.894,0.9001,0.8835,0.9245,0.8306,0.8603
cg23760603,0.8776,0.8714,0.8295,0.8913,0.8826,0.8627,0.8783,0.8839,0.911
cg18810983,0.8952,0.9125,0.8929,0.8967,0.8945,0.8977,0.7955,0.9099,0.9099
cg07521193,0.8425,0.9005,0.8807,0.8345,0.8921,0.8115,0.9289,0.9267,0.9047
cg27442676,0.9085,0.906,0.8969,0.6308,0.8932,0.8925,0.9262,0.7983,0.8361
cg26749361,0.9088,0.9087,0.9033,0.9101,0.9171,0.9049,0.8957,0.9263,0.8822
cg22073332,0.8958,0.8563,0.8591,0.8868,0.8998,0.8829,0.9394,0.6992,0.8604
cg08474603,0.9056,0.9122,0.8987,0.9034,0.9118,0.9041,0.9228,0.8984,0.8663
cg01903185,0.9657,0.9489,0.9621,0.9577,0.9605,0.9599,0.9705,0.9668,0.9332
cg24500398,0.8899,0.8865,0.8864,0.876,0.9052,0.8771,0.8752,0.8793,0.9192
cg15562022,0.8965,0.9072,0.8726,0.8835,0.8898,0.8944,0.8848,0.79,0.9134
cg13824319,0.8982,0.8995,0.8991,0.9056,0.9044,0.8836,0.9042,0.8613,0.7614
cg14865284,0.915,0.9157,0.9121,0.9085,0.9164,0.9072,0.9136,0.9157,0.9183
cg13934830,0.9772,0.979,0.9774,0.9798,0.9804,0.9783,0.9878,0.9407,0.9866
cg19443023,0.9844,0.9799,0.9811,0.9808,0.9828,0.9809,0.9912,0.9629,0.9828
cg15796818,0.9752,0.9772,0.9773,0.9731,0.9787,0.9764,0.9803,0.9758,0.972
cg07608848,0.9633,0.9703,0.9652,0.9614,0.9647,0.9614,0.986,0.9677,0.9672
cg00812580,0.9464,0.9273,0.943,0.9366,0.9537,0.945,0.9748,0.9731,0.9757
cg19120251,0.9671,0.9724,0.9705,0.9684,0.9673,0.9643,0.9874,0.9842,0.9795
cg23843484,0.9678,0.9653,0.9659,0.9648,0.967,0.9622,0.9827,0.7757,0.9183
cg21643916,0.974,0.973,0.9714,0.9698,0.9748,0.9722,0.9819,0.9656,0.9778
cg08513622,0.98,0.9759,0.9766,0.9775,0.9784,0.9786,0.9703,0.9247,0.9259
cg06624731,0.9188,0.9098,0.9063,0.907,0.9182,0.9016,0.9712,0.9471,0.9663
cg05540639,0.9653,0.9579,0.9443,0.9437,0.9341,0.9613,0.9809,0.7385,0.9397
cg01881136,0.9684,0.9705,0.964,0.9634,0.9697,0.9636,0.9812,0.9804,0.9831
cg00432497,0.9058,0.884,0.8846,0.8823,0.8992,0.8798,0.9713,0.9602,0.9687
cg00386984,0.9763,0.973,0.9733,0.9733,0.9742,0.9762,0.9869,0.8493,0.9581
cg06912227,0.9794,0.9745,0.9742,0.9795,0.9768,0.9768,0.9892,0.7278,0.9518
cg21036096,0.9581,0.9626,0.956,0.957,0.9595,0.9512,0.9801,0.976,0.9007
cg20293609,0.9821,0.9824,0.9819,0.9796,0.983,0.9805,0.9836,0.938,0.9046
cg17499345,0.7917,0.7886,0.7776,0.7722,0.7856,0.7651,0.8628,0.7962,0.7713
cg15796818,0.9752,0.9772,0.9773,0.9731,0.9787,0.9764,0.9803,0.9758,0.972
cg07608848,0.9633,0.9703,0.9652,0.9614,0.9647,0.9614,0.986,0.9677,0.9672
cg08408433,0.974,0.9766,0.96,0.9738,0.9762,0.9703,0.9865,0.9818,0.976
cg04057485,0.8958,0.9018,0.8873,0.8912,0.9012,0.882,0.9038,0.8842,0.8865
cg14907788,0.766,0.8314,0.8331,0.8125,0.8576,0.7452,0.8684,0.57,0.7854
cg08172637,0.9572,0.9555,0.9517,0.9552,0.9564,0.9462,0.981,0.9163,0.9553
cg13068653,0.9789,0.9779,0.977,0.9762,0.9783,0.9776,0.9775,0.9456,0.8867
cg10577713,0.9437,0.9414,0.9382,0.9361,0.9406,0.9311,0.9735,0.8287,0.9379
cg16270079,0.9615,0.9604,0.9532,0.9562,0.9618,0.9564,0.9799,0.9694,0.9803
cg27112062,0.9445,0.9511,0.9501,0.9451,0.9436,0.9414,0.9409,0.9549,0.9392
cg24464101,0.9456,0.9419,0.944,0.943,0.9483,0.9389,0.9467,0.945,0.958
cg21953508,0.9484,0.9511,0.9452,0.9488,0.9502,0.946,0.9662,0.9323,0.965
cg20499506,0.9721,0.9724,0.9723,0.9729,0.9662,0.9731,0.9782,0.9435,0.9552
cg11062387,0.8644,0.8592,0.8279,0.8339,0.7972,0.8368,0.9051,0.7169,0.7714
cg12956380,0.9654,0.9646,0.9609,0.9654,0.9684,0.9572,0.978,0.9761,0.9751
cg17531889,0.8824,0.8582,0.8371,0.8618,0.8438,0.8654,0.9173,0.8168,0.8533
cg26074411,0.9036,0.8951,0.8885,0.8986,0.8985,0.8823,0.9352,0.8944,0.9159
cg11659330,0.9754,0.9768,0.975,0.9718,0.9742,0.9704,0.9794,0.8693,0.9117
cg21555471,0.9808,0.9819,0.9789,0.9803,0.9815,0.9796,0.9895,0.6305,0.9636
cg22060817,0.947,0.9481,0.9435,0.9396,0.9441,0.9536,0.9792,0.9839,0.9777
cg04339692,0.9567,0.9578,0.9553,0.9538,0.9578,0.956,0.9456,0.8042,0.8995
cg26912592,0.9827,0.9818,0.9816,0.9826,0.9824,0.9817,0.9891,0.9149,0.9734
cg23559053,0.8362,0.8604,0.8337,0.8297,0.8629,0.7541,0.9016,0.693,0.7818
cg18945794,0.9698,0.9658,0.9686,0.969,0.9694,0.967,0.978,0.9692,0.9751
cg22051776,0.9561,0.9524,0.9516,0.9563,0.9594,0.9501,0.9764,0.8589,0.9564
cg11609668,0.9813,0.9825,0.9789,0.9806,0.9789,0.9784,0.9918,0.9531,0.9139
cg02824818,0.9678,0.9587,0.958,0.9529,0.9505,0.9638,0.9909,0.9214,0.9814
cg05390141,0.8664,0.8562,0.7843,0.8355,0.7878,0.8462,0.8918,0.8465,0.8745
cg08513622,0.98,0.9759,0.9766,0.9775,0.9784,0.9786,0.9703,0.9247,0.9259
cg06624731,0.9188,0.9098,0.9063,0.907,0.9182,0.9016,0.9712,0.9471,0.9663
cg13253210,0.9751,0.9759,0.9768,0.9736,0.9776,0.9734,0.9842,0.9094,0.9783
cg10246581,0.9712,0.9702,0.9707,0.9695,0.9686,0.9676,0.9844,0.6683,0.9791
cg05058103,0.9659,0.9776,0.9697,0.9724,0.9743,0.9548,0.978,0.864,0.964
cg01611679,0.6442,0.7605,0.7216,0.6633,0.7412,0.5872,0.6741,0.5187,0.6865
cg15145985,0.5876,0.7732,0.751,0.7333,0.7941,0.5054,0.7485,0.3735,0.653
cg16337457,0.9508,0.9834,0.9658,0.9789,0.9819,0.8713,0.991,0.7523,0.9548
cg19458233,0.9491,0.9495,0.9402,0.936,0.9431,0.9376,0.9669,0.9669,0.9201
cg20063963,0.9634,0.962,0.9474,0.9551,0.9402,0.9591,0.9499,0.9437,0.9577
cg01806442,0.9839,0.9803,0.978,0.9771,0.9785,0.9738,0.9909,0.9615,0.987
cg02384543,0.9782,0.977,0.9746,0.9706,0.9782,0.9643,0.9876,0.9865,0.9582
cg03781262,0.9039,0.91,0.9003,0.9004,0.908,0.8457,0.9374,0.76,0.7374
cg17802005,0.9589,0.9614,0.9581,0.9576,0.9602,0.9569,0.9739,0.9713,0.9561
cg23036308,0.9654,0.966,0.9699,0.9388,0.9684,0.9618,0.986,0.8649,0.9836
cg03344109,0.9667,0.9619,0.9589,0.9131,0.962,0.9635,0.9839,0.9683,0.9709
cg08486065,0.9591,0.9435,0.9428,0.945,0.9488,0.9438,0.9816,0.9151,0.9822
cg06018666,0.9736,0.9758,0.9743,0.8945,0.9751,0.9758,0.9721,0.98,0.9808
cg00427150,0.9566,0.957,0.9517,0.9518,0.9553,0.945,0.9408,0.8807,0.8284
cg20163085,0.9757,0.9732,0.9705,0.9704,0.9746,0.9708,0.9807,0.5721,0.9737
cg24464101,0.9456,0.9419,0.944,0.943,0.9483,0.9389,0.9467,0.945,0.958
cg21953508,0.9484,0.9511,0.9452,0.9488,0.9502,0.946,0.9662,0.9323,0.965
cg16514513,0.9316,0.9223,0.9078,0.9188,0.9142,0.9258,0.9665,0.7276,0.6779
cg11993636,0.9223,0.9176,0.8933,0.9102,0.9102,0.9182,0.9651,0.6443,0.734
cg25735490,0.9822,0.9792,0.9766,0.9806,0.9802,0.9786,0.9891,0.7867,0.7302
cg11615029,0.977,0.978,0.9747,0.9764,0.9782,0.9782,0.9859,0.794,0.7275
cg06655291,0.9356,0.9497,0.9319,0.9238,0.9403,0.9358,0.9756,0.5362,0.9713
cg18185116,0.9736,0.9747,0.9704,0.9702,0.9709,0.9683,0.984,0.841,0.9575
cg03169557,0.9818,0.9826,0.9826,0.9788,0.9844,0.7135,0.9899,0.799,0.9417
cg23022656,0.9686,0.9666,0.9665,0.9699,0.9654,0.9512,0.985,0.5512,0.9519
cg17341113,0.9646,0.9822,0.9633,0.9676,0.9421,0.925,0.9882,0.967,0.9552
cg18548199,0.9682,0.969,0.9659,0.9707,0.9677,0.9608,0.9788,0.9,0.9329
cg23098912,0.9814,0.9809,0.9804,0.9805,0.9761,0.9768,0.9904,0.965,0.9518
cg02288552,0.9532,0.9476,0.9465,0.9482,0.9499,0.9408,0.9406,0.9641,0.973
cg21129976,0.9568,0.966,0.9568,0.9422,0.9584,0.9446,0.9894,0.97,0.947
cg22644163,0.944,0.9523,0.9415,0.9363,0.9447,0.9437,0.98,0.9506,0.9309
cg12712747,0.9723,0.9732,0.9709,0.9718,0.9672,0.9662,0.9852,0.5901,0.9095
cg12778065,0.9488,0.9456,0.9455,0.9419,0.9499,0.9366,0.969,0.5445,0.9295
cg01348970,0.9254,0.9286,0.9274,0.9302,0.9284,0.9258,0.9236,0.6897,0.9094
cg04122657,0.9444,0.9428,0.9314,0.9488,0.9448,0.9375,0.9598,0.9219,0.9369
cg04695233,0.9371,0.947,0.9371,0.9379,0.9436,0.9271,0.9572,0.9371,0.95
cg01233786,0.9754,0.9646,0.9731,0.9765,0.9751,0.9751,0.9866,0.9733,0.9638
cg11840467,0.907,0.8781,0.8889,0.8892,0.8954,0.8945,0.9414,0.8564,0.84
cg03697509,0.9817,0.9795,0.9822,0.9815,0.9826,0.9814,0.9887,0.9201,0.9881
cg06421238,0.9791,0.9782,0.9751,0.9766,0.9785,0.9752,0.9886,0.9202,0.8922
cg18592195,0.9825,0.9814,0.9815,0.9789,0.9834,0.9799,0.9894,0.6177,0.9546
cg15495091,0.9723,0.9717,0.9693,0.9712,0.9688,0.9659,0.9743,0.7528,0.9218
cg17901038,0.9559,0.9565,0.9538,0.9515,0.9573,0.9555,0.9855,0.6169,0.9392
cg23085666,0.9367,0.9359,0.9398,0.9319,0.9365,0.9296,0.9664,0.9363,0.943
cg16514513,0.9316,0.9223,0.9078,0.9188,0.9142,0.9258,0.9665,0.7276,0.6779
cg11993636,0.9223,0.9176,0.8933,0.9102,0.9102,0.9182,0.9651,0.6443,0.734
cg25735490,0.9822,0.9792,0.9766,0.9806,0.9802,0.9786,0.9891,0.7867,0.7302
cg11615029,0.977,0.978,0.9747,0.9764,0.9782,0.9782,0.9859,0.794,0.7275
cg00439089,0.9052,0.8933,0.865,0.8939,0.8711,0.8983,0.919,0.538,0.5993
cg21496803,0.9778,0.9776,0.9771,0.9764,0.9777,0.9772,0.9902,0.5974,0.8558
cg25428929,0.9767,0.9757,0.9699,0.9742,0.9715,0.9742,0.9904,0.9418,0.9452
cg14201387,0.9476,0.9407,0.9414,0.9444,0.9476,0.9395,0.9292,0.9464,0.9543
cg14204600,0.738,0.8263,0.8274,0.7781,0.7996,0.7244,0.7713,0.5751,0.7646
cg04998671,0.9774,0.9777,0.9754,0.9739,0.979,0.9737,0.9883,0.9638,0.9236
cg18951582,0.9515,0.9548,0.9423,0.9481,0.948,0.9492,0.9798,0.9363,0.9526
cg25930662,0.929,0.9303,0.9327,0.9346,0.9383,0.9335,0.9619,0.4826,0.9382
cg08362144,0.9702,0.9729,0.969,0.9677,0.9687,0.956,0.9812,0.8729,0.9678
cg00004806,0.8617,0.862,0.8468,0.8523,0.8353,0.8224,0.9238,0.619,0.788
cg14247862,0.9725,0.9754,0.9752,0.9732,0.9761,0.9672,0.9851,0.7778,0.9552
cg16282339,0.972,0.9738,0.9706,0.97,0.9696,0.9698,0.9729,0.9687,0.9778
cg10294853,0.887,0.8883,0.8884,0.8833,0.8932,0.8774,0.9266,0.5309,0.8394
cg05715751,0.9586,0.9553,0.9506,0.9536,0.9573,0.9576,0.9837,0.6886,0.9282
cg00575769,0.9625,0.9622,0.9567,0.9548,0.9614,0.9568,0.9736,0.807,0.9699
cg04248461,0.89,0.8964,0.8915,0.8875,0.9018,0.8797,0.9161,0.8974,0.9305
cg05643613,0.9516,0.9631,0.9615,0.9629,0.9639,0.9508,0.8983,0.261,0.9316
cg13754915,0.9573,0.9667,0.962,0.9605,0.9642,0.919,0.9723,0.893,0.9748
cg09409126,0.9608,0.9621,0.9614,0.96,0.9627,0.9575,0.9769,0.8537,0.9283
cg24530527,0.9772,0.9808,0.9788,0.9744,0.9795,0.9713,0.9906,0.5972,0.9331
cg05285352,0.9567,0.9119,0.9616,0.9637,0.9663,0.9648,0.9825,0.9533,0.9376
cg22621686,0.9654,0.9679,0.9585,0.9637,0.9668,0.9603,0.9807,0.529,0.8584
cg23049737,0.9553,0.9539,0.957,0.9602,0.9594,0.9603,0.8907,0.3675,0.8147
cg07241170,0.9614,0.9588,0.9546,0.9446,0.9593,0.9593,0.9679,0.6471,0.9581
cg13995193,0.9829,0.9794,0.98,0.9808,0.9822,0.9784,0.9927,0.8768,0.9297
cg08635723,0.9278,0.9256,0.9272,0.9281,0.9218,0.9327,0.9292,0.89,0.9077
cg11883737,0.9776,0.975,0.9744,0.9766,0.9762,0.9761,0.9874,0.5705,0.8242
cg21917524,0.8774,0.877,0.8779,0.8792,0.8817,0.8688,0.91,0.1948,0.8789
cg15002761,0.9397,0.9563,0.9595,0.9488,0.9654,0.9282,0.979,0.8942,0.8859
cg11457534,0.7963,0.7866,0.8106,0.7987,0.8358,0.7862,0.8346,0.6001,0.6385
cg16314733,0.9509,0.9435,0.9395,0.9451,0.9461,0.9356,0.9714,0.883,0.8978
cg13525013,0.9149,0.9005,0.8921,0.8925,0.9025,0.898,0.9056,0.8676,0.8765
cg09597710,0.9824,0.9831,0.9825,0.9809,0.9823,0.9814,0.9882,0.9815,0.9827
cg18748888,0.9694,0.9687,0.9684,0.9662,0.9692,0.9658,0.9339,0.943,0.9753
cg20035319,0.9045,0.8963,0.9051,0.8856,0.892,0.8753,0.8025,0.8569,0.8843
cg09798202,0.9336,0.9243,0.8725,0.8974,0.8492,0.9144,0.9733,0.7777,0.9612
cg27309282,0.9801,0.9745,0.9761,0.9748,0.9788,0.974,0.99,0.9862,0.9924
cg27196194,0.9794,0.9811,0.9787,0.9783,0.98,0.9784,0.9933,0.9898,0.9877
cg07536914,0.9718,0.9749,0.9712,0.968,0.9725,0.9736,0.9829,0.9772,0.9796
cg18771538,0.912,0.9092,0.8942,0.8925,0.9126,0.8861,0.9487,0.9322,0.9471
cg00240378,0.9679,0.966,0.9614,0.9674,0.9667,0.9662,0.9819,0.9798,0.9649
cg03448016,0.8151,0.8103,0.755,0.7826,0.7689,0.8042,0.8421,0.8185,0.7946
cg20927547,0.9672,0.9691,0.9716,0.9643,0.9691,0.9694,0.9573,0.9759,0.9741
cg00184032,0.9128,0.9105,0.9071,0.902,0.9217,0.9144,0.9221,0.9243,0.9162
cg19817118,0.9307,0.9186,0.9238,0.9201,0.926,0.9264,0.9155,0.9392,0.9261
cg10669449,0.959,0.9636,0.9578,0.9612,0.9582,0.9579,0.9787,0.9659,0.9754
cg21897676,0.9796,0.944,0.9701,0.9764,0.9719,0.9798,0.9867,0.9812,0.9826
cg01831771,0.9439,0.6753,0.8754,0.8778,0.8666,0.9443,0.9769,0.974,0.9622
cg10900049,0.9585,0.9532,0.953,0.956,0.9552,0.9555,0.9735,0.9792,0.9104
cg04224624,0.9798,0.9308,0.9795,0.9769,0.9768,0.9801,0.9868,0.9892,0.9873
cg17301053,0.8038,0.7997,0.8226,0.8226,0.82,0.83,0.7177,0.867,0.8411
cg23098912,0.9814,0.9809,0.9804,0.9805,0.9761,0.9768,0.9904,0.965,0.9518
cg13465645,0.9753,0.9762,0.9752,0.9779,0.9813,0.9776,0.9874,0.9829,0.9777
cg20449048,0.9773,0.9702,0.9661,0.9629,0.9733,0.9722,0.9805,0.9778,0.9735
cg01068102,0.9807,0.9832,0.982,0.9816,0.9847,0.982,0.9913,0.9909,0.9923
cg08707110,0.967,0.9651,0.9632,0.9613,0.9674,0.9626,0.9817,0.9746,0.9788
cg07243141,0.9548,0.96,0.9586,0.9538,0.9567,0.9494,0.9729,0.9638,0.9654
cg16233515,0.9454,0.9541,0.9486,0.9511,0.9486,0.9498,0.9659,0.9694,0.9654
cg13735557,0.982,0.9795,0.9792,0.9764,0.9828,0.9834,0.988,0.9837,0.9902
cg02520816,0.9767,0.9766,0.9776,0.9728,0.9759,0.9788,0.9905,0.9863,0.9875
cg07243141,0.9548,0.96,0.9586,0.9538,0.9567,0.9494,0.9729,0.9638,0.9654
cg16233515,0.9454,0.9541,0.9486,0.9511,0.9486,0.9498,0.9659,0.9694,0.9654
cg12606455,0.9695,0.9658,0.9628,0.9575,0.9693,0.9639,0.9772,0.9545,0.9817
cg15139063,0.9451,0.9542,0.9506,0.9482,0.9527,0.9451,0.9381,0.9006,0.953
cg08093959,0.9204,0.9207,0.9117,0.9066,0.9192,0.9156,0.9428,0.8517,0.9136
cg17677524,0.955,0.951,0.949,0.9506,0.9585,0.9428,0.9829,0.9681,0.9687
cg18092351,0.9564,0.9618,0.9586,0.9254,0.9655,0.9536,0.9686,0.9791,0.9623
cg10398761,0.9506,0.9472,0.9463,0.9437,0.947,0.9432,0.9803,0.9739,0.9778
cg24419520,0.9701,0.9711,0.9664,0.9666,0.9691,0.9617,0.9855,0.7842,0.9759
cg01149677,0.9769,0.9728,0.97,0.9718,0.9766,0.9724,0.9875,0.9839,0.9852
cg11069338,0.9545,0.9512,0.9341,0.9389,0.942,0.9347,0.9789,0.9615,0.9415
cg00851761,0.9616,0.9615,0.9593,0.958,0.9602,0.9576,0.9737,0.967,0.9413
cg23726178,0.9677,0.9546,0.9487,0.9642,0.9572,0.9666,0.9883,0.9752,0.9836
cg03529598,0.9687,0.9313,0.9373,0.963,0.9496,0.9594,0.9756,0.938,0.9765
cg26805905,0.7666,0.7447,0.7225,0.7619,0.7384,0.7389,0.8324,0.7457,0.7728
cg11523191,0.9611,0.8446,0.9631,0.9663,0.964,0.9654,0.9868,0.9819,0.9737
cg01378512,0.9722,0.9714,0.9712,0.9704,0.9728,0.97,0.9791,0.9786,0.9505
cg22483095,0.9831,0.9828,0.9804,0.9814,0.9819,0.9815,0.99,0.9793,0.9792
cg12947224,0.9417,0.9361,0.9389,0.9233,0.9394,0.9334,0.9722,0.9549,0.9699
cg17630294,0.9561,0.9595,0.9572,0.9549,0.9577,0.959,0.9766,0.9638,0.8948
cg23726178,0.9677,0.9546,0.9487,0.9642,0.9572,0.9666,0.9883,0.9752,0.9836
cg03529598,0.9687,0.9313,0.9373,0.963,0.9496,0.9594,0.9756,0.938,0.9765
cg19900387,0.9749,0.9716,0.9709,0.9704,0.9712,0.9715,0.9835,0.9753,0.9819
cg00284420,0.9828,0.9837,0.9812,0.9763,0.9816,0.9827,0.9878,0.9879,0.6371
cg03598366,0.9631,0.9696,0.9495,0.9517,0.9653,0.9668,0.9717,0.9777,0.9713
cg25052374,0.9608,0.9619,0.9592,0.9535,0.9619,0.963,0.9583,0.9707,0.9659
cg17838182,0.9737,0.9699,0.9717,0.9522,0.9718,0.9698,0.9788,0.9781,0.9807
cg18262591,0.9733,0.9733,0.971,0.9716,0.97,0.9735,0.9627,0.7407,0.9417
cg03855388,0.9698,0.9588,0.9707,0.9577,0.9686,0.963,0.9833,0.6868,0.9147
cg10744200,0.9513,0.9555,0.9498,0.9566,0.9494,0.9518,0.9617,0.9754,0.9413
cg05664039,0.9799,0.9804,0.9821,0.9775,0.9792,0.978,0.9888,0.9752,0.9878
cg09769113,0.9783,0.9776,0.9764,0.9756,0.9758,0.9733,0.9893,0.9499,0.9791
cg04045327,0.9813,0.9796,0.9786,0.9789,0.9816,0.9808,0.9904,0.9789,0.9839
cg24478966,0.9537,0.9495,0.947,0.9454,0.9566,0.9443,0.9766,0.8935,0.9575
cg00532451,0.9837,0.9846,0.9835,0.9833,0.9848,0.98,0.9925,0.9805,0.9239
cg27594157,0.9562,0.9404,0.9454,0.9479,0.95,0.9484,0.9788,0.9768,0.9285
cg21399040,0.9433,0.9448,0.9504,0.9385,0.9374,0.9346,0.9027,0.9608,0.9331
cg24820270,0.9482,0.9559,0.9516,0.9434,0.9517,0.9388,0.8953,0.9482,0.9566
cg01040779,0.8877,0.8917,0.8911,0.892,0.8993,0.8787,0.8051,0.875,0.9031
cg06421238,0.9791,0.9782,0.9751,0.9766,0.9785,0.9752,0.9886,0.9202,0.8922
cg17998346,0.9556,0.952,0.9492,0.9562,0.9563,0.9519,0.9731,0.9627,0.9297
cg08131059,0.9711,0.9704,0.9705,0.9708,0.9731,0.9718,0.9873,0.9654,0.9701
cg15706424,0.876,0.8671,0.878,0.8792,0.887,0.8672,0.8955,0.7757,0.7964
cg13494954,0.9746,0.9307,0.9706,0.97,0.9722,0.9727,0.9858,0.9831,0.9808
cg20033401,0.9677,0.9625,0.9592,0.9618,0.9655,0.9569,0.9802,0.968,0.9793
cg25352342,0.9401,0.9502,0.9445,0.9406,0.9443,0.9337,0.8978,0.9467,0.9546
cg01040779,0.8877,0.8917,0.8911,0.892,0.8993,0.8787,0.8051,0.875,0.9031
cg13454542,0.9111,0.9213,0.9192,0.9006,0.93,0.9,0.9051,0.9186,0.926
cg24833566,0.8634,0.8575,0.8502,0.8596,0.8566,0.8577,0.9086,0.8762,0.9
cg11464842,0.9397,0.9367,0.9349,0.93,0.94,0.9215,0.9417,0.9385,0.9431
cg07595134,0.9278,0.938,0.934,0.9235,0.9453,0.8996,0.9577,0.9513,0.9454
cg17132517,0.9637,0.9634,0.9608,0.9654,0.9618,0.9652,0.917,0.9344,0.9405
cg18049513,0.9447,0.9431,0.9436,0.937,0.9386,0.9262,0.9591,0.95,0.9452
cg27099880,0.9464,0.9402,0.9427,0.9482,0.9471,0.9341,0.9574,0.9789,0.7369
cg07889936,0.9404,0.9372,0.9384,0.9376,0.9394,0.9335,0.9488,0.9373,0.9384
cg21399040,0.9433,0.9448,0.9504,0.9385,0.9374,0.9346,0.9027,0.9608,0.9331
cg24820270,0.9482,0.9559,0.9516,0.9434,0.9517,0.9388,0.8953,0.9482,0.9566
cg01040779,0.8877,0.8917,0.8911,0.892,0.8993,0.8787,0.8051,0.875,0.9031
cg01219549,0.9362,0.8977,0.8923,0.8495,0.9428,0.9584,0.7544,0.9753,0.9885
cg08373573,0.9825,0.979,0.9818,0.9844,0.9838,0.9782,0.9854,0.8997,0.9113
cg17095315,0.9495,0.9468,0.9392,0.9356,0.9436,0.9454,0.9198,0.9094,0.9378
cg25648211,0.9758,0.9732,0.9744,0.975,0.9756,0.9717,0.9892,0.9731,0.9248
cg18262591,0.9733,0.9733,0.971,0.9716,0.97,0.9735,0.9627,0.7407,0.9417
cg03855388,0.9698,0.9588,0.9707,0.9577,0.9686,0.963,0.9833,0.6868,0.9147
cg20629021,0.8853,0.7335,0.882,0.7966,0.8853,0.8693,0.8919,0.6426,0.807
cg14040532,0.9686,0.9723,0.9672,0.9691,0.9692,0.9682,0.9763,0.9665,0.9704
cg23911097,0.9558,0.9498,0.9527,0.9484,0.9574,0.948,0.9678,0.9607,0.9746
cg12462916,0.9754,0.9744,0.9722,0.9738,0.9745,0.9717,0.9702,0.9743,0.6593
cg03664916,0.9717,0.97,0.9583,0.9706,0.9484,0.9714,0.9758,0.9779,0.8131
cg05655953,0.9513,0.9167,0.9162,0.9265,0.9212,0.9294,0.9648,0.9701,0.965
cg10538929,0.9629,0.9736,0.9664,0.9661,0.9663,0.9533,0.9789,0.9836,0.9818
cg10290200,0.9722,0.8056,0.9434,0.9725,0.9602,0.9721,0.9812,0.9728,0.9551
cg25052374,0.9608,0.9619,0.9592,0.9535,0.9619,0.963,0.9583,0.9707,0.9659
cg17838182,0.9737,0.9699,0.9717,0.9522,0.9718,0.9698,0.9788,0.9781,0.9807
cg20253920,0.9418,0.9426,0.9303,0.9314,0.9472,0.9235,0.973,0.9659,0.9579
cg26314765,0.9482,0.909,0.9303,0.9441,0.9429,0.9274,0.9776,0.9553,0.9771
cg12793924,0.9409,0.9453,0.9452,0.939,0.9445,0.9358,0.9624,0.9437,0.8978
cg27341866,0.9169,0.9303,0.9383,0.877,0.9338,0.869,0.9443,0.9404,0.8057
cg01221209,0.9569,0.9436,0.9406,0.9568,0.9545,0.9575,0.8552,0.9469,0.9252
cg26171489,0.9799,0.9761,0.9787,0.9751,0.9763,0.9775,0.9898,0.9872,0.9861
cg20927547,0.9672,0.9691,0.9716,0.9643,0.9691,0.9694,0.9573,0.9759,0.9741
cg19817118,0.9307,0.9186,0.9238,0.9201,0.926,0.9264,0.9155,0.9392,0.9261
cg27078600,0.9628,0.9699,0.9606,0.9632,0.964,0.9539,0.987,0.6232,0.9574
cg02865675,0.8531,0.8538,0.846,0.8442,0.8502,0.8417,0.877,0.4219,0.7118
cg12606455,0.9695,0.9658,0.9628,0.9575,0.9693,0.9639,0.9772,0.9545,0.9817
cg15139063,0.9451,0.9542,0.9506,0.9482,0.9527,0.9451,0.9381,0.9006,0.953
cg08093959,0.9204,0.9207,0.9117,0.9066,0.9192,0.9156,0.9428,0.8517,0.9136
cg00902147,0.9766,0.9735,0.9731,0.9719,0.9745,0.9774,0.9875,0.9823,0.9853
cg22687077,0.8651,0.8751,0.8613,0.8676,0.8662,0.8608,0.8751,0.8681,0.8717
cg08321048,0.9435,0.9506,0.95,0.9478,0.9492,0.95,0.9078,0.9487,0.9232
cg08162124,0.9722,0.752,0.9553,0.9569,0.9588,0.9732,0.968,0.967,0.9597
cg23660182,0.9282,0.928,0.922,0.9238,0.9312,0.9272,0.9421,0.9477,0.9265
cg05521198,0.9682,0.9446,0.9287,0.9522,0.9279,0.9566,0.9869,0.9627,0.9551
cg08399733,0.9433,0.9662,0.9627,0.9451,0.9657,0.8978,0.9799,0.9127,0.8875
cg11411884,0.9575,0.8721,0.9529,0.9539,0.9535,0.9616,0.9649,0.9548,0.9319
cg21150921,0.9411,0.9441,0.9388,0.9371,0.944,0.9425,0.9624,0.9396,0.9524
cg24844295,0.9531,0.9503,0.928,0.9244,0.9258,0.9471,0.9714,0.9543,0.9656
cg04286195,0.9664,0.9696,0.9686,0.9694,0.9692,0.9664,0.9818,0.9769,0.9725
cg06969933,0.8866,0.8746,0.8502,0.8844,0.8588,0.8608,0.9184,0.8243,0.8534
cg05762553,0.8844,0.8814,0.8764,0.884,0.8807,0.8751,0.9093,0.8758,0.8822
cg05364072,0.9742,0.9724,0.9701,0.9721,0.9758,0.9708,0.986,0.9813,0.988
cg19641266,0.93,0.9362,0.924,0.9341,0.9355,0.9319,0.9476,0.9196,0.9384
cg23366404,0.9568,0.9531,0.9498,0.9534,0.954,0.952,0.8937,0.9322,0.9278
cg20702802,0.9535,0.9509,0.9535,0.9333,0.9533,0.9456,0.962,0.9578,0.9564
cg19742686,0.7386,0.7909,0.793,0.5945,0.8181,0.7316,0.8157,0.8248,0.841
cg12739761,0.8778,0.8846,0.8732,0.811,0.891,0.8658,0.8788,0.8428,0.8873
cg07536914,0.9718,0.9749,0.9712,0.968,0.9725,0.9736,0.9829,0.9772,0.9796
cg18771538,0.912,0.9092,0.8942,0.8925,0.9126,0.8861,0.9487,0.9322,0.9471
cg05599155,0.9705,0.9743,0.9712,0.9681,0.9726,0.9718,0.9807,0.8619,0.8434
cg24096540,0.951,0.9606,0.9369,0.943,0.9414,0.9472,0.9595,0.9521,0.9678
cg14050824,0.9586,0.9309,0.9371,0.9287,0.9537,0.955,0.9308,0.9508,0.9719
cg12815916,0.9656,0.9688,0.9667,0.8735,0.9726,0.9603,0.9725,0.8519,0.9221
cg02971920,0.9224,0.923,0.924,0.9242,0.9218,0.9129,0.9526,0.7734,0.9351
cg26718707,0.9725,0.9713,0.9733,0.9736,0.9678,0.9702,0.9589,0.9636,0.9639
cg03043709,0.9694,0.9694,0.9666,0.9676,0.9687,0.9631,0.9869,0.9743,0.9794
cg08305371,0.9559,0.9639,0.962,0.9627,0.9608,0.9521,0.9732,0.9679,0.9709
cg02379684,0.9833,0.9833,0.9831,0.9828,0.9825,0.9818,0.9892,0.9869,0.9877
cg23939866,0.8601,0.8567,0.8554,0.8497,0.8612,0.8464,0.8696,0.8126,0.8424
cg16577707,0.8283,0.8286,0.8255,0.815,0.8274,0.8176,0.8492,0.7739,0.8361
cg00449344,0.9576,0.9623,0.9579,0.9567,0.9622,0.9526,0.9781,0.966,0.9626
cg06377362,0.9752,0.9718,0.9732,0.9724,0.9706,0.9741,0.9685,0.964,0.9531
cg01114405,0.9681,0.9659,0.9565,0.964,0.9715,0.9673,0.9847,0.9801,0.9808
cg07984614,0.9815,0.9796,0.9758,0.9785,0.9764,0.9761,0.9844,0.9305,0.9265
cg26725552,0.8112,0.8308,0.8176,0.7614,0.8116,0.7553,0.9054,0.7457,0.4543
cg02052242,0.9562,0.9682,0.9611,0.9596,0.9668,0.9557,0.9789,0.9786,0.9786
cg03043709,0.9694,0.9694,0.9666,0.9676,0.9687,0.9631,0.9869,0.9743,0.9794
cg08305371,0.9559,0.9639,0.962,0.9627,0.9608,0.9521,0.9732,0.9679,0.9709
cg00395291,0.972,0.9679,0.9698,0.973,0.9681,0.9677,0.9784,0.972,0.9769
cg18753341,0.9838,0.9789,0.9801,0.9797,0.9799,0.979,0.9895,0.9847,0.945
cg10553894,0.9559,0.9557,0.9481,0.9514,0.9531,0.9492,0.9755,0.9599,0.9664
cg06293719,0.9863,0.9833,0.9808,0.9837,0.9845,0.983,0.9897,0.9882,0.9858
cg00590639,0.9808,0.981,0.9793,0.9799,0.9785,0.9792,0.9922,0.947,0.9567
cg06965169,0.9592,0.9493,0.952,0.9482,0.945,0.947,0.9533,0.9463,0.9456
cg24771017,0.9597,0.9562,0.9496,0.9523,0.9529,0.9558,0.9717,0.95,0.9415
cg13592780,0.9759,0.9778,0.9661,0.9732,0.9694,0.9628,0.9873,0.9756,0.9557
cg14696064,0.8986,0.8919,0.8884,0.8932,0.8994,0.8868,0.9157,0.8783,0.8877
cg27215236,0.9773,0.9789,0.9774,0.9758,0.9772,0.9743,0.9873,0.9731,0.949
cg07815491,0.9006,0.903,0.8904,0.8897,0.9026,0.8862,0.905,0.8409,0.8783
cg23656906,0.8544,0.9108,0.9037,0.9045,0.9124,0.906,0.8418,0.842,0.8754
cg02296904,0.9505,0.9451,0.9384,0.9456,0.9535,0.9447,0.9811,0.9781,0.9924
cg17665357,0.969,0.9727,0.9651,0.9702,0.9694,0.9717,0.9625,0.9708,0.9703
cg06823965,0.9789,0.966,0.9734,0.9782,0.9766,0.9782,0.9911,0.9898,0.9668
cg18473978,0.9758,0.9766,0.9759,0.9759,0.9769,0.9653,0.9891,0.888,0.9843
cg04214520,0.8604,0.879,0.8648,0.8591,0.8709,0.8213,0.8822,0.8134,0.8684
cg18185178,0.9687,0.9706,0.9629,0.9656,0.9676,0.9668,0.9521,0.9548,0.934
cg01682157,0.8891,0.8916,0.9034,0.8945,0.9009,0.9046,0.8771,0.9159,0.8568
cg00136279,0.9765,0.9774,0.9737,0.9759,0.9756,0.9735,0.9611,0.9687,0.9744
cg04570540,0.9786,0.9778,0.9766,0.9768,0.9788,0.9752,0.9786,0.9866,0.9834
cg11170552,0.8877,0.8623,0.8633,0.8592,0.8873,0.8681,0.9577,0.9421,0.95
cg22653345,0.969,0.9746,0.97,0.9601,0.9717,0.9758,0.9839,0.9831,0.9564
cg20274267,0.9741,0.9686,0.9702,0.9742,0.9734,0.9706,0.9863,0.6211,0.8493
cg06912227,0.9794,0.9745,0.9742,0.9795,0.9768,0.9768,0.9892,0.7278,0.9518
cg16199907,0.9706,0.9719,0.9628,0.9699,0.9724,0.9657,0.9736,0.973,0.9815
cg11852646,0.974,0.9698,0.9699,0.9694,0.9703,0.9675,0.9809,0.9523,0.9873
cg17760049,0.9523,0.9572,0.9559,0.939,0.9506,0.9434,0.9789,0.9106,0.9765
cg19458233,0.9491,0.9495,0.9402,0.936,0.9431,0.9376,0.9669,0.9669,0.9201
cg21839504,0.9636,0.9644,0.9655,0.9638,0.9628,0.9602,0.9419,0.9085,0.7182
cg18195333,0.8915,0.8912,0.8838,0.883,0.8879,0.8849,0.8943,0.7849,0.6177
cg24062526,0.9781,0.9772,0.978,0.9788,0.9786,0.9767,0.9689,0.3856,0.9434
cg23637880,0.9635,0.9664,0.9624,0.9603,0.9616,0.963,0.9801,0.8484,0.9743
cg26282299,0.8978,0.8847,0.881,0.8867,0.873,0.8886,0.9325,0.8139,0.8906
cg13133827,0.8655,0.8638,0.8553,0.8686,0.8634,0.8537,0.8807,0.845,0.8706
cg00869989,0.9744,0.947,0.9712,0.9711,0.9728,0.9725,0.9827,0.9808,0.9834
cg11960435,0.9709,0.9722,0.9686,0.9627,0.9673,0.9672,0.9768,0.9769,0.9696
cg13817725,0.9667,0.9615,0.9681,0.9703,0.9719,0.9698,0.9796,0.9675,0.9761
cg15777335,0.9555,0.976,0.9726,0.9596,0.9754,0.9452,0.8475,0.9782,0.9816
cg22010909,0.9641,0.9608,0.9631,0.9614,0.9661,0.9612,0.9763,0.9747,0.9716
cg17947992,0.9714,0.9688,0.9702,0.9628,0.9654,0.9624,0.9773,0.9259,0.7727
cg02666566,0.9759,0.9699,0.9706,0.9728,0.9748,0.9712,0.9685,0.9352,0.8051
cg09088836,0.92,0.9232,0.9212,0.9228,0.9312,0.9166,0.8918,0.8653,0.7471
cg12554051,0.9789,0.9766,0.9763,0.9761,0.9764,0.9751,0.9844,0.9769,0.984
cg24984147,0.8635,0.7733,0.7663,0.8591,0.8045,0.8766,0.9497,0.8349,0.8864
cg01179055,0.8664,0.8828,0.8788,0.8752,0.8932,0.8458,0.8854,0.8096,0.8188
cg01782059,0.957,0.9604,0.9513,0.9562,0.9625,0.9411,0.8598,0.933,0.9322
cg20468325,0.9272,0.9302,0.9204,0.9268,0.927,0.93,0.9701,0.9367,0.942
cg10592494,0.9711,0.9645,0.9607,0.9571,0.9633,0.9661,0.9821,0.9525,0.9812
cg15211734,0.8932,0.8874,0.8715,0.8746,0.8624,0.8929,0.9404,0.8672,0.8916
cg17947992,0.9714,0.9688,0.9702,0.9628,0.9654,0.9624,0.9773,0.9259,0.7727
cg02666566,0.9759,0.9699,0.9706,0.9728,0.9748,0.9712,0.9685,0.9352,0.8051
cg09088836,0.92,0.9232,0.9212,0.9228,0.9312,0.9166,0.8918,0.8653,0.7471
cg00242786,0.9613,0.9617,0.9631,0.9625,0.965,0.9595,0.9509,0.9208,0.8436
cg21834032,0.916,0.9104,0.9154,0.9168,0.9181,0.9111,0.8788,0.6988,0.7231
cg18564849,0.9395,0.9433,0.9379,0.9219,0.9402,0.9367,0.9609,0.3794,0.9155
cg16316054,0.9439,0.9451,0.9065,0.9358,0.9258,0.9334,0.8473,0.9109,0.9198
cg19745553,0.9433,0.9413,0.8612,0.9192,0.8762,0.9346,0.9492,0.9334,0.8906
cg12026967,0.9689,0.9779,0.972,0.9719,0.9763,0.9634,0.9931,0.9505,0.8748
cg24140574,0.9739,0.973,0.9736,0.9731,0.9748,0.9706,0.981,0.9787,0.9694
cg10494257,0.9239,0.924,0.9174,0.9182,0.9164,0.9214,0.9557,0.9222,0.9076
cg02864619,0.9754,0.9762,0.9734,0.9753,0.978,0.9724,0.9824,0.7411,0.9464
cg19504661,0.9667,0.9691,0.9668,0.9644,0.9713,0.9666,0.956,0.9731,0.9676
cg03310087,0.9602,0.9585,0.9525,0.953,0.951,0.9551,0.961,0.9318,0.9633
cg10896676,0.9417,0.9452,0.9389,0.9345,0.9506,0.9262,0.9655,0.9573,0.9669
cg06466782,0.9681,0.9584,0.9392,0.9566,0.9442,0.9569,0.98,0.7842,0.8608
cg14393952,0.951,0.9512,0.9464,0.9415,0.9497,0.9437,0.9692,0.6138,0.9593
cg02384543,0.9782,0.977,0.9746,0.9706,0.9782,0.9643,0.9876,0.9865,0.9582
cg03781262,0.9039,0.91,0.9003,0.9004,0.908,0.8457,0.9374,0.76,0.7374
cg06769094,0.9673,0.9618,0.9613,0.9641,0.9632,0.9578,0.978,0.9818,0.9716
cg00352560,0.9784,0.979,0.9774,0.9777,0.9783,0.976,0.9664,0.9483,0.942
cg08640475,0.9648,0.9734,0.9618,0.9704,0.9743,0.9072,0.2019,0.9665,0.9212
cg10099827,0.9708,0.9771,0.9654,0.9769,0.9789,0.8961,0.232,0.9506,0.9397
cg02225988,0.9771,0.971,0.9717,0.971,0.9723,0.9758,0.9879,0.9809,0.9851
cg22504031,0.8761,0.8733,0.8624,0.8552,0.8844,0.8621,0.9003,0.8227,0.8705
cg08640475,0.9648,0.9734,0.9618,0.9704,0.9743,0.9072,0.2019,0.9665,0.9212
cg10099827,0.9708,0.9771,0.9654,0.9769,0.9789,0.8961,0.232,0.9506,0.9397
cg23138608,0.9857,0.9848,0.9822,0.9852,0.9851,0.9817,0.994,0.5327,0.9078
cg12522049,0.9576,0.9498,0.9484,0.8457,0.9536,0.951,0.9681,0.9724,0.8983
cg02011981,0.9384,0.956,0.9597,0.9425,0.9602,0.9371,0.9598,0.9492,0.9615
cg19745541,0.9184,0.9166,0.9146,0.9103,0.9218,0.9047,0.9454,0.9326,0.9511
cg08544002,0.9668,0.9386,0.966,0.9647,0.9666,0.9665,0.9137,0.9647,0.9597
cg06252276,0.9551,0.9519,0.9452,0.9521,0.9522,0.9497,0.9696,0.8775,0.8452
cg25088009,0.9725,0.9725,0.9716,0.9663,0.9702,0.9716,0.9864,0.7584,0.9215
cg04701618,0.9606,0.9636,0.9583,0.9604,0.9591,0.958,0.9675,0.9527,0.9516
cg19026802,0.8866,0.8876,0.8827,0.8822,0.8912,0.8793,0.925,0.8687,0.9073
cg06701892,0.9119,0.9026,0.9084,0.9073,0.9068,0.9056,0.9366,0.9047,0.9194
cg20325921,0.9768,0.9766,0.9752,0.9772,0.9764,0.9716,0.9769,0.9226,0.8901
cg10787911,0.8597,0.8439,0.8415,0.8456,0.8554,0.8288,0.8273,0.6581,0.6546
cg10816243,0.9721,0.9748,0.9692,0.9724,0.975,0.9708,0.976,0.9587,0.9643
cg10007534,0.9706,0.9709,0.9745,0.9675,0.9733,0.9712,0.9848,0.5755,0.9499
cg01314391,0.9144,0.9109,0.8981,0.907,0.9064,0.9012,0.9494,0.6198,0.8753
cg16992599,0.8363,0.8754,0.856,0.8504,0.7336,0.5906,0.8344,0.815,0.8313
cg07702693,0.9634,0.9603,0.9698,0.964,0.9686,0.9706,0.9803,0.8742,0.8841
cg13426839,0.9742,0.9742,0.9742,0.9772,0.9779,0.9716,0.9854,0.9774,0.9855
cg11749864,0.9133,0.9149,0.8936,0.9083,0.8983,0.9223,0.9466,0.923,0.9184
cg22001208,0.9753,0.9731,0.9769,0.978,0.9773,0.9754,0.9889,0.6251,0.9665
cg09178970,0.9684,0.9662,0.9658,0.9692,0.9691,0.9648,0.9748,0.8961,0.959
cg03261428,0.8178,0.8125,0.8118,0.8091,0.8304,0.7736,0.8392,0.6673,0.7117
cg00632125,0.9352,0.9541,0.9308,0.9354,0.936,0.9378,0.9744,0.9648,0.9537
cg10406526,0.9729,0.9667,0.966,0.9682,0.9712,0.9703,0.9797,0.7221,0.8812
cg15212895,0.94,0.952,0.94,0.9351,0.9503,0.934,0.9749,0.9768,0.953
cg09549949,0.9299,0.9282,0.9284,0.9098,0.9338,0.9075,0.9681,0.9626,0.9741
cg09628877,0.9724,0.9715,0.967,0.9647,0.9701,0.9644,0.9695,0.8435,0.9611
cg24427175,0.9548,0.9521,0.9412,0.9477,0.9488,0.937,0.9597,0.7875,0.9108
cg09287356,0.911,0.9038,0.9053,0.9044,0.9159,0.8976,0.9271,0.7346,0.8626
cg09887906,0.8831,0.8856,0.863,0.8682,0.8935,0.8546,0.896,0.5054,0.7792
cg22153931,0.946,0.9391,0.9406,0.9433,0.9426,0.9356,0.9705,0.9658,0.9676
cg07442105,0.9636,0.9429,0.9281,0.838,0.8504,0.9555,0.9833,0.9709,0.9819
cg01945840,0.98,0.9776,0.9742,0.9602,0.9754,0.9719,0.9864,0.5008,0.8563
cg01815090,0.8978,0.8994,0.8939,0.862,0.8979,0.8828,0.9359,0.4893,0.766
cg15161225,0.8814,0.8736,0.873,0.7801,0.8795,0.8649,0.9447,0.5274,0.7794
cg07673807,0.7929,0.7582,0.7614,0.7631,0.7793,0.7454,0.7895,0.7128,0.6455
cg26586384,0.8845,0.8906,0.8898,0.8739,0.893,0.8699,0.9346,0.8739,0.8192
cg13804171,0.9217,0.9172,0.9131,0.9198,0.9192,0.9098,0.9528,0.7758,0.7989
cg19839956,0.9465,0.9578,0.9356,0.9348,0.9484,0.9413,0.9817,0.8538,0.9271
cg00746446,0.9694,0.9698,0.961,0.9578,0.9631,0.9631,0.9736,0.9287,0.7726
cg13052101,0.9471,0.9758,0.9778,0.9735,0.9791,0.9032,0.9748,0.1143,0.975
cg24090393,0.9256,0.9243,0.9023,0.8943,0.9198,0.9064,0.9649,0.9168,0.9082
cg10096519,0.9367,0.9284,0.9305,0.9365,0.9364,0.9251,0.8902,0.5553,0.9053
cg27276994,0.8544,0.8606,0.8447,0.8609,0.8589,0.8631,0.9303,0.578,0.8492
cg05650453,0.9734,0.9754,0.9745,0.9718,0.974,0.9661,0.9807,0.9797,0.9818
cg16652920,0.5536,0.9225,0.8464,0.7756,0.8526,0.7044,0.8755,0.8173,0.8192
cg12033187,0.9421,0.9523,0.9485,0.9318,0.9481,0.9351,0.9662,0.8447,0.9137
cg04122657,0.9444,0.9428,0.9314,0.9488,0.9448,0.9375,0.9598,0.9219,0.9369
cg11890453,0.9594,0.9591,0.9499,0.945,0.9479,0.9485,0.9523,0.9519,0.9141
cg27039501,0.9409,0.9428,0.9342,0.9318,0.9226,0.9388,0.9597,0.9587,0.9697
cg14073057,0.983,0.984,0.9826,0.9823,0.9815,0.9837,0.9891,0.9859,0.6973
cg26583088,0.9715,0.976,0.9742,0.9717,0.9323,0.9781,0.9277,0.9862,0.618
cg16553083,0.9719,0.9754,0.9736,0.9703,0.9748,0.968,0.972,0.9485,0.5508
cg03887092,0.9809,0.9832,0.9812,0.9819,0.982,0.9784,0.9869,0.9854,0.6456
cg25663764,0.9746,0.972,0.9721,0.9741,0.971,0.9749,0.9857,0.9752,0.5933
cg19361181,0.9758,0.974,0.9746,0.9688,0.9734,0.9778,0.984,0.9804,0.6432
cg24633745,0.9708,0.9655,0.9695,0.9668,0.9718,0.9616,0.9508,0.961,0.5474
cg10521650,0.9093,0.9076,0.9056,0.9107,0.917,0.9076,0.9331,0.9226,0.6717
cg18602928,0.9732,0.9754,0.9729,0.9425,0.9753,0.9714,0.9846,0.9722,0.5479
cg26539736,0.9768,0.9751,0.9726,0.9709,0.9711,0.9761,0.9901,0.9859,0.5716
cg03614381,0.9422,0.9444,0.929,0.9282,0.9344,0.9304,0.9431,0.9436,0.4846
cg04460362,0.9427,0.9376,0.9307,0.9367,0.9369,0.9338,0.9699,0.94,0.6265
cg25105415,0.9765,0.9738,0.9736,0.9731,0.9749,0.9731,0.9872,0.9764,0.6936
cg03654588,0.8927,0.8737,0.8748,0.8802,0.8869,0.884,0.9232,0.8755,0.7406
cg00834537,0.95,0.9434,0.9393,0.9405,0.9449,0.9388,0.9456,0.9561,0.52
cg22920967,0.9636,0.9541,0.9542,0.9549,0.9598,0.9548,0.9722,0.9495,0.6229
cg17356964,0.937,0.9288,0.9217,0.9276,0.922,0.9298,0.9595,0.8655,0.5905
cg25581448,0.9772,0.9767,0.9736,0.9774,0.9761,0.977,0.9889,0.9711,0.766
cg17812026,0.9527,0.9797,0.9797,0.9789,0.9814,0.9618,0.9931,0.989,0.8145
cg06193412,0.9542,0.9602,0.958,0.9586,0.9627,0.9618,0.8373,0.9285,0.4578
cg05347334,0.949,0.9456,0.9344,0.9423,0.9309,0.9431,0.9753,0.9627,0.5533
cg26149658,0.791,0.7591,0.7158,0.7653,0.7374,0.7734,0.7929,0.74,0.4947
cg02662604,0.9596,0.9503,0.956,0.9544,0.9557,0.951,0.9566,0.9464,0.6395
cg00284420,0.9828,0.9837,0.9812,0.9763,0.9816,0.9827,0.9878,0.9879,0.6371
cg21552001,0.9776,0.9762,0.9684,0.9609,0.9645,0.9677,0.9865,0.9687,0.6593
cg03398910,0.9643,0.9529,0.9418,0.9537,0.9386,0.9594,0.9816,0.9819,0.6831
cg16628135,0.9799,0.9805,0.9777,0.9797,0.9793,0.9759,0.9893,0.951,0.6033
cg15879716,0.9573,0.9511,0.9476,0.9489,0.9559,0.9484,0.9657,0.9698,0.5738
cg00705661,0.9607,0.959,0.7874,0.9536,0.9536,0.9545,0.9737,0.9727,0.6407
cg03535253,0.9666,0.9618,0.8002,0.964,0.9557,0.9586,0.9701,0.9726,0.6875
cg13251533,0.9709,0.9746,0.9684,0.9754,0.978,0.9738,0.9575,0.9829,0.6893
cg22707563,0.9584,0.9589,0.9527,0.9527,0.9532,0.9526,0.9817,0.9716,0.7483
cg25949961,0.963,0.96,0.946,0.9556,0.9487,0.9558,0.9885,0.7949,0.5951
cg10963033,0.8601,0.8656,0.8825,0.9047,0.8703,0.8591,0.9443,0.6891,0.5531
cg13728376,0.9568,0.9591,0.9438,0.9449,0.9365,0.9552,0.9845,0.9652,0.5232
cg02698622,0.9739,0.9714,0.9304,0.9649,0.9675,0.9652,0.9596,0.9685,0.5545
cg19197236,0.8699,0.8627,0.8161,0.853,0.8542,0.8548,0.8886,0.8912,0.7272
cg05898618,0.8523,0.8842,0.9518,0.8492,0.9548,0.8714,0.9139,0.9322,0.5712
cg01753252,0.9711,0.9735,0.9699,0.9732,0.97,0.972,0.9774,0.9729,0.7195
cg00705661,0.9607,0.959,0.7874,0.9536,0.9536,0.9545,0.9737,0.9727,0.6407
cg03535253,0.9666,0.9618,0.8002,0.964,0.9557,0.9586,0.9701,0.9726,0.6875
cg07622575,0.9517,0.9562,0.9438,0.955,0.9493,0.958,0.935,0.962,0.6011
cg04311686,0.9682,0.9702,0.9624,0.9642,0.9596,0.9643,0.9896,0.906,0.6474
cg01977863,0.931,0.9665,0.9563,0.9608,0.9669,0.8839,0.9536,0.6891,0.4813
cg20632978,0.9645,0.9733,0.968,0.9729,0.972,0.9569,0.9848,0.7552,0.5383
cg25236028,0.923,0.8775,0.9029,0.9176,0.8768,0.906,0.9233,0.9199,0.4714
cg13476078,0.9341,0.8947,0.917,0.9185,0.8815,0.9232,0.942,0.9329,0.5637
cg13120258,0.8102,0.7641,0.7395,0.8015,0.7037,0.7716,0.8443,0.872,0.455
cg13241681,0.9754,0.9732,0.9692,0.9718,0.9746,0.9752,0.9681,0.9569,0.4644
cg22612590,0.9103,0.9044,0.902,0.8984,0.9019,0.902,0.8203,0.8884,0.5312
cg06359492,0.9457,0.9109,0.9315,0.9357,0.9373,0.9288,0.9692,0.918,0.6008
cg25236028,0.923,0.8775,0.9029,0.9176,0.8768,0.906,0.9233,0.9199,0.4714
cg13476078,0.9341,0.8947,0.917,0.9185,0.8815,0.9232,0.942,0.9329,0.5637
cg26605046,0.9702,0.9686,0.9646,0.9582,0.9549,0.9657,0.6354,0.9327,0.5491
cg27491224,0.8116,0.7993,0.7741,0.7663,0.7701,0.7872,0.6113,0.7292,0.5269
cg03515372,0.9541,0.9614,0.9657,0.9628,0.9692,0.9614,0.9773,0.974,0.7972
cg22795345,0.975,0.9744,0.972,0.9744,0.9746,0.9719,0.9819,0.9763,0.4791
cg14270002,0.9718,0.967,0.966,0.9678,0.9668,0.9647,0.946,0.9714,0.4053
cg22795345,0.975,0.9744,0.972,0.9744,0.9746,0.9719,0.9819,0.9763,0.4791
cg14270002,0.9718,0.967,0.966,0.9678,0.9668,0.9647,0.946,0.9714,0.4053
cg00834537,0.95,0.9434,0.9393,0.9405,0.9449,0.9388,0.9456,0.9561,0.52
cg22920967,0.9636,0.9541,0.9542,0.9549,0.9598,0.9548,0.9722,0.9495,0.6229
cg24586870,0.9788,0.9776,0.9776,0.9776,0.9766,0.975,0.9899,0.9817,0.5717
cg10457436,0.9657,0.9472,0.9591,0.9514,0.9647,0.9609,0.977,0.8199,0.675
cg18599322,0.9611,0.9604,0.9584,0.9535,0.962,0.953,0.938,0.9622,0.5538
cg13159929,0.9643,0.9598,0.9409,0.963,0.9376,0.9571,0.9834,0.9733,0.6715
cg04426802,0.966,0.9635,0.9603,0.9002,0.944,0.9639,0.9636,0.7669,0.3588
cg07759042,0.9779,0.9752,0.9723,0.9763,0.9727,0.9732,0.9906,0.9897,0.844
cg04516518,0.8499,0.8572,0.8415,0.8234,0.8613,0.8098,0.8744,0.8291,0.6639
cg01176720,0.9242,0.8986,0.8627,0.8898,0.8912,0.9151,0.9431,0.8848,0.5519
cg14588422,0.9546,0.9407,0.9209,0.9536,0.9333,0.9447,0.9698,0.9592,0.6393
cg01449677,0.9662,0.9612,0.961,0.8639,0.9611,0.9604,0.9797,0.9671,0.6715
cg23041250,0.956,0.9592,0.9423,0.9533,0.9419,0.9578,0.9735,0.9689,0.6991
cg12944146,0.9685,0.9618,0.9547,0.958,0.9597,0.9577,0.9853,0.9768,0.7204
cg07838427,0.9744,0.9736,0.9713,0.9714,0.9757,0.9689,0.9878,0.9849,0.5755
cg00460944,0.8883,0.8998,0.8904,0.8938,0.897,0.8538,0.9381,0.8996,0.515
cg10972351,0.8043,0.9096,0.9209,0.8746,0.9348,0.7792,0.8309,0.8907,0.5989
cg20951194,0.8945,0.9491,0.9477,0.9286,0.9494,0.8693,0.8928,0.8913,0.5553
cg27316811,0.9686,0.9323,0.4164,0.9362,0.1845,0.9679,0.9694,0.9639,0.5198
cg21333208,0.9797,0.9766,0.9755,0.9745,0.976,0.9765,0.9888,0.9837,0.7871
cg05673770,0.8721,0.8767,0.862,0.8695,0.8604,0.8581,0.9041,0.8704,0.6561
cg18471471,0.9598,0.9587,0.9635,0.9468,0.9659,0.9526,0.9747,0.9005,0.7445
cg15247093,0.949,0.971,0.9636,0.9457,0.9675,0.8808,0.9788,0.9531,0.5465
cg06775361,0.924,0.8557,0.7993,0.9013,0.7826,0.9203,0.8474,0.891,0.4794
cg27607136,0.9812,0.9653,0.964,0.9737,0.9619,0.9765,0.9886,0.9828,0.7881
cg22348345,0.9556,0.9135,0.9075,0.9464,0.9183,0.944,0.9519,0.9257,0.7436
cg18116285,0.9198,0.9186,0.9171,0.9183,0.9307,0.9112,0.9311,0.8747,0.5232
cg03775163,0.9674,0.9528,0.9568,0.959,0.9564,0.9641,0.9841,0.9762,0.6152
cg21432513,0.9138,0.9138,0.913,0.9108,0.9124,0.9083,0.9466,0.8771,0.5415
cg20341238,0.967,0.965,0.9565,0.9621,0.9561,0.9584,0.9878,0.9855,0.6721
cg06286135,0.9689,0.963,0.9601,0.96,0.9701,0.9623,0.9834,0.9773,0.7991
cg08796240,0.9568,0.9775,0.9742,0.9107,0.9754,0.7086,0.9856,0.9824,0.5762
cg10175203,0.9175,0.9162,0.9094,0.9125,0.915,0.9146,0.9456,0.8594,0.4649
cg20407483,0.9273,0.9244,0.9161,0.9281,0.9276,0.9113,0.9645,0.9089,0.5073
cg13621882,0.8828,0.866,0.873,0.8709,0.8797,0.866,0.908,0.8251,0.5419
cg02910299,0.9335,0.9299,0.9249,0.9179,0.9288,0.9127,0.9454,0.9224,0.7183
cg17602102,0.9601,0.9588,0.9502,0.956,0.9585,0.952,0.9738,0.9525,0.7789
cg16330359,0.9443,0.9544,0.9518,0.949,0.951,0.9308,0.9562,0.9508,0.6891
cg02152290,0.985,0.9822,0.982,0.9848,0.9857,0.9838,0.9927,0.9918,0.6813
cg16390242,0.9618,0.9647,0.9575,0.9628,0.9651,0.9574,0.9773,0.9666,0.7767
cg22481448,0.966,0.9775,0.9555,0.9715,0.9446,0.9456,0.9732,0.8582,0.5726
cg12601118,0.9737,0.9738,0.9745,0.9727,0.9759,0.9725,0.9871,0.9727,0.6241
cg00892792,0.9392,0.934,0.9213,0.9092,0.9347,0.9302,0.9604,0.9056,0.4936
cg04418647,0.9648,0.9699,0.9694,0.9697,0.9706,0.9584,0.9713,0.9725,0.7077
cg22026150,0.8198,0.7914,0.7725,0.8068,0.7683,0.8044,0.9045,0.812,0.5562
cg26431815,0.9552,0.9541,0.9441,0.9479,0.9574,0.9492,0.9784,0.975,0.5387
cg11387897,0.8949,0.8932,0.887,0.8999,0.898,0.8996,0.9278,0.9098,0.5466
cg08057475,0.9219,0.9169,0.8975,0.9156,0.9172,0.9171,0.8845,0.916,0.4355
cg06921605,0.949,0.9465,0.942,0.9433,0.9494,0.9392,0.9608,0.9628,0.7396
cg20061378,0.9419,0.9361,0.9348,0.9377,0.9401,0.9328,0.9561,0.952,0.6261
cg26853371,0.8698,0.8479,0.822,0.8727,0.8441,0.8635,0.9204,0.8608,0.538
cg07464206,0.9048,0.9158,0.9058,0.9101,0.9182,0.9064,0.9515,0.9398,0.5093
cg07665466,0.9127,0.8341,0.8847,0.8782,0.9014,0.9143,0.9476,0.9315,0.4168
cg01176141,0.9785,0.9767,0.9742,0.9749,0.9755,0.9738,0.9875,0.973,0.7682
cg13089599,0.9688,0.9698,0.9656,0.9679,0.969,0.9654,0.9767,0.9549,0.6322
cg03383886,0.9437,0.9534,0.9521,0.9487,0.9465,0.9419,0.9509,0.9496,0.5859
cg21856334,0.9822,0.9805,0.9822,0.9805,0.9833,0.9804,0.9877,0.9774,0.8738
cg00077898,0.9801,0.9819,0.9767,0.9714,0.9777,0.9763,0.9812,0.9768,0.5575
cg02752174,0.9168,0.8914,0.8918,0.9096,0.9115,0.9041,0.9275,0.8486,0.4235
cg14584961,0.9656,0.9697,0.9654,0.9636,0.9617,0.9653,0.9763,0.9766,0.8202
cg04897892,0.973,0.9717,0.9707,0.9695,0.9741,0.9642,0.9686,0.9658,0.5872
cg03854913,0.9508,0.956,0.9482,0.9318,0.9538,0.9444,0.9813,0.9672,0.532
cg27285599,0.9018,0.8932,0.8996,0.8976,0.9002,0.8936,0.9313,0.8965,0.4571
cg24341254,0.9339,0.9323,0.9307,0.9384,0.9415,0.928,0.9705,0.9587,0.7691
cg18383680,0.8431,0.9032,0.9086,0.9003,0.9083,0.9074,0.9309,0.909,0.4893
cg04934595,0.9801,0.977,0.9744,0.978,0.9801,0.977,0.991,0.9495,0.6154
cg23444004,0.8844,0.6775,0.9236,0.7887,0.8816,0.8798,0.9089,0.9467,0.5802
cg14741811,0.9252,0.9114,0.9176,0.9255,0.9119,0.9103,0.938,0.8922,0.598
cg25478712,0.968,0.9634,0.958,0.9604,0.9637,0.9597,0.9815,0.9778,0.7797
cg19793807,0.9176,0.9241,0.8883,0.899,0.912,0.9128,0.9337,0.908,0.5858
cg19139727,0.9446,0.9355,0.906,0.9203,0.8852,0.9371,0.9609,0.9427,0.5619
cg14273093,0.9503,0.9615,0.9548,0.9582,0.9575,0.959,0.9768,0.9761,0.9481
cg13323391,0.978,0.9742,0.9738,0.9741,0.977,0.9736,0.9904,0.9873,0.983
cg14499959,0.9719,0.9729,0.9688,0.9654,0.9709,0.9682,0.9865,0.9594,0.9805
cg15070677,0.9813,0.9792,0.979,0.9751,0.9785,0.9758,0.9891,0.9455,0.9813
cg09864211,0.8171,0.8029,0.7618,0.7701,0.7649,0.8023,0.8299,0.5916,0.7388
cg18704865,0.8734,0.867,0.8598,0.8753,0.8825,0.8763,0.8912,0.8212,0.8737
cg14523639,0.8539,0.8318,0.7957,0.8206,0.8094,0.8459,0.8808,0.6665,0.7849
cg21350498,0.8874,0.8836,0.8753,0.8915,0.8914,0.8745,0.8868,0.8314,0.8573
cg14342106,0.9746,0.9775,0.9752,0.976,0.9768,0.975,0.9879,0.9818,0.9763
cg11414415,0.9702,0.9662,0.9634,0.9687,0.9678,0.9669,0.9812,0.9814,0.9797
cg09330078,0.8613,0.8436,0.8277,0.8252,0.8263,0.8384,0.8846,0.7968,0.8144
cg21585640,0.9779,0.9773,0.9769,0.9771,0.9772,0.974,0.9861,0.9808,0.9476
cg20210057,0.8848,0.8854,0.873,0.873,0.8785,0.8724,0.9042,0.8786,0.8683
cg27292389,0.9749,0.9724,0.9752,0.9727,0.9749,0.9721,0.9742,0.9814,0.9851
cg07098566,0.9757,0.975,0.9713,0.9695,0.9726,0.9698,0.9851,0.9319,0.981
cg03243551,0.893,0.8935,0.8804,0.893,0.8984,0.8758,0.9003,0.6076,0.8445
cg18704865,0.8734,0.867,0.8598,0.8753,0.8825,0.8763,0.8912,0.8212,0.8737
cg04707348,0.977,0.9789,0.9749,0.9759,0.9765,0.9757,0.9842,0.9738,0.9727
cg10288921,0.9816,0.9805,0.9794,0.977,0.9799,0.9755,0.9878,0.985,0.9912
cg08250787,0.9536,0.9477,0.9442,0.9363,0.9485,0.9339,0.9679,0.9764,0.9785
cg13818127,0.9782,0.9774,0.9765,0.9761,0.9784,0.9761,0.9885,0.9819,0.9829
cg07215298,0.8815,0.9731,0.9732,0.9746,0.9778,0.9721,0.9863,0.9823,0.9833
cg03877418,0.9807,0.9792,0.9787,0.9783,0.9804,0.9786,0.9886,0.9817,0.9753
cg08042027,0.9529,0.9679,0.9614,0.972,0.9723,0.9694,0.9864,0.9716,0.982
cg08288795,0.9826,0.9819,0.9828,0.9795,0.9832,0.9819,0.9873,0.9865,0.991
cg11383802,0.9779,0.9753,0.976,0.9771,0.9758,0.949,0.984,0.9299,0.9584
cg24923860,0.98,0.9808,0.9803,0.9805,0.982,0.9799,0.9904,0.9806,0.99
cg04418647,0.9648,0.9699,0.9694,0.9697,0.9706,0.9584,0.9713,0.9725,0.7077
cg22026150,0.8198,0.7914,0.7725,0.8068,0.7683,0.8044,0.9045,0.812,0.5562
cg00844791,0.9647,0.9687,0.9563,0.9626,0.9684,0.956,0.9837,0.9454,0.9867
cg02775417,0.9698,0.9084,0.9766,0.9292,0.9752,0.9766,0.9904,0.9881,0.9871
cg17031656,0.9795,0.9798,0.9756,0.9722,0.9778,0.9732,0.9825,0.9711,0.9781
cg06291428,0.9701,0.9668,0.9704,0.9736,0.9716,0.969,0.9869,0.8153,0.9496
cg27447746,0.9607,0.961,0.95,0.9486,0.9549,0.9524,0.973,0.955,0.8873
cg26858540,0.9599,0.9359,0.7484,0.9568,0.8947,0.9667,0.9396,0.7613,0.9073
cg12572352,0.9697,0.9681,0.965,0.9649,0.9656,0.9662,0.9826,0.933,0.9833
cg06349762,0.9716,0.9766,0.9749,0.9738,0.9762,0.9725,0.9852,0.9703,0.965
cg11881562,0.9782,0.9783,0.9757,0.9789,0.9775,0.98,0.9911,0.9556,0.9838
cg04453552,0.9589,0.7711,0.9546,0.9616,0.9671,0.9603,0.9877,0.9856,0.9848
cg25368917,0.9684,0.9641,0.9492,0.9566,0.9488,0.961,0.9824,0.9386,0.9579
cg13784276,0.9806,0.9765,0.9772,0.9762,0.9811,0.9714,0.9926,0.9813,0.9887
cg09237133,0.9682,0.9644,0.9268,0.9666,0.9376,0.9679,0.988,0.9592,0.9748
cg09340279,0.9138,0.9055,0.7862,0.9143,0.822,0.9078,0.9393,0.8436,0.9139
cg14499959,0.9719,0.9729,0.9688,0.9654,0.9709,0.9682,0.9865,0.9594,0.9805
cg15070677,0.9813,0.9792,0.979,0.9751,0.9785,0.9758,0.9891,0.9455,0.9813
cg05147195,0.9212,0.9132,0.8979,0.9059,0.8986,0.9074,0.9241,0.8243,0.9003
cg09864211,0.8171,0.8029,0.7618,0.7701,0.7649,0.8023,0.8299,0.5916,0.7388
cg21350498,0.8874,0.8836,0.8753,0.8915,0.8914,0.8745,0.8868,0.8314,0.8573
cg14342106,0.9746,0.9775,0.9752,0.976,0.9768,0.975,0.9879,0.9818,0.9763
cg11414415,0.9702,0.9662,0.9634,0.9687,0.9678,0.9669,0.9812,0.9814,0.9797
cg09330078,0.8613,0.8436,0.8277,0.8252,0.8263,0.8384,0.8846,0.7968,0.8144
cg14385008,0.9804,0.9807,0.9777,0.9799,0.9803,0.978,0.9864,0.9817,0.9804
cg04932205,0.9717,0.9722,0.968,0.9707,0.9715,0.9719,0.9799,0.9544,0.9803
cg16708264,0.9812,0.9795,0.9778,0.978,0.9792,0.9777,0.9889,0.976,0.9726
cg17212065,0.9653,0.9592,0.9573,0.9616,0.9648,0.9558,0.9881,0.9768,0.9855
cg15247169,0.9592,0.9715,0.9674,0.9608,0.967,0.9465,0.9821,0.9762,0.9523
cg08214693,0.9664,0.9606,0.9625,0.958,0.9608,0.9632,0.9845,0.9773,0.9658
cg26185884,0.968,0.9674,0.9655,0.9674,0.9676,0.9647,0.9788,0.9656,0.9685
cg12645891,0.9745,0.9729,0.9689,0.9769,0.967,0.9692,0.9865,0.9265,0.9592
cg02527886,0.9812,0.9813,0.9815,0.9822,0.9818,0.9817,0.9894,0.9347,0.9871
cg21856334,0.9822,0.9805,0.9822,0.9805,0.9833,0.9804,0.9877,0.9774,0.8738
cg06063209,0.9716,0.9391,0.952,0.9662,0.9667,0.9575,0.9842,0.885,0.9868
cg26619296,0.9752,0.9776,0.9739,0.979,0.9712,0.9752,0.9873,0.9806,0.9734
cg15356461,0.9786,0.9754,0.9742,0.9734,0.9726,0.9752,0.9862,0.9825,0.9666
cg23887776,0.8828,0.8661,0.7877,0.8417,0.8246,0.8564,0.9189,0.7784,0.8307
cg10505163,0.9848,0.9804,0.9796,0.9818,0.9798,0.9841,0.9915,0.974,0.9801
cg26338723,0.9635,0.9706,0.9693,0.9673,0.9674,0.9623,0.9833,0.9741,0.9607
cg03885119,0.8422,0.7934,0.769,0.8258,0.7472,0.8455,0.9106,0.8185,0.8659
cg26993007,0.8712,0.8919,0.891,0.8724,0.8906,0.8856,0.9012,0.8526,0.8696
cg10108612,0.9572,0.9536,0.9534,0.9536,0.955,0.9483,0.9833,0.9691,0.9657
cg21993464,0.9592,0.9612,0.9576,0.9647,0.9594,0.9427,0.9829,0.9643,0.9598
cg23523659,0.9693,0.973,0.9711,0.9677,0.9703,0.9688,0.979,0.9671,0.9488
cg10365469,0.9728,0.9786,0.9739,0.9738,0.9764,0.9672,0.9861,0.9671,0.7953
cg19252565,0.8967,0.8911,0.8851,0.8845,0.9018,0.8819,0.9058,0.8841,0.844
cg01239666,0.9627,0.9486,0.9635,0.9686,0.9677,0.9638,0.9749,0.9417,0.9727
cg20384732,0.9562,0.9396,0.9534,0.9546,0.951,0.9462,0.9569,0.9188,0.9629
cg08250787,0.9536,0.9477,0.9442,0.9363,0.9485,0.9339,0.9679,0.9764,0.9785
cg13818127,0.9782,0.9774,0.9765,0.9761,0.9784,0.9761,0.9885,0.9819,0.9829
cg21478921,0.9707,0.969,0.9717,0.9677,0.9728,0.9721,0.9543,0.9681,0.9722
cg03301433,0.9248,0.9258,0.9222,0.921,0.9203,0.9186,0.9374,0.9146,0.9318
cg05652090,0.9732,0.9739,0.9705,0.9701,0.9699,0.968,0.9854,0.9758,0.9875
cg26243623,0.9749,0.9763,0.975,0.9735,0.9744,0.9728,0.9804,0.9686,0.9755
cg20384325,0.983,0.9826,0.9802,0.9821,0.9816,0.9771,0.9917,0.9185,0.9794
cg15732530,0.9708,0.9679,0.9636,0.9669,0.9706,0.9672,0.9885,0.9805,0.8485
cg06332339,0.9806,0.9792,0.9782,0.9794,0.9805,0.9797,0.9896,0.9823,0.9866
cg08435157,0.7943,0.896,0.8319,0.8432,0.8971,0.7425,0.886,0.8812,0.9015
cg06557376,0.9558,0.9565,0.9407,0.9533,0.9478,0.9492,0.9668,0.96,0.9645
cg02059952,0.9326,0.9281,0.8946,0.9251,0.9229,0.9262,0.9633,0.9399,0.9454
cg23475109,0.9803,0.9746,0.979,0.9789,0.9808,0.9773,0.9895,0.9741,0.9877
cg25950668,0.9184,0.9123,0.908,0.9065,0.9149,0.9016,0.9521,0.8823,0.9287
cg22591002,0.8484,0.834,0.841,0.8356,0.8411,0.8329,0.8715,0.7729,0.8162
cg23595571,0.9617,0.9566,0.9595,0.9581,0.9638,0.9572,0.9412,0.9471,0.9641
cg00474840,0.9795,0.9805,0.9776,0.9777,0.98,0.9777,0.9864,0.9702,0.988
cg01908177,0.9493,0.9564,0.9486,0.9366,0.9537,0.9368,0.9669,0.921,0.9636
cg01239666,0.9627,0.9486,0.9635,0.9686,0.9677,0.9638,0.9749,0.9417,0.9727
cg20384732,0.9562,0.9396,0.9534,0.9546,0.951,0.9462,0.9569,0.9188,0.9629
cg14697425,0.9747,0.9701,0.9673,0.964,0.9699,0.9676,0.9887,0.9636,0.9674
cg21080473,0.9648,0.9634,0.9585,0.954,0.9616,0.9537,0.9783,0.9653,0.9588
cg27620176,0.9799,0.9798,0.9785,0.9788,0.9784,0.9777,0.9885,0.9875,0.9869
cg24425531,0.9741,0.9726,0.974,0.974,0.9756,0.9727,0.9894,0.9862,0.9838
cg15914316,0.9767,0.9786,0.9764,0.9782,0.9814,0.9789,0.9919,0.9892,0.9891
cg18483265,0.891,0.8891,0.8631,0.8674,0.8611,0.8657,0.9305,0.7391,0.8734
cg07281948,0.9842,0.9707,0.984,0.9835,0.9809,0.9866,0.9899,0.9874,0.992
cg15920131,0.9807,0.9781,0.9756,0.9779,0.9775,0.9784,0.9908,0.9874,0.9919
cg01425021,0.9755,0.9754,0.9714,0.9736,0.9736,0.9715,0.9767,0.8443,0.9758
cg16940803,0.9288,0.9385,0.9293,0.9344,0.9304,0.9219,0.9671,0.9572,0.9499
cg04320956,0.9709,0.9729,0.9686,0.9727,0.979,0.9699,0.9885,0.9898,0.9115
cg17248540,0.8357,0.8294,0.8205,0.8356,0.8414,0.8308,0.8522,0.8373,0.7406
cg05684569,0.9805,0.9808,0.98,0.9807,0.9817,0.9808,0.9859,0.9864,0.8876
cg08489309,0.9551,0.9499,0.941,0.943,0.9521,0.9483,0.9596,0.6982,0.93
cg18741175,0.8142,0.7881,0.7566,0.7595,0.7546,0.7938,0.8924,0.5697,0.7463
cg14719752,0.9626,0.964,0.9624,0.9591,0.9621,0.9607,0.9854,0.907,0.885
cg16929427,0.97,0.9745,0.9732,0.9722,0.9724,0.9723,0.9757,0.9758,0.934
cg00134190,0.83,0.8605,0.8512,0.8486,0.8645,0.8031,0.8607,0.8632,0.8709
cg27089559,0.8717,0.8717,0.8581,0.8636,0.8759,0.8423,0.8938,0.8813,0.8971
cg21871213,0.9801,0.9775,0.9784,0.9756,0.9807,0.9751,0.9893,0.9536,0.9844
cg08333708,0.967,0.9669,0.9644,0.9663,0.9663,0.9635,0.9763,0.9855,0.986
cg20410537,0.9724,0.9717,0.9712,0.9701,0.9735,0.9671,0.9803,0.9634,0.9802
cg15860924,0.8846,0.8886,0.8912,0.891,0.8964,0.8697,0.9303,0.8035,0.8948
cg02314166,0.9624,0.9599,0.9575,0.9595,0.9559,0.9588,0.9908,0.983,0.9844
cg24136288,0.9439,0.9414,0.9421,0.9419,0.9471,0.9,0.9661,0.9498,0.9612
cg03890628,0.9697,0.9704,0.9679,0.9678,0.9681,0.9686,0.9802,0.9341,0.9798
cg09541794,0.9773,0.9798,0.9792,0.9795,0.9801,0.9773,0.9903,0.9895,0.9908
cg15386350,0.982,0.9843,0.9816,0.9832,0.9822,0.9814,0.9889,0.9493,0.9558
cg26401028,0.9602,0.9801,0.9508,0.9787,0.9669,0.8355,0.9865,0.9706,0.9797
cg20691436,0.9676,0.9684,0.9649,0.9673,0.968,0.9661,0.9829,0.9818,0.9296
cg09174681,0.9325,0.9313,0.9233,0.9277,0.9319,0.9278,0.9388,0.8219,0.9204
cg08442149,0.9754,0.9761,0.9758,0.9741,0.9807,0.974,0.9762,0.9657,0.7523
cg22018329,0.9783,0.9745,0.9753,0.9766,0.9779,0.977,0.9922,0.9871,0.9921
cg03784994,0.9772,0.9754,0.974,0.9783,0.977,0.9774,0.9822,0.9182,0.9805
cg06518327,0.9759,0.9752,0.9712,0.9656,0.974,0.9718,0.9889,0.9594,0.9505
cg14414203,0.9757,0.9592,0.9623,0.9655,0.9672,0.9712,0.9807,0.8734,0.9599
cg18064706,0.9533,0.9533,0.9454,0.8692,0.9551,0.9479,0.9753,0.9042,0.9493
cg14628604,0.7739,0.8225,0.7888,0.7305,0.7812,0.8368,0.8845,0.8008,0.8371
cg22108292,0.9568,0.9074,0.9444,0.9494,0.9437,0.9541,0.9661,0.8824,0.8999
cg25663764,0.9746,0.972,0.9721,0.9741,0.971,0.9749,0.9857,0.9752,0.5933
cg05880944,0.969,0.9735,0.9704,0.97,0.9744,0.9706,0.9902,0.9712,0.9702
cg14199833,0.9787,0.9738,0.9742,0.9753,0.9743,0.9721,0.9881,0.6517,0.9547
cg00117005,0.9551,0.9269,0.9456,0.9455,0.952,0.9468,0.9743,0.5259,0.9095
cg03243551,0.893,0.8935,0.8804,0.893,0.8984,0.8758,0.9003,0.6076,0.8445
cg13059373,0.869,0.8745,0.8554,0.8524,0.8645,0.8516,0.8595,0.5329,0.8345
cg23544472,0.9318,0.921,0.9116,0.914,0.9158,0.9271,0.9462,0.9121,0.8748
cg11754374,0.9763,0.9763,0.9757,0.9743,0.9776,0.9755,0.9727,0.981,0.9746
cg03347632,0.9483,0.9357,0.9366,0.9364,0.9407,0.9352,0.9589,0.6596,0.9694
cg05266497,0.88,0.8842,0.8549,0.8652,0.8528,0.8742,0.8956,0.5358,0.8394
cg02225054,0.9662,0.966,0.9644,0.9665,0.9691,0.9649,0.9692,0.9799,0.9843
cg27096032,0.9674,0.9661,0.9662,0.965,0.9662,0.9636,0.933,0.9799,0.9726
cg21101726,0.9728,0.9728,0.9728,0.9709,0.9736,0.9689,0.9843,0.9832,0.904
cg26961332,0.9867,0.9849,0.9838,0.9857,0.9866,0.9856,0.9933,0.9899,0.9635
cg10299941,0.9827,0.9772,0.9671,0.9796,0.9728,0.976,0.9877,0.9724,0.9893
cg15718663,0.9125,0.8268,0.8986,0.9042,0.9066,0.8936,0.9664,0.9445,0.9492
cg05982473,0.9826,0.9517,0.9782,0.9799,0.9798,0.976,0.9905,0.9814,0.9838
cg18897335,0.8329,0.762,0.8038,0.8447,0.7941,0.8194,0.8646,0.7955,0.8303
cg23475112,0.9673,0.9645,0.9637,0.9612,0.9654,0.961,0.9827,0.9639,0.9828
cg03962214,0.9544,0.9588,0.9559,0.9601,0.952,0.951,0.9802,0.9668,0.9559
cg21787835,0.9646,0.9632,0.9599,0.9573,0.964,0.9576,0.9765,0.9654,0.9779
cg20318235,0.8451,0.8524,0.8213,0.8616,0.8413,0.8395,0.8754,0.8153,0.7626
cg00758701,0.9056,0.8879,0.853,0.8832,0.8695,0.8808,0.9388,0.9061,0.9335
cg14213814,0.9697,0.9757,0.972,0.9737,0.9724,0.9722,0.9838,0.9787,0.984
cg09146892,0.961,0.9609,0.9544,0.9631,0.9597,0.9593,0.963,0.9676,0.9529
cg18679635,0.9298,0.9196,0.9154,0.9185,0.9238,0.9205,0.9218,0.9045,0.9196
cg19751937,0.87,0.8604,0.8328,0.825,0.841,0.8585,0.8937,0.8401,0.8348
cg19390357,0.9534,0.949,0.9459,0.9478,0.9489,0.9481,0.9823,0.9729,0.9888
cg10503298,0.9807,0.9775,0.9808,0.9016,0.9793,0.9788,0.9853,0.9848,0.9865
cg13189671,0.9424,0.9552,0.945,0.9428,0.9562,0.9204,0.9543,0.9202,0.9759
cg14790739,0.981,0.9795,0.9803,0.98,0.9828,0.98,0.9935,0.9871,0.9908
cg21333208,0.9797,0.9766,0.9755,0.9745,0.976,0.9765,0.9888,0.9837,0.7871
cg05673770,0.8721,0.8767,0.862,0.8695,0.8604,0.8581,0.9041,0.8704,0.6561
cg04768745,0.9481,0.9476,0.9415,0.9465,0.9471,0.9459,0.9703,0.9748,0.9759
cg03976326,0.952,0.9774,0.9708,0.9659,0.9748,0.9615,0.9851,0.98,0.9798
cg02332902,0.9769,0.9755,0.973,0.9715,0.9748,0.974,0.9862,0.9898,0.9908
cg20691436,0.9676,0.9684,0.9649,0.9673,0.968,0.9661,0.9829,0.9818,0.9296
cg13826564,0.9686,0.9662,0.966,0.9688,0.9626,0.9646,0.9829,0.9818,0.9728
cg21768956,0.9805,0.9795,0.9786,0.9774,0.9801,0.975,0.9896,0.9874,0.9868
cg03381604,0.952,0.9522,0.9556,0.9506,0.9546,0.9524,0.9587,0.9454,0.898
cg06332339,0.9806,0.9792,0.9782,0.9794,0.9805,0.9797,0.9896,0.9823,0.9866
cg08435157,0.7943,0.896,0.8319,0.8432,0.8971,0.7425,0.886,0.8812,0.9015
cg17774001,0.9568,0.9756,0.9692,0.9696,0.9738,0.9438,0.98,0.9796,0.9833
cg01512719,0.9673,0.9669,0.9573,0.9587,0.9527,0.9635,0.9819,0.9749,0.9769
cg06503715,0.9568,0.9518,0.9434,0.9469,0.9542,0.9492,0.9725,0.9706,0.914
cg26176014,0.9019,0.8917,0.8891,0.8816,0.8921,0.8929,0.9267,0.8834,0.8059
cg04128884,0.9468,0.9413,0.9401,0.9457,0.9435,0.946,0.8967,0.9543,0.9578
cg07349805,0.9329,0.9317,0.9352,0.9334,0.9372,0.9407,0.8528,0.9491,0.9374
cg14697425,0.9747,0.9701,0.9673,0.964,0.9699,0.9676,0.9887,0.9636,0.9674
cg10348368,0.9611,0.9504,0.9538,0.9547,0.9592,0.9578,0.9736,0.9619,0.9606
cg14233878,0.9753,0.9724,0.9635,0.9648,0.9642,0.9691,0.9832,0.9731,0.8333
cg01753252,0.9711,0.9735,0.9699,0.9732,0.97,0.972,0.9774,0.9729,0.7195
cg02328660,0.974,0.963,0.9382,0.9662,0.9491,0.9743,0.9876,0.9632,0.9294
cg13729548,0.9554,0.969,0.966,0.9465,0.9645,0.6744,0.95,0.9679,0.9696
cg25478712,0.968,0.9634,0.958,0.9604,0.9637,0.9597,0.9815,0.9778,0.7797
cg14108894,0.9689,0.963,0.9587,0.9662,0.9604,0.9641,0.985,0.9621,0.9652
cg01922485,0.9642,0.9632,0.9613,0.9612,0.9641,0.9649,0.9411,0.9643,0.975
cg27620176,0.9799,0.9798,0.9785,0.9788,0.9784,0.9777,0.9885,0.9875,0.9869
cg09159050,0.9712,0.9541,0.9403,0.7924,0.9535,0.9692,0.9814,0.9588,0.9729
cg23956190,0.984,0.9849,0.9819,0.9842,0.9855,0.9833,0.9922,0.9718,0.9815
cg22717323,0.9558,0.9492,0.9342,0.9355,0.9404,0.9418,0.9877,0.958,0.9809
cg11856821,0.9665,0.9645,0.9623,0.9627,0.9652,0.9616,0.9156,0.9469,0.9499
cg27431500,0.9662,0.9606,0.9598,0.9611,0.9664,0.9541,0.9862,0.9721,0.977
cg03070534,0.9814,0.9763,0.98,0.9808,0.9808,0.9744,0.9855,0.9834,0.962
cg01176141,0.9785,0.9767,0.9742,0.9749,0.9755,0.9738,0.9875,0.973,0.7682
cg13089599,0.9688,0.9698,0.9656,0.9679,0.969,0.9654,0.9767,0.9549,0.6322
cg04896048,0.8855,0.806,0.7671,0.8501,0.7744,0.8707,0.9424,0.939,0.8861
cg04745079,0.9516,0.9503,0.945,0.9508,0.948,0.9487,0.9785,0.9594,0.9614
cg14398731,0.8996,0.8938,0.8635,0.888,0.8754,0.879,0.9486,0.893,0.8708
cg21596290,0.8045,0.7652,0.7204,0.7762,0.7095,0.7927,0.856,0.8015,0.7123
cg02089452,0.934,0.9587,0.936,0.9354,0.948,0.8093,0.9521,0.9635,0.8229
cg18490269,0.9728,0.9711,0.9678,0.9717,0.9662,0.9643,0.9819,0.9633,0.9812
cg09786329,0.9782,0.9778,0.9785,0.9778,0.9806,0.9793,0.9917,0.9867,0.9853
cg15654779,0.9477,0.9526,0.9472,0.9495,0.9557,0.9451,0.9662,0.9444,0.9255
cg22152500,0.815,0.816,0.8028,0.8127,0.8225,0.8079,0.8804,0.8712,0.8757
cg13159929,0.9643,0.9598,0.9409,0.963,0.9376,0.9571,0.9834,0.9733,0.6715
cg20268930,0.9602,0.9554,0.9564,0.9555,0.9564,0.9426,0.9821,0.9708,0.9813
cg05485379,0.9772,0.9364,0.9646,0.9782,0.9569,0.9809,0.9858,0.9831,0.7106
cg25611057,0.9323,0.8637,0.8308,0.9298,0.7802,0.9253,0.9635,0.8819,0.552
cg04128884,0.9468,0.9413,0.9401,0.9457,0.9435,0.946,0.8967,0.9543,0.9578
cg07349805,0.9329,0.9317,0.9352,0.9334,0.9372,0.9407,0.8528,0.9491,0.9374
cg14071947,0.9603,0.9564,0.9564,0.9554,0.9554,0.9556,0.9737,0.9646,0.969
cg15247247,0.9517,0.9505,0.943,0.9482,0.9514,0.9395,0.9663,0.9159,0.9577
cg01094351,0.9636,0.9618,0.9664,0.9687,0.9685,0.9628,0.9697,0.9535,0.9718
cg13320898,0.9668,0.9667,0.966,0.9624,0.9663,0.9664,0.9702,0.9737,0.9671
cg04455286,0.9808,0.9807,0.9751,0.9761,0.9787,0.9774,0.9895,0.9249,0.9113
cg02026637,0.7664,0.7715,0.7518,0.7739,0.7404,0.7002,0.8662,0.5872,0.575
cg09432775,0.9838,0.9826,0.9795,0.9804,0.9826,0.9794,0.9879,0.9006,0.9678
cg06492111,0.975,0.976,0.972,0.9648,0.9755,0.9712,0.9829,0.9777,0.9787
cg13599131,0.9041,0.9501,0.9489,0.9246,0.9577,0.9324,0.9544,0.96,0.8672
cg27353308,0.918,0.9728,0.9709,0.9585,0.9803,0.9701,0.9874,0.9868,0.9793
cg22811668,0.9736,0.9476,0.963,0.9678,0.9725,0.9661,0.9875,0.9836,0.988
cg03246954,0.9718,0.9711,0.9726,0.9716,0.973,0.9743,0.9871,0.9756,0.9825
cg16628135,0.9799,0.9805,0.9777,0.9797,0.9793,0.9759,0.9893,0.951,0.6033
cg20341238,0.967,0.965,0.9565,0.9621,0.9561,0.9584,0.9878,0.9855,0.6721
cg11960435,0.9709,0.9722,0.9686,0.9627,0.9673,0.9672,0.9768,0.9769,0.9696
cg07748741,0.9731,0.9702,0.9694,0.9643,0.965,0.9702,0.9722,0.9611,0.963
cg02613380,0.9261,0.9174,0.8969,0.9146,0.8963,0.9213,0.9693,0.9431,0.9478
cg10457436,0.9657,0.9472,0.9591,0.9514,0.9647,0.9609,0.977,0.8199,0.675
cg09954729,0.9616,0.9569,0.9542,0.9606,0.9496,0.962,0.9821,0.9728,0.9509
cg24878868,0.9744,0.9676,0.956,0.9636,0.9564,0.9748,0.9889,0.9351,0.8831
cg26208930,0.8174,0.7998,0.7292,0.7726,0.7241,0.8109,0.8339,0.7014,0.514
cg17808634,0.9726,0.9745,0.9726,0.9744,0.971,0.9722,0.9747,0.9554,0.9659
cg19853077,0.9574,0.9481,0.9573,0.9545,0.9488,0.9487,0.9616,0.9459,0.916
cg07962882,0.9667,0.9592,0.9519,0.9552,0.9657,0.9547,0.9853,0.9781,0.9882
cg26241650,0.9561,0.9585,0.957,0.9598,0.9562,0.9519,0.9715,0.9434,0.9661
cg15041373,0.9544,0.9494,0.9509,0.9479,0.9577,0.9488,0.9485,0.9456,0.9568
cg08287334,0.971,0.976,0.9752,0.9465,0.976,0.9409,0.9805,0.975,0.9476
cg00779602,0.9261,0.945,0.9424,0.9326,0.924,0.9286,0.8252,0.8288,0.7928
cg12201155,0.9705,0.9718,0.9705,0.9696,0.972,0.9723,0.9728,0.9753,0.8808
cg00422714,0.9812,0.9768,0.977,0.9762,0.9835,0.9795,0.9774,0.9837,0.9409
cg18602928,0.9732,0.9754,0.9729,0.9425,0.9753,0.9714,0.9846,0.9722,0.5479
cg07984614,0.9815,0.9796,0.9758,0.9785,0.9764,0.9761,0.9844,0.9305,0.9265
cg26725552,0.8112,0.8308,0.8176,0.7614,0.8116,0.7553,0.9054,0.7457,0.4543
cg10034481,0.961,0.9619,0.956,0.9589,0.9648,0.9558,0.9786,0.9677,0.9842
cg16888603,0.9525,0.9473,0.9477,0.9469,0.9488,0.9368,0.9803,0.9515,0.9771
cg17510385,0.9708,0.9485,0.701,0.9632,0.821,0.9716,0.9532,0.9596,0.7895
cg12705693,0.8359,0.7953,0.5788,0.8276,0.6379,0.8172,0.8363,0.8081,0.6002
cg17714010,0.903,0.9036,0.8946,0.9055,0.9066,0.9054,0.944,0.9543,0.9457
cg26058289,0.9688,0.9635,0.9569,0.9612,0.9661,0.9574,0.9851,0.9847,0.991
cg19043450,0.9752,0.9699,0.9624,0.9698,0.9736,0.9675,0.9885,0.933,0.9349
cg03148373,0.9628,0.9618,0.9594,0.9544,0.9615,0.9468,0.9827,0.9538,0.8723
cg12389346,0.9601,0.9448,0.9591,0.9577,0.9614,0.9618,0.9606,0.95,0.9657
cg03962214,0.9544,0.9588,0.9559,0.9601,0.952,0.951,0.9802,0.9668,0.9559
cg21787835,0.9646,0.9632,0.9599,0.9573,0.964,0.9576,0.9765,0.9654,0.9779
cg02172466,0.8646,0.8918,0.8613,0.8888,0.879,0.8741,0.9236,0.9023,0.9032
cg20318235,0.8451,0.8524,0.8213,0.8616,0.8413,0.8395,0.8754,0.8153,0.7626
cg21903221,0.9547,0.8359,0.9406,0.9555,0.9491,0.9541,0.978,0.9739,0.9716
cg00479347,0.8495,0.7958,0.8234,0.8574,0.8252,0.8435,0.8801,0.782,0.8378
cg22607164,0.9589,0.9563,0.953,0.9514,0.9586,0.9542,0.9721,0.8989,0.9196
cg04769514,0.9601,0.9168,0.9303,0.9585,0.95,0.9473,0.9803,0.9547,0.9806
cg09750646,0.863,0.8034,0.8553,0.8673,0.8762,0.8497,0.8915,0.8383,0.8984
cg04076264,0.9148,0.9143,0.9065,0.9119,0.9225,0.9001,0.9679,0.9666,0.9803
cg20067575,0.9732,0.9704,0.971,0.9714,0.9738,0.9678,0.9835,0.9808,0.9725
cg16408279,0.9555,0.9612,0.9617,0.9571,0.9599,0.953,0.925,0.9524,0.9614
cg24371534,0.9427,0.9017,0.9198,0.9523,0.9182,0.936,0.9767,0.9694,0.9432
cg03960390,0.9641,0.959,0.9528,0.9522,0.9622,0.9532,0.9661,0.972,0.9774
cg11436025,0.9832,0.9812,0.9805,0.9814,0.9787,0.9787,0.9856,0.9849,0.9132
cg01074104,0.9473,0.9636,0.9548,0.953,0.9545,0.9382,0.9488,0.9317,0.8158
cg11865578,0.9643,0.954,0.9482,0.9544,0.9618,0.9461,0.9793,0.9828,0.9674
cg18907098,0.9361,0.9342,0.9307,0.9266,0.9328,0.9314,0.888,0.9055,0.8399
cg24892120,0.8057,0.7933,0.7874,0.7909,0.797,0.7764,0.8626,0.8297,0.7704
cg08796240,0.9568,0.9775,0.9742,0.9107,0.9754,0.7086,0.9856,0.9824,0.5762
cg06096175,0.9888,0.9875,0.9875,0.9874,0.9885,0.987,0.9932,0.9893,0.99
cg20278383,0.9644,0.9609,0.9614,0.9562,0.9622,0.9614,0.9587,0.9629,0.9692
cg08577953,0.9715,0.9715,0.9708,0.9656,0.9717,0.9607,0.9777,0.9752,0.9725
cg14095720,0.9814,0.9777,0.978,0.9771,0.9789,0.9768,0.9808,0.9722,0.9606
cg17565051,0.9666,0.9632,0.9614,0.9644,0.9631,0.9606,0.9808,0.9685,0.9809
cg00243187,0.9858,0.9847,0.9847,0.983,0.9854,0.9841,0.9913,0.9875,0.9774
cg09632029,0.9672,0.9715,0.9704,0.9656,0.9698,0.9646,0.987,0.9522,0.9664
cg09941017,0.9607,0.9661,0.9621,0.9688,0.9654,0.9624,0.975,0.9715,0.9417
cg12856760,0.975,0.976,0.9751,0.9738,0.9748,0.9754,0.9878,0.9873,0.9778
cg22452170,0.9783,0.978,0.9738,0.9758,0.9762,0.9733,0.9842,0.8403,0.9643
cg08623515,0.9699,0.6846,0.9637,0.9616,0.9703,0.9691,0.9654,0.9468,0.9724
cg21708145,0.8846,0.447,0.8581,0.8266,0.8459,0.8815,0.9111,0.8932,0.8955
cg02225988,0.9771,0.971,0.9717,0.971,0.9723,0.9758,0.9879,0.9809,0.9851
cg22504031,0.8761,0.8733,0.8624,0.8552,0.8844,0.8621,0.9003,0.8227,0.8705
cg16644803,0.9484,0.9508,0.9543,0.9529,0.9545,0.9447,0.9831,0.9788,0.9753
cg10709708,0.9614,0.9581,0.9599,0.963,0.9674,0.9513,0.9818,0.9756,0.9701
cg10426234,0.9756,0.9785,0.9537,0.9615,0.9539,0.9733,0.9807,0.9835,0.9723
cg03816062,0.9752,0.9774,0.9723,0.9677,0.9743,0.9688,0.9868,0.9757,0.8659
cg18003518,0.9527,0.9509,0.9576,0.9404,0.9556,0.9432,0.9311,0.9387,0.8676
cg27092995,0.965,0.9668,0.9673,0.9656,0.9671,0.9676,0.9813,0.9717,0.9553
cg02154436,0.9497,0.9528,0.9437,0.9427,0.9531,0.933,0.9724,0.9005,0.9632
cg16145211,0.9659,0.9635,0.9682,0.963,0.9638,0.9651,0.9693,0.9618,0.9706
cg12249345,0.975,0.9612,0.9662,0.9742,0.9708,0.9706,0.9825,0.9851,0.9888
cg21978694,0.9788,0.9667,0.9726,0.978,0.9746,0.9791,0.9912,0.9868,0.9886
cg27630540,0.9748,0.9745,0.9723,0.9722,0.974,0.9675,0.982,0.9785,0.9797
cg13294602,0.9714,0.9671,0.966,0.9653,0.9702,0.965,0.9857,0.9792,0.9853
cg12249345,0.975,0.9612,0.9662,0.9742,0.9708,0.9706,0.9825,0.9851,0.9888
cg21978694,0.9788,0.9667,0.9726,0.978,0.9746,0.9791,0.9912,0.9868,0.9886
cg16644803,0.9484,0.9508,0.9543,0.9529,0.9545,0.9447,0.9831,0.9788,0.9753
cg10709708,0.9614,0.9581,0.9599,0.963,0.9674,0.9513,0.9818,0.9756,0.9701
cg09927251,0.9592,0.9374,0.9579,0.9536,0.9547,0.9468,0.9742,0.8518,0.8747
cg01743020,0.9735,0.962,0.9729,0.9718,0.977,0.9767,0.9735,0.9423,0.934
cg17162031,0.8819,0.7257,0.876,0.8536,0.8886,0.8829,0.9023,0.7748,0.7624
cg08533865,0.9868,0.9844,0.9846,0.9865,0.9864,0.9856,0.9912,0.9914,0.9932
cg23836168,0.8534,0.8523,0.8479,0.8559,0.8568,0.8424,0.8796,0.7823,0.8457
cg05358397,0.9741,0.9721,0.9718,0.9652,0.9638,0.9756,0.9805,0.973,0.965
cg14642467,0.9754,0.9735,0.9775,0.977,0.9789,0.9685,0.9896,0.9814,0.9836
cg00403616,0.9734,0.9706,0.9702,0.9711,0.9751,0.9687,0.9793,0.9672,0.9228
cg13929734,0.9766,0.9786,0.9773,0.9778,0.9789,0.9754,0.9896,0.8693,0.93
cg04462650,0.9742,0.9766,0.9734,0.9703,0.9753,0.9718,0.9836,0.9633,0.947
cg22278901,0.9693,0.9502,0.9622,0.9329,0.9623,0.9615,0.9843,0.957,0.9617
cg25207147,0.9656,0.9622,0.9623,0.9566,0.9652,0.9627,0.9399,0.9517,0.9253
cg06382167,0.9157,0.9171,0.9139,0.9019,0.9129,0.9108,0.941,0.8887,0.8837
cg21488093,0.9123,0.9165,0.9052,0.9042,0.915,0.9171,0.9477,0.8861,0.9129
cg15750941,0.9824,0.9777,0.9735,0.9791,0.9751,0.9818,0.9904,0.9219,0.9625
cg09176893,0.9682,0.9542,0.9502,0.9538,0.9399,0.9621,0.9872,0.9588,0.9778
cg11143131,0.973,0.9707,0.9723,0.9742,0.9752,0.9747,0.9751,0.959,0.9511
cg16908901,0.9752,0.9748,0.9742,0.9708,0.9719,0.975,0.9907,0.9816,0.9858
cg13823144,0.9742,0.9718,0.9662,0.9631,0.9621,0.9693,0.9897,0.9534,0.9756
cg15775406,0.9602,0.9618,0.9638,0.9619,0.9592,0.9484,0.9738,0.9533,0.9632
cg27092995,0.965,0.9668,0.9673,0.9656,0.9671,0.9676,0.9813,0.9717,0.9553
cg02154436,0.9497,0.9528,0.9437,0.9427,0.9531,0.933,0.9724,0.9005,0.9632
cg16900589,0.9602,0.9595,0.9558,0.9562,0.9581,0.9537,0.9828,0.9793,0.9695
cg16796151,0.9689,0.9596,0.9557,0.9634,0.9634,0.9632,0.9746,0.9489,0.9616
cg06684201,0.97,0.9638,0.9663,0.9696,0.9715,0.9723,0.9793,0.963,0.9718
cg25859670,0.9528,0.9574,0.9557,0.9576,0.9573,0.9501,0.9471,0.9351,0.9619
cg20806040,0.9257,0.926,0.9208,0.919,0.9377,0.9216,0.96,0.9229,0.8913
cg14398860,0.9802,0.9784,0.98,0.979,0.9787,0.9786,0.9815,0.9796,0.981
cg03899721,0.983,0.9846,0.9553,0.9826,0.9752,0.9816,0.9916,0.9872,0.9911
cg05264881,0.9718,0.9263,0.9478,0.9662,0.9428,0.9671,0.9628,0.9773,0.9682
cg14574910,0.9685,0.973,0.9704,0.9694,0.9726,0.9652,0.9734,0.9762,0.8356
cg06593910,0.9646,0.8207,0.9697,0.9708,0.9708,0.9686,0.9865,0.9795,0.9122
cg10152624,0.9711,0.9676,0.9716,0.9673,0.9701,0.9673,0.9721,0.9762,0.9793
cg05349039,0.8537,0.847,0.822,0.8358,0.8309,0.8443,0.8907,0.8352,0.7773
cg07529658,0.9656,0.9637,0.964,0.9622,0.9668,0.9631,0.9785,0.9739,0.9326
cg16245035,0.9821,0.9821,0.9754,0.9823,0.9813,0.9792,0.9866,0.9845,0.9883
cg03625662,0.9503,0.9459,0.9394,0.9428,0.9457,0.9371,0.9467,0.9641,0.972
cg10589396,0.8996,0.8977,0.8832,0.8996,0.8988,0.875,0.8082,0.9538,0.93
cg02650121,0.9335,0.9319,0.9255,0.9211,0.9263,0.9336,0.9744,0.9482,0.9399
cg27104778,0.9755,0.9743,0.9707,0.9717,0.9745,0.9716,0.9843,0.9772,0.9852
cg20722637,0.9708,0.9692,0.9621,0.9702,0.9647,0.9607,0.9785,0.98,0.973
cg09115646,0.9646,0.9085,0.9512,0.9622,0.9521,0.9393,0.9842,0.9483,0.9689
cg16796151,0.9689,0.9596,0.9557,0.9634,0.9634,0.9632,0.9746,0.9489,0.9616
cg06684201,0.97,0.9638,0.9663,0.9696,0.9715,0.9723,0.9793,0.963,0.9718
cg24859375,0.9412,0.9514,0.944,0.9441,0.9465,0.945,0.9726,0.9604,0.9634
cg16990083,0.9664,0.8321,0.9627,0.9671,0.9534,0.9632,0.9822,0.9752,0.9824
cg26953293,0.956,0.9494,0.9489,0.9475,0.9549,0.9467,0.9835,0.9481,0.9798
cg24873695,0.9698,0.9632,0.9685,0.963,0.9719,0.97,0.9899,0.9211,0.92
cg06834177,0.9626,0.963,0.9604,0.9648,0.9629,0.9633,0.9694,0.9684,0.9601
cg03961030,0.8493,0.8464,0.8451,0.8503,0.8556,0.8364,0.9066,0.8218,0.8619
cg15100947,0.8824,0.8854,0.8738,0.8723,0.8812,0.8609,0.9316,0.9005,0.9086
cg16990945,0.956,0.789,0.956,0.7852,0.9592,0.9585,0.9859,0.9764,0.9795
cg01233786,0.9754,0.9646,0.9731,0.9765,0.9751,0.9751,0.9866,0.9733,0.9638
cg11840467,0.907,0.8781,0.8889,0.8892,0.8954,0.8945,0.9414,0.8564,0.84
cg10249637,0.9717,0.9584,0.9434,0.9541,0.9423,0.9692,0.975,0.838,0.8371
cg14840782,0.9703,0.9599,0.9648,0.9641,0.9564,0.9664,0.9846,0.9602,0.9573
cg24404878,0.9667,0.8392,0.9305,0.9526,0.9604,0.9663,0.9816,0.9196,0.9037
cg22605290,0.9314,0.9358,0.9184,0.9247,0.9242,0.923,0.9645,0.9641,0.8479
cg16621196,0.9275,0.9267,0.9228,0.9188,0.9285,0.9216,0.934,0.9367,0.8284
cg24137774,0.9602,0.9565,0.961,0.9261,0.9578,0.9443,0.9163,0.7891,0.8813
cg25909885,0.8828,0.8732,0.8728,0.8581,0.881,0.8508,0.9145,0.8211,0.8518
cg27196131,0.9615,0.9689,0.9688,0.9612,0.9682,0.9561,0.9348,0.7582,0.8706
cg16053005,0.9743,0.9723,0.972,0.9675,0.9704,0.9628,0.9658,0.9598,0.9177
cg06513819,0.9139,0.93,0.917,0.914,0.9263,0.9084,0.9387,0.9181,0.8362
cg12349571,0.931,0.5138,0.9124,0.9199,0.933,0.9082,0.9615,0.9606,0.9618
cg01666796,0.9524,0.4456,0.9485,0.951,0.96,0.9356,0.9032,0.9798,0.9793
cg21617494,0.9724,0.9701,0.9726,0.9616,0.9646,0.9669,0.9523,0.8966,0.9578
cg06509223,0.9384,0.9493,0.9484,0.9372,0.9419,0.9381,0.9049,0.9084,0.8952
cg24990808,0.9764,0.9755,0.9724,0.9744,0.9716,0.9758,0.9864,0.9792,0.9792
cg02381965,0.9741,0.9737,0.9704,0.9721,0.975,0.9707,0.9838,0.9795,0.9841
cg24929896,0.8985,0.8968,0.8979,0.8963,0.9051,0.8955,0.9275,0.9015,0.9115
cg06415550,0.9593,0.9513,0.9468,0.949,0.9614,0.9389,0.9741,0.972,0.9654
cg16124920,0.9766,0.9749,0.975,0.9694,0.9732,0.9758,0.9839,0.9869,0.9601
cg18003518,0.9527,0.9509,0.9576,0.9404,0.9556,0.9432,0.9311,0.9387,0.8676
cg01286950,0.9664,0.9624,0.9622,0.965,0.9622,0.9637,0.9623,0.9686,0.9243
cg21927314,0.9412,0.947,0.9396,0.9442,0.9441,0.9356,0.9287,0.933,0.7982
cg25718735,0.9586,0.9674,0.9659,0.9647,0.9657,0.9593,0.9877,0.8214,0.8899
cg08763309,0.8695,0.861,0.8562,0.8464,0.8675,0.8629,0.8989,0.7346,0.8499
cg03816062,0.9752,0.9774,0.9723,0.9677,0.9743,0.9688,0.9868,0.9757,0.8659
cg18003518,0.9527,0.9509,0.9576,0.9404,0.9556,0.9432,0.9311,0.9387,0.8676
cg01286950,0.9664,0.9624,0.9622,0.965,0.9622,0.9637,0.9623,0.9686,0.9243
cg02517488,0.9685,0.9628,0.9652,0.9672,0.9668,0.9727,0.9865,0.9677,0.9776
cg15305070,0.9442,0.9627,0.9555,0.9496,0.9587,0.9357,0.9791,0.9666,0.9511
cg06662140,0.9654,0.912,0.9748,0.937,0.9424,0.9531,0.9808,0.9241,0.8629
cg10584587,0.9819,0.9813,0.98,0.9778,0.9789,0.9759,0.9857,0.984,0.9554
cg21843262,0.9748,0.571,0.976,0.9763,0.9764,0.9787,0.9728,0.9851,0.8962
cg13858127,0.9705,0.9723,0.973,0.9721,0.9733,0.9711,0.9885,0.8364,0.8186
cg14061772,0.933,0.9427,0.9305,0.9304,0.9315,0.9268,0.9669,0.9116,0.949
cg26463699,0.9666,0.9625,0.9613,0.9566,0.9681,0.9641,0.9783,0.966,0.9803
cg13945749,0.9397,0.9641,0.9472,0.9382,0.9554,0.9348,0.9751,0.9603,0.8176
cg10369955,0.971,0.9746,0.971,0.9726,0.9716,0.972,0.961,0.9632,0.9522
cg12221318,0.9656,0.9592,0.9507,0.9618,0.9548,0.9582,0.966,0.9565,0.8996
cg04574095,0.9639,0.9522,0.9629,0.9597,0.9614,0.955,0.9803,0.9576,0.9753
cg20168823,0.9824,0.9856,0.9836,0.9802,0.9844,0.9776,0.9915,0.9888,0.9848
cg10407177,0.858,0.85,0.8358,0.838,0.8366,0.8522,0.8885,0.76,0.863
cg26967566,0.9852,0.9811,0.9799,0.982,0.9819,0.983,0.9856,0.9809,0.9855
cg05598886,0.9697,0.9767,0.9721,0.9708,0.9718,0.965,0.9823,0.984,0.9827
cg10268345,0.9784,0.9779,0.9793,0.9791,0.978,0.9785,0.9905,0.9873,0.9866
cg07036112,0.887,0.8766,0.8782,0.8817,0.8836,0.8738,0.9163,0.8982,0.8964
cg25545503,0.9361,0.9334,0.9327,0.9282,0.9434,0.9254,0.9583,0.9126,0.911
cg02666489,0.841,0.8336,0.8114,0.8234,0.8271,0.8204,0.8597,0.7542,0.7387
cg08775375,0.9282,0.9407,0.9193,0.9194,0.9179,0.9304,0.9713,0.8252,0.9199
cg07797693,0.963,0.9647,0.9542,0.9482,0.9575,0.9553,0.9839,0.8455,0.9246
cg24998791,0.7965,0.7462,0.7373,0.7734,0.7142,0.8053,0.8767,0.6181,0.7367
cg03816625,0.9816,0.9732,0.8555,0.9802,0.9489,0.9809,0.9913,0.9831,0.9873
cg00912247,0.9668,0.9686,0.9672,0.957,0.9657,0.9676,0.9696,0.8789,0.831
cg24140574,0.9739,0.973,0.9736,0.9731,0.9748,0.9706,0.981,0.9787,0.9694
cg10494257,0.9239,0.924,0.9174,0.9182,0.9164,0.9214,0.9557,0.9222,0.9076
cg17125804,0.9808,0.982,0.9759,0.9766,0.9792,0.9781,0.9912,0.9537,0.8182
cg07263694,0.8273,0.8304,0.8177,0.8077,0.837,0.8085,0.8381,0.6309,0.5365
cg00535785,0.9747,0.9719,0.974,0.9731,0.9735,0.9737,0.967,0.9787,0.8341
cg13576505,0.9663,0.9639,0.9658,0.9612,0.9677,0.9552,0.9655,0.9752,0.8992
cg21478921,0.9707,0.969,0.9717,0.9677,0.9728,0.9721,0.9543,0.9681,0.9722
cg03301433,0.9248,0.9258,0.9222,0.921,0.9203,0.9186,0.9374,0.9146,0.9318
cg07858195,0.9718,0.9724,0.9737,0.9728,0.9722,0.9687,0.9743,0.9707,0.9805
cg02723533,0.9828,0.9836,0.9844,0.9748,0.9835,0.9812,0.9894,0.9888,0.913
cg06698598,0.9789,0.9793,0.9769,0.9778,0.9788,0.9786,0.9897,0.9759,0.9007
cg04099705,0.9788,0.976,0.9755,0.9779,0.9761,0.9782,0.9735,0.9381,0.9034
cg19494587,0.8724,0.8774,0.8494,0.8652,0.8642,0.8526,0.9122,0.791,0.7861
cg12462916,0.9754,0.9744,0.9722,0.9738,0.9745,0.9717,0.9702,0.9743,0.6593
cg18679487,0.9723,0.97,0.9662,0.9666,0.9705,0.9647,0.9835,0.9861,0.9511
cg03899721,0.983,0.9846,0.9553,0.9826,0.9752,0.9816,0.9916,0.9872,0.9911
cg09473364,0.9717,0.9782,0.973,0.9733,0.9742,0.9726,0.9889,0.9795,0.7297
cg10243459,0.9711,0.9672,0.9667,0.9682,0.9663,0.9683,0.9786,0.9765,0.9462
cg00347938,0.9761,0.9802,0.9802,0.9749,0.9839,0.9764,0.9863,0.9854,0.7921
cg02571204,0.9442,0.9528,0.9458,0.9503,0.9524,0.9446,0.9185,0.9483,0.9104
cg09581935,0.912,0.9103,0.9068,0.9114,0.911,0.9069,0.8963,0.913,0.8928
cg27000496,0.982,0.9803,0.9795,0.9788,0.9834,0.9775,0.9887,0.9189,0.8958
cg13659360,0.9685,0.9646,0.9665,0.9693,0.9706,0.9624,0.985,0.9775,0.8167
cg10067182,0.958,0.9601,0.96,0.9613,0.9609,0.9594,0.9568,0.9658,0.9639
cg19755813,0.9759,0.9766,0.9779,0.9734,0.9786,0.7028,0.9887,0.9855,0.9587
cg13599131,0.9041,0.9501,0.9489,0.9246,0.9577,0.9324,0.9544,0.96,0.8672
cg27353308,0.918,0.9728,0.9709,0.9585,0.9803,0.9701,0.9874,0.9868,0.9793
cg20651080,0.9694,0.9664,0.9602,0.9691,0.9679,0.95,0.9845,0.9368,0.9788
cg03571301,0.7384,0.7532,0.7526,0.788,0.7657,0.6544,0.8134,0.5315,0.708
cg19223190,0.9714,0.97,0.9662,0.9695,0.9725,0.9666,0.9862,0.9789,0.9833
cg13939156,0.8338,0.8335,0.8359,0.8358,0.8472,0.8337,0.8742,0.8458,0.8553
cg03046466,0.972,0.9674,0.9652,0.9634,0.9677,0.9704,0.982,0.9752,0.9811
cg04410987,0.907,0.8977,0.9228,0.925,0.917,0.9236,0.7423,0.8951,0.8655
cg14498227,0.9408,0.8731,0.9441,0.9358,0.9435,0.9435,0.9498,0.9625,0.9598
cg22795345,0.975,0.9744,0.972,0.9744,0.9746,0.9719,0.9819,0.9763,0.4791
cg14270002,0.9718,0.967,0.966,0.9678,0.9668,0.9647,0.946,0.9714,0.4053
cg16628135,0.9799,0.9805,0.9777,0.9797,0.9793,0.9759,0.9893,0.951,0.6033
cg12201155,0.9705,0.9718,0.9705,0.9696,0.972,0.9723,0.9728,0.9753,0.8808
cg22795345,0.975,0.9744,0.972,0.9744,0.9746,0.9719,0.9819,0.9763,0.4791
cg14270002,0.9718,0.967,0.966,0.9678,0.9668,0.9647,0.946,0.9714,0.4053
cg01602345,0.9545,0.9489,0.9466,0.9541,0.9476,0.9522,0.9715,0.9465,0.7826
cg21167817,0.9836,0.9803,0.9792,0.9827,0.9813,0.985,0.9899,0.9844,0.8701
cg00912247,0.9668,0.9686,0.9672,0.957,0.9657,0.9676,0.9696,0.8789,0.831
cg26539736,0.9768,0.9751,0.9726,0.9709,0.9711,0.9761,0.9901,0.9859,0.5716
cg02501155,0.9699,0.9697,0.9676,0.9668,0.9672,0.9593,0.9757,0.7131,0.6374
cg17244801,0.9615,0.9568,0.9563,0.9596,0.9618,0.9613,0.9612,0.965,0.9732
cg22979083,0.9603,0.9655,0.9533,0.951,0.9608,0.9411,0.9724,0.9689,0.9311
cg03616722,0.9308,0.9404,0.9497,0.8957,0.9359,0.9281,0.9334,0.8053,0.7707
cg03890628,0.9697,0.9704,0.9679,0.9678,0.9681,0.9686,0.9802,0.9341,0.9798
cg18725348,0.9492,0.9496,0.9401,0.9327,0.9487,0.942,0.9632,0.936,0.7439
cg01071314,0.9704,0.9723,0.9632,0.9674,0.9705,0.9613,0.9818,0.9587,0.759
cg01176141,0.9785,0.9767,0.9742,0.9749,0.9755,0.9738,0.9875,0.973,0.7682
cg13089599,0.9688,0.9698,0.9656,0.9679,0.969,0.9654,0.9767,0.9549,0.6322
cg20285974,0.9773,0.9776,0.9752,0.9767,0.9749,0.9769,0.9877,0.9765,0.6687
cg05485379,0.9772,0.9364,0.9646,0.9782,0.9569,0.9809,0.9858,0.9831,0.7106
cg25611057,0.9323,0.8637,0.8308,0.9298,0.7802,0.9253,0.9635,0.8819,0.552
cg20282303,0.9701,0.9737,0.9662,0.9676,0.9682,0.9712,0.9675,0.9679,0.846
cg13241681,0.9754,0.9732,0.9692,0.9718,0.9746,0.9752,0.9681,0.9569,0.4644
cg22612590,0.9103,0.9044,0.902,0.8984,0.9019,0.902,0.8203,0.8884,0.5312
cg02923888,0.9842,0.9828,0.9835,0.9819,0.984,0.9798,0.9821,0.9565,0.98
cg04934595,0.9801,0.977,0.9744,0.978,0.9801,0.977,0.991,0.9495,0.6154
cg20691436,0.9676,0.9684,0.9649,0.9673,0.968,0.9661,0.9829,0.9818,0.9296
cg03558269,0.9787,0.9746,0.974,0.9746,0.9765,0.9791,0.985,0.906,0.9337
cg15320905,0.9772,0.9767,0.9745,0.9741,0.9794,0.9715,0.9725,0.9606,0.7649
cg21613549,0.9629,0.9614,0.9538,0.958,0.9645,0.959,0.9801,0.909,0.9466
cg12512173,0.885,0.8739,0.8718,0.8679,0.8808,0.8761,0.8925,0.8055,0.8539
cg22032283,0.9239,0.9222,0.9182,0.9158,0.9252,0.9246,0.9099,0.8681,0.8975
cg02863087,0.969,0.9666,0.9664,0.9658,0.9683,0.9648,0.9645,0.948,0.9547
cg17006413,0.9642,0.9548,0.9518,0.9609,0.9564,0.9547,0.9786,0.8581,0.618
cg21472517,0.9699,0.9699,0.965,0.9622,0.9707,0.9608,0.9874,0.9563,0.6788
cg18019572,0.8304,0.788,0.8095,0.8372,0.8124,0.8283,0.8678,0.6762,0.4928
cg22673826,0.9069,0.874,0.8924,0.9072,0.895,0.9084,0.9394,0.8521,0.6182
cg05855116,0.9357,0.9567,0.9558,0.9553,0.9601,0.9318,0.918,0.9685,0.9642
cg26918117,0.4981,0.8986,0.8892,0.8883,0.9118,0.5366,0.9371,0.8931,0.8802
cg04897892,0.973,0.9717,0.9707,0.9695,0.9741,0.9642,0.9686,0.9658,0.5872
cg08552167,0.9718,0.9549,0.9634,0.9602,0.9554,0.9718,0.9771,0.9653,0.9228
cg00922420,0.9762,0.9715,0.9739,0.9748,0.9758,0.97,0.9827,0.9682,0.9855
cg07259651,0.9647,0.962,0.9636,0.9646,0.966,0.9611,0.9799,0.9799,0.9856
cg26058289,0.9688,0.9635,0.9569,0.9612,0.9661,0.9574,0.9851,0.9847,0.991
cg24060527,0.9584,0.9589,0.9666,0.9593,0.9671,0.9442,0.9813,0.9591,0.9665
cg00869989,0.9744,0.947,0.9712,0.9711,0.9728,0.9725,0.9827,0.9808,0.9834
cg09559196,0.9645,0.9596,0.9526,0.9526,0.9545,0.9505,0.9331,0.8752,0.9225
cg05798147,0.9316,0.9132,0.9184,0.9068,0.9256,0.9152,0.8435,0.8862,0.8311
cg14377739,0.9863,0.9864,0.9878,0.9849,0.988,0.9844,0.9926,0.9814,0.7408
cg13858127,0.9705,0.9723,0.973,0.9721,0.9733,0.9711,0.9885,0.8364,0.8186
cg04725041,0.9249,0.9348,0.9322,0.9325,0.9355,0.9123,0.9616,0.8787,0.947
cg05697539,0.9763,0.9746,0.9728,0.9728,0.976,0.9743,0.9871,0.9851,0.9843
cg02474926,0.8923,0.8877,0.8827,0.8793,0.8962,0.8793,0.8897,0.8741,0.8682
cg22079102,0.9511,0.9468,0.949,0.9516,0.9513,0.9482,0.9624,0.8083,0.6349
cg07838427,0.9744,0.9736,0.9713,0.9714,0.9757,0.9689,0.9878,0.9849,0.5755
cg20268930,0.9602,0.9554,0.9564,0.9555,0.9564,0.9426,0.9821,0.9708,0.9813
cg14139875,0.9637,0.9638,0.9475,0.9596,0.9466,0.9579,0.9887,0.9873,0.7313
cg22306015,0.939,0.9145,0.8847,0.917,0.8882,0.9256,0.9755,0.9277,0.5799
cg08057475,0.9219,0.9169,0.8975,0.9156,0.9172,0.9171,0.8845,0.916,0.4355
cg17016175,0.9177,0.9232,0.9215,0.9107,0.9159,0.9218,0.8961,0.8959,0.5234
cg07335189,0.969,0.9646,0.9606,0.9606,0.9631,0.9566,0.9811,0.9074,0.9625
cg23478225,0.9232,0.9275,0.9176,0.9246,0.9208,0.9236,0.7432,0.9316,0.8898
cg04410987,0.907,0.8977,0.9228,0.925,0.917,0.9236,0.7423,0.8951,0.8655
cg14498227,0.9408,0.8731,0.9441,0.9358,0.9435,0.9435,0.9498,0.9625,0.9598
cg16707227,0.965,0.9631,0.972,0.9702,0.9714,0.9578,0.9719,0.7373,0.7846
cg15480114,0.9748,0.9772,0.9754,0.9751,0.9761,0.9734,0.9886,0.9803,0.9633
cg22849149,0.926,0.9254,0.9209,0.9272,0.9312,0.9047,0.9673,0.96,0.9632
cg15922228,0.8622,0.8767,0.8561,0.8744,0.8746,0.8356,0.8608,0.7963,0.8174
cg04076264,0.9148,0.9143,0.9065,0.9119,0.9225,0.9001,0.9679,0.9666,0.9803
cg20067575,0.9732,0.9704,0.971,0.9714,0.9738,0.9678,0.9835,0.9808,0.9725
cg04286195,0.9664,0.9696,0.9686,0.9694,0.9692,0.9664,0.9818,0.9769,0.9725
cg06969933,0.8866,0.8746,0.8502,0.8844,0.8588,0.8608,0.9184,0.8243,0.8534
cg05762553,0.8844,0.8814,0.8764,0.884,0.8807,0.8751,0.9093,0.8758,0.8822
cg22786486,0.9474,0.9502,0.9489,0.9484,0.9502,0.9522,0.9697,0.9383,0.8516
cg16929427,0.97,0.9745,0.9732,0.9722,0.9724,0.9723,0.9757,0.9758,0.934
cg00134190,0.83,0.8605,0.8512,0.8486,0.8645,0.8031,0.8607,0.8632,0.8709
cg27089559,0.8717,0.8717,0.8581,0.8636,0.8759,0.8423,0.8938,0.8813,0.8971
cg26431815,0.9552,0.9541,0.9441,0.9479,0.9574,0.9492,0.9784,0.975,0.5387
cg02612270,0.9426,0.9365,0.9007,0.9247,0.9224,0.9268,0.965,0.9568,0.6986
cg24586870,0.9788,0.9776,0.9776,0.9776,0.9766,0.975,0.9899,0.9817,0.5717
cg04649852,0.9534,0.9372,0.9364,0.9398,0.9317,0.9414,0.9773,0.9123,0.9375
cg03383886,0.9437,0.9534,0.9521,0.9487,0.9465,0.9419,0.9509,0.9496,0.5859
cg13599131,0.9041,0.9501,0.9489,0.9246,0.9577,0.9324,0.9544,0.96,0.8672
cg27353308,0.918,0.9728,0.9709,0.9585,0.9803,0.9701,0.9874,0.9868,0.9793
cg02835981,0.3939,0.528,0.494,0.3855,0.5144,0.3755,0.397,0.3158,0.4135
cg21762589,0.5328,0.5745,0.5503,0.4638,0.5619,0.4793,0.6205,0.5841,0.4952
cg26906629,0.9479,0.9451,0.9427,0.9514,0.9505,0.936,0.9678,0.9048,0.9444
cg00357546,0.9541,0.957,0.9564,0.9549,0.9548,0.9544,0.9612,0.9647,0.9408
cg25408237,0.9742,0.9748,0.9724,0.9702,0.9746,0.9711,0.9672,0.9492,0.8174
cg07897659,0.9714,0.9712,0.9698,0.9674,0.9726,0.9706,0.9875,0.9881,0.911
cg24640577,0.9211,0.9431,0.9375,0.9336,0.935,0.9363,0.9234,0.8856,0.9213
cg06826710,0.9148,0.9151,0.9046,0.9022,0.9153,0.8978,0.9045,0.8514,0.9098
cg23430295,0.9538,0.9532,0.9518,0.9406,0.9482,0.9442,0.9619,0.9614,0.8541
cg05828992,0.8995,0.8954,0.8777,0.8972,0.8934,0.885,0.9062,0.9284,0.8489
cg02152290,0.985,0.9822,0.982,0.9848,0.9857,0.9838,0.9927,0.9918,0.6813
cg15640993,0.9126,0.9255,0.9093,0.9006,0.9092,0.8904,0.9685,0.9516,0.8808
cg11827743,0.9093,0.9163,0.8982,0.9072,0.9153,0.8964,0.9551,0.9418,0.9039
cg27026390,0.939,0.938,0.9161,0.925,0.936,0.9275,0.9409,0.9459,0.9018
cg14245471,0.9684,0.9686,0.9674,0.9694,0.9678,0.9666,0.9809,0.819,0.8063
cg19081571,0.952,0.9498,0.948,0.9483,0.9519,0.9468,0.9702,0.9578,0.73
cg17469240,0.9686,0.9664,0.9635,0.969,0.967,0.9677,0.9806,0.9738,0.8579
cg01176141,0.9785,0.9767,0.9742,0.9749,0.9755,0.9738,0.9875,0.973,0.7682
cg13089599,0.9688,0.9698,0.9656,0.9679,0.969,0.9654,0.9767,0.9549,0.6322
cg22004774,0.9161,0.9096,0.9007,0.9016,0.9087,0.904,0.909,0.8562,0.8957
cg14553824,0.9124,0.9042,0.9022,0.8998,0.9117,0.908,0.864,0.8342,0.8674
cg24008893,0.9092,0.9035,0.9077,0.9022,0.9107,0.9002,0.9257,0.9129,0.8137
cg11276053,0.9784,0.9782,0.9744,0.977,0.9762,0.9791,0.9874,0.9845,0.9816
cg26070281,0.9836,0.9815,0.9774,0.9719,0.978,0.9832,0.9869,0.9892,0.9881
cg10464529,0.9804,0.9802,0.9778,0.9779,0.9805,0.9778,0.9906,0.9885,0.99
cg00454856,0.9788,0.979,0.9779,0.9798,0.9776,0.9772,0.9902,0.986,0.987
cg25899954,0.9699,0.9678,0.964,0.9674,0.9686,0.9675,0.9805,0.9768,0.9702
cg09227533,0.9795,0.98,0.9777,0.9787,0.9787,0.9757,0.9838,0.9872,0.9842
cg00313498,0.9751,0.897,0.9747,0.9748,0.9759,0.9789,0.9816,0.985,0.9813
cg27567206,0.9624,0.9119,0.9563,0.9628,0.955,0.9624,0.9685,0.9781,0.9493
cg10099518,0.9803,0.9107,0.9771,0.9773,0.979,0.9812,0.9839,0.9765,0.9828
cg17257554,0.973,0.9744,0.9747,0.9788,0.9743,0.9743,0.9775,0.9793,0.9382
cg00313498,0.9751,0.897,0.9747,0.9748,0.9759,0.9789,0.9816,0.985,0.9813
cg27567206,0.9624,0.9119,0.9563,0.9628,0.955,0.9624,0.9685,0.9781,0.9493
cg10099518,0.9803,0.9107,0.9771,0.9773,0.979,0.9812,0.9839,0.9765,0.9828
cg02359773,0.9695,0.9638,0.9636,0.9621,0.9653,0.9622,0.9772,0.9788,0.9503
cg13513411,0.9512,0.959,0.9492,0.9522,0.9534,0.9472,0.9711,0.9612,0.9788
cg19016273,0.9757,0.9761,0.9794,0.9781,0.9787,0.9763,0.9799,0.9193,0.9663
cg11985341,0.9755,0.9757,0.9743,0.974,0.9741,0.9739,0.9733,0.9791,0.9509
cg27223646,0.9689,0.963,0.9599,0.9568,0.9706,0.9577,0.9708,0.9772,0.9714
cg25637473,0.9788,0.9801,0.9799,0.978,0.9812,0.9801,0.9904,0.9827,0.9872
cg23066057,0.9638,0.9667,0.9683,0.957,0.9666,0.9672,0.9845,0.9733,0.9757
cg06136125,0.739,0.6628,0.6927,0.7331,0.6498,0.7666,0.8225,0.6641,0.5865
cg27459530,0.9696,0.9708,0.9704,0.9717,0.9746,0.9671,0.9864,0.9762,0.9627
cg08734237,0.9578,0.9536,0.9498,0.954,0.9546,0.9451,0.9729,0.9563,0.9557
cg02924834,0.8575,0.8622,0.8586,0.86,0.856,0.7981,0.8864,0.8,0.7497
cg00313498,0.9751,0.897,0.9747,0.9748,0.9759,0.9789,0.9816,0.985,0.9813
cg27567206,0.9624,0.9119,0.9563,0.9628,0.955,0.9624,0.9685,0.9781,0.9493
cg10099518,0.9803,0.9107,0.9771,0.9773,0.979,0.9812,0.9839,0.9765,0.9828
cg24630516,0.9783,0.9726,0.9723,0.9748,0.9709,0.9711,0.9702,0.8764,0.9807
cg05343689,0.891,0.8984,0.8908,0.8986,0.8991,0.8925,0.9177,0.7451,0.818
cg07783183,0.9196,0.9212,0.8989,0.9211,0.9222,0.9189,0.9517,0.7252,0.9351
cg11985341,0.9755,0.9757,0.9743,0.974,0.9741,0.9739,0.9733,0.9791,0.9509
cg27223646,0.9689,0.963,0.9599,0.9568,0.9706,0.9577,0.9708,0.9772,0.9714
cg25931138,0.9639,0.9656,0.9621,0.968,0.9641,0.9608,0.9547,0.9531,0.9656
cg12923728,0.591,0.6161,0.5716,0.6029,0.5459,0.6192,0.693,0.5975,0.6415
cg01813877,0.9678,0.9628,0.9673,0.9655,0.9676,0.9576,0.971,0.9727,0.9799
cg01125214,0.977,0.9786,0.9754,0.9733,0.9776,0.9702,0.9787,0.9788,0.9843
cg25637473,0.9788,0.9801,0.9799,0.978,0.9812,0.9801,0.9904,0.9827,0.9872
cg23066057,0.9638,0.9667,0.9683,0.957,0.9666,0.9672,0.9845,0.9733,0.9757
cg06136125,0.739,0.6628,0.6927,0.7331,0.6498,0.7666,0.8225,0.6641,0.5865
cg22782070,0.9812,0.9753,0.9769,0.9784,0.9808,0.979,0.9878,0.9854,0.9858
cg26994283,0.9498,0.9654,0.9617,0.9661,0.9627,0.8249,0.9575,0.9593,0.9549
cg02654411,0.9795,0.9758,0.9741,0.9734,0.977,0.9738,0.9883,0.9716,0.989
cg24425531,0.9741,0.9726,0.974,0.974,0.9756,0.9727,0.9894,0.9862,0.9838
cg07979388,0.9629,0.9648,0.964,0.9633,0.9667,0.9596,0.9309,0.9495,0.9594
cg26673975,0.9844,0.9829,0.9833,0.9804,0.9822,0.9837,0.9908,0.9153,0.9805
cg02952918,0.9572,0.9561,0.9596,0.9589,0.9573,0.9571,0.9451,0.962,0.9614
cg14578247,0.9161,0.9158,0.9134,0.9158,0.9211,0.9168,0.9431,0.9225,0.9346
cg01602345,0.9545,0.9489,0.9466,0.9541,0.9476,0.9522,0.9715,0.9465,0.7826
cg21167817,0.9836,0.9803,0.9792,0.9827,0.9813,0.985,0.9899,0.9844,0.8701
cg02453348,0.9528,0.9411,0.9323,0.935,0.9317,0.9427,0.9625,0.9543,0.9784
cg14166625,0.8332,0.8021,0.7404,0.7732,0.7289,0.8354,0.7837,0.7467,0.7517
cg10933428,0.9706,0.9719,0.9645,0.9667,0.9704,0.9681,0.972,0.9628,0.9772
cg00102512,0.9035,0.9076,0.8977,0.9006,0.9031,0.8995,0.93,0.8816,0.9011
cg27459530,0.9696,0.9708,0.9704,0.9717,0.9746,0.9671,0.9864,0.9762,0.9627
cg08734237,0.9578,0.9536,0.9498,0.954,0.9546,0.9451,0.9729,0.9563,0.9557
cg24868883,0.9723,0.9709,0.9708,0.9682,0.9745,0.966,0.9908,0.9882,0.9904
cg15893929,0.9728,0.9726,0.9694,0.9696,0.9721,0.9682,0.9843,0.9345,0.9704
cg02746684,0.9766,0.9764,0.9742,0.9753,0.976,0.9733,0.984,0.9859,0.9819
cg00133223,0.8804,0.867,0.8744,0.8733,0.8784,0.8679,0.8973,0.864,0.8851
cg26124466,0.8665,0.8524,0.8605,0.8546,0.8648,0.8548,0.8958,0.8305,0.8819
cg17274072,0.9526,0.9488,0.9495,0.9415,0.9474,0.9508,0.9646,0.9567,0.9563
cg20985897,0.9595,0.9641,0.9553,0.9559,0.9564,0.9551,0.9651,0.907,0.9383
cg13786513,0.9548,0.9487,0.9427,0.9519,0.9554,0.9404,0.9679,0.965,0.9776
cg23716449,0.9778,0.9789,0.9778,0.9737,0.9774,0.9707,0.9911,0.989,0.9883
cg15997512,0.9493,0.9515,0.9468,0.9419,0.9482,0.9388,0.977,0.966,0.9612
cg00171166,0.9682,0.9613,0.9544,0.9576,0.9576,0.9543,0.9702,0.9782,0.9686
cg08552167,0.9718,0.9549,0.9634,0.9602,0.9554,0.9718,0.9771,0.9653,0.9228
cg14280283,0.9786,0.9795,0.9787,0.9808,0.9818,0.9801,0.9899,0.9863,0.9656
cg02381965,0.9741,0.9737,0.9704,0.9721,0.975,0.9707,0.9838,0.9795,0.9841
cg24929896,0.8985,0.8968,0.8979,0.8963,0.9051,0.8955,0.9275,0.9015,0.9115
cg16755475,0.9386,0.7505,0.9278,0.9358,0.9362,0.934,0.9775,0.9517,0.9699
cg11920453,0.9795,0.9771,0.977,0.9768,0.9795,0.974,0.9909,0.9814,0.9685
cg15147841,0.9507,0.9535,0.9523,0.949,0.9515,0.9552,0.9236,0.925,0.9117
cg12554051,0.9789,0.9766,0.9763,0.9761,0.9764,0.9751,0.9844,0.9769,0.984
cg24984147,0.8635,0.7733,0.7663,0.8591,0.8045,0.8766,0.9497,0.8349,0.8864
cg01179055,0.8664,0.8828,0.8788,0.8752,0.8932,0.8458,0.8854,0.8096,0.8188
cg03445173,0.9628,0.9618,0.9589,0.9553,0.9645,0.9537,0.9725,0.9181,0.9527
cg06880930,0.9518,0.8445,0.9431,0.9474,0.9524,0.944,0.9665,0.9514,0.9415
cg07521668,0.9708,0.9562,0.9429,0.9617,0.9398,0.966,0.9758,0.9477,0.9673
cg02235041,0.9559,0.954,0.9541,0.9508,0.9586,0.9526,0.9721,0.968,0.9712
cg10427811,0.9642,0.9585,0.953,0.9572,0.9578,0.9618,0.9677,0.9368,0.9726
cg02118390,0.9683,0.9694,0.9666,0.9679,0.9672,0.9699,0.9621,0.9362,0.9344
cg02655824,0.9329,0.9223,0.9224,0.9224,0.8546,0.9218,0.9544,0.8894,0.9285
cg25296804,0.8387,0.8408,0.8332,0.8244,0.8486,0.8405,0.903,0.8487,0.8829
cg10924857,0.9732,0.9721,0.9708,0.9726,0.9717,0.9676,0.9807,0.9798,0.987
cg18365383,0.9592,0.9584,0.9536,0.958,0.9582,0.9559,0.9426,0.9625,0.9758
cg24526056,0.9537,0.9559,0.9506,0.9527,0.9451,0.9555,0.8405,0.9532,0.9266
cg08209184,0.9575,0.9568,0.9482,0.9548,0.9537,0.9559,0.9745,0.9517,0.9624
cg00734813,0.8242,0.8321,0.7708,0.8018,0.7689,0.8044,0.8063,0.7841,0.7851
cg21970473,0.8712,0.8658,0.8564,0.8511,0.8677,0.852,0.8978,0.8788,0.8749
cg09927251,0.9592,0.9374,0.9579,0.9536,0.9547,0.9468,0.9742,0.8518,0.8747
cg01743020,0.9735,0.962,0.9729,0.9718,0.977,0.9767,0.9735,0.9423,0.934
cg17162031,0.8819,0.7257,0.876,0.8536,0.8886,0.8829,0.9023,0.7748,0.7624
cg04216051,0.9649,0.7774,0.8442,0.9539,0.7743,0.9183,0.9858,0.9702,0.9727
cg20415945,0.8849,0.8189,0.8907,0.8896,0.9015,0.8514,0.9042,0.9061,0.9105
cg11707310,0.984,0.9836,0.981,0.9815,0.9817,0.9826,0.9928,0.7496,0.9708
cg21929781,0.8741,0.8678,0.8586,0.8722,0.8774,0.8647,0.8507,0.6845,0.8438
cg01362762,0.9675,0.9599,0.9543,0.9497,0.9594,0.9574,0.9762,0.9529,0.9712
cg20149898,0.9402,0.9405,0.9383,0.9252,0.9425,0.9289,0.9224,0.94,0.9452
cg25154059,0.8602,0.8706,0.8625,0.853,0.873,0.86,0.8861,0.8818,0.8886
cg19358202,0.9536,0.9558,0.9512,0.9577,0.9549,0.9526,0.9833,0.9706,0.9798
cg26071556,0.9517,0.9516,0.9501,0.942,0.9468,0.9523,0.9685,0.9457,0.9565
cg11116288,0.934,0.9359,0.9257,0.9329,0.9262,0.9198,0.9255,0.8625,0.9095
cg13320257,0.8988,0.9026,0.8889,0.9035,0.9011,0.8866,0.8639,0.7778,0.8804
cg18579761,0.9234,0.9266,0.9256,0.917,0.9232,0.9166,0.9661,0.9675,0.96
cg21784143,0.9487,0.9475,0.9384,0.9417,0.9514,0.9397,0.9813,0.9498,0.869
cg05058886,0.952,0.9477,0.9426,0.9432,0.9498,0.9345,0.9744,0.9489,0.9391
cg01071314,0.9704,0.9723,0.9632,0.9674,0.9705,0.9613,0.9818,0.9587,0.759
cg03347739,0.9683,0.9612,0.9485,0.9569,0.9522,0.9559,0.964,0.9403,0.9731
cg18993641,0.9768,0.9073,0.9756,0.9752,0.9776,0.9761,0.9833,0.9849,0.9629
cg11753771,0.9736,0.9752,0.9726,0.9704,0.9698,0.9687,0.9857,0.9867,0.9859
cg03239335,0.9286,0.9184,0.9209,0.9171,0.9231,0.9102,0.9611,0.9616,0.9681
cg04893833,0.9316,0.9261,0.9197,0.919,0.9282,0.9201,0.9612,0.9053,0.917
cg15707332,0.9687,0.9669,0.9633,0.964,0.9672,0.9603,0.9853,0.9842,0.9693
cg09692355,0.9196,0.9105,0.915,0.9176,0.9142,0.917,0.9554,0.9354,0.9361
cg23716449,0.9778,0.9789,0.9778,0.9737,0.9774,0.9707,0.9911,0.989,0.9883
cg15997512,0.9493,0.9515,0.9468,0.9419,0.9482,0.9388,0.977,0.966,0.9612
cg03427577,0.9132,0.9109,0.9094,0.9121,0.9114,0.9225,0.9359,0.9157,0.9197
cg16481556,0.964,0.9666,0.9594,0.964,0.9569,0.9611,0.9866,0.9539,0.9637
cg03269045,0.966,0.9587,0.9505,0.9501,0.9452,0.9622,0.9767,0.936,0.9623
cg19846609,0.9586,0.9483,0.9614,0.9584,0.9549,0.9452,0.8787,0.9544,0.7502
cg19727491,0.9411,0.947,0.9415,0.9358,0.9443,0.944,0.9736,0.9559,0.9542
cg19854900,0.8869,0.8856,0.8677,0.8583,0.8789,0.8871,0.9308,0.8926,0.9063
cg12449716,0.976,0.9726,0.9726,0.9709,0.9752,0.9714,0.9662,0.7495,0.9243
cg09757588,0.9487,0.9589,0.945,0.941,0.9522,0.9332,0.9682,0.8425,0.8624
cg23136645,0.9321,0.9366,0.9228,0.9316,0.9272,0.93,0.9522,0.8298,0.851
cg27378591,0.9655,0.9666,0.9568,0.9555,0.9598,0.956,0.9807,0.9101,0.9082
cg13175786,0.926,0.9084,0.8831,0.9095,0.8832,0.924,0.9549,0.7828,0.7876
cg13867039,0.9363,0.9356,0.9343,0.9358,0.9394,0.9439,0.9818,0.7807,0.8381
cg27315348,0.9698,0.9712,0.9653,0.9672,0.9697,0.9651,0.9637,0.8726,0.9544
cg12023686,0.8776,0.8839,0.8705,0.8811,0.8858,0.8626,0.8626,0.6967,0.8505
cg22808692,0.9797,0.9799,0.9766,0.9753,0.9783,0.9748,0.9896,0.9746,0.9823
cg23674202,0.9526,0.9543,0.8413,0.9484,0.821,0.9598,0.967,0.9779,0.9552
cg16996571,0.9792,0.9746,0.9769,0.9781,0.9777,0.975,0.9873,0.9781,0.9848
cg19873420,0.8991,0.8949,0.8881,0.8904,0.8949,0.8803,0.9317,0.8958,0.9119
cg24352934,0.9424,0.943,0.9162,0.9331,0.9242,0.9275,0.9639,0.9434,0.9617
cg09596260,0.9623,0.9672,0.9599,0.7772,0.9591,0.9634,0.9787,0.9583,0.9358
cg13411923,0.9693,0.9699,0.9709,0.9696,0.9697,0.9682,0.9787,0.9457,0.8013
cg15417875,0.9728,0.9707,0.9727,0.9721,0.9725,0.972,0.9834,0.9359,0.8296
cg13411923,0.9693,0.9699,0.9709,0.9696,0.9697,0.9682,0.9787,0.9457,0.8013
cg15417875,0.9728,0.9707,0.9727,0.9721,0.9725,0.972,0.9834,0.9359,0.8296
cg09860804,0.9388,0.9493,0.9268,0.9211,0.9224,0.933,0.9483,0.8246,0.7491
cg10369955,0.971,0.9746,0.971,0.9726,0.9716,0.972,0.961,0.9632,0.9522
cg24630516,0.9783,0.9726,0.9723,0.9748,0.9709,0.9711,0.9702,0.8764,0.9807
cg07783183,0.9196,0.9212,0.8989,0.9211,0.9222,0.9189,0.9517,0.7252,0.9351
cg09557149,0.9014,0.9009,0.9038,0.8994,0.9134,0.8861,0.9318,0.9161,0.9117
cg00350519,0.9469,0.9435,0.9352,0.9407,0.9397,0.9365,0.9531,0.9613,0.9726
cg16038181,0.8855,0.8835,0.8767,0.8749,0.8893,0.8798,0.895,0.8909,0.8713
cg00612828,0.9041,0.8815,0.899,0.8975,0.9044,0.8984,0.9382,0.9257,0.9287
cg07927953,0.9059,0.9097,0.9078,0.8995,0.908,0.902,0.9383,0.9235,0.9366
cg19412478,0.905,0.8892,0.9039,0.8905,0.9109,0.8934,0.9294,0.9039,0.9294
cg11761622,0.9551,0.9504,0.9506,0.9519,0.949,0.9506,0.9821,0.972,0.9585
cg07077277,0.9524,0.9432,0.9503,0.9541,0.9427,0.947,0.9011,0.9676,0.9431
cg25090472,0.967,0.9643,0.9638,0.9658,0.9654,0.965,0.9738,0.9795,0.951
cg10093738,0.9144,0.9188,0.9116,0.916,0.9199,0.91,0.9186,0.8887,0.8891
cg04539057,0.9816,0.9828,0.9815,0.982,0.9841,0.9804,0.9913,0.9875,0.9915
cg02071579,0.9752,0.9747,0.9719,0.9705,0.9773,0.973,0.9832,0.9545,0.9865
cg09768859,0.9676,0.9634,0.9634,0.9629,0.9684,0.9599,0.9781,0.9672,0.9781
cg17994840,0.9474,0.9427,0.9449,0.9461,0.9482,0.9469,0.9317,0.9542,0.949
cg06732450,0.9089,0.912,0.9092,0.9023,0.9148,0.9089,0.927,0.876,0.8801
cg03887092,0.9809,0.9832,0.9812,0.9819,0.982,0.9784,0.9869,0.9854,0.6456
cg10592494,0.9711,0.9645,0.9607,0.9571,0.9633,0.9661,0.9821,0.9525,0.9812
cg15211734,0.8932,0.8874,0.8715,0.8746,0.8624,0.8929,0.9404,0.8672,0.8916
cg23270726,0.9795,0.9775,0.9751,0.9791,0.9774,0.975,0.9871,0.9559,0.9643
cg13980446,0.9704,0.9678,0.9658,0.9678,0.9702,0.9688,0.9797,0.9718,0.9506
cg06018666,0.9736,0.9758,0.9743,0.8945,0.9751,0.9758,0.9721,0.98,0.9808
cg27156649,0.977,0.9731,0.9715,0.9715,0.9744,0.9674,0.9863,0.9816,0.9793
cg12818656,0.9783,0.9779,0.9745,0.9769,0.9772,0.9742,0.9855,0.9699,0.9839
cg24337215,0.9616,0.9218,0.9607,0.9602,0.9594,0.9648,0.974,0.9739,0.9651
cg06379876,0.9794,0.9797,0.9772,0.9805,0.9812,0.9795,0.9836,0.9771,0.9601
cg24002071,0.9691,0.9442,0.9551,0.9663,0.9539,0.9699,0.9762,0.961,0.9723
cg26224791,0.9766,0.9737,0.9717,0.9756,0.9722,0.9714,0.9734,0.9839,0.9734
cg04741516,0.9488,0.9309,0.929,0.964,0.9585,0.9486,0.9608,0.9256,0.945
cg10800989,0.9583,0.9596,0.9629,0.9548,0.9643,0.9615,0.9566,0.9555,0.9653
cg10538275,0.8677,0.8382,0.8165,0.8234,0.8466,0.8165,0.9191,0.7748,0.8692
cg07478335,0.9816,0.9784,0.9793,0.9805,0.9809,0.9791,0.989,0.9728,0.9912
cg22397625,0.8642,0.8585,0.845,0.8485,0.8518,0.8321,0.8899,0.8346,0.8826
cg22335368,0.8256,0.8229,0.8114,0.8144,0.8184,0.8016,0.9071,0.8399,0.8514
cg09768859,0.9676,0.9634,0.9634,0.9629,0.9684,0.9599,0.9781,0.9672,0.9781
cg17994840,0.9474,0.9427,0.9449,0.9461,0.9482,0.9469,0.9317,0.9542,0.949
cg19463982,0.9754,0.9718,0.9698,0.9641,0.9712,0.972,0.9882,0.9849,0.9896
cg10533694,0.9814,0.9808,0.9782,0.9768,0.9806,0.9804,0.9899,0.9805,0.9659
cg03405781,0.9542,0.8529,0.9359,0.9478,0.9477,0.9469,0.9727,0.9381,0.9725
cg15457037,0.9674,0.9666,0.9526,0.9525,0.9465,0.9552,0.9825,0.9737,0.9744
cg22481448,0.966,0.9775,0.9555,0.9715,0.9446,0.9456,0.9732,0.8582,0.5726
cg03246584,0.9793,0.9782,0.9795,0.9786,0.978,0.9761,0.9868,0.9651,0.9668
cg03775163,0.9674,0.9528,0.9568,0.959,0.9564,0.9641,0.9841,0.9762,0.6152
cg25310447,0.976,0.9745,0.964,0.9748,0.9763,0.9717,0.9718,0.9659,0.9763
cg05881566,0.941,0.8817,0.8872,0.9283,0.8867,0.9318,0.9689,0.9491,0.9597
cg06137032,0.9582,0.9225,0.9468,0.9541,0.9557,0.9474,0.9716,0.9074,0.9585
cg07486017,0.9458,0.9023,0.9296,0.9387,0.9383,0.9296,0.972,0.9334,0.9699
cg11060910,0.9175,0.9083,0.905,0.9114,0.912,0.9074,0.964,0.9643,0.9576
cg11314274,0.9738,0.97,0.9748,0.9701,0.9685,0.9692,0.9867,0.9708,0.937
cg05881566,0.941,0.8817,0.8872,0.9283,0.8867,0.9318,0.9689,0.9491,0.9597
cg06137032,0.9582,0.9225,0.9468,0.9541,0.9557,0.9474,0.9716,0.9074,0.9585
cg07486017,0.9458,0.9023,0.9296,0.9387,0.9383,0.9296,0.972,0.9334,0.9699
cg11060910,0.9175,0.9083,0.905,0.9114,0.912,0.9074,0.964,0.9643,0.9576
cg11179625,0.856,0.8359,0.8124,0.8482,0.8031,0.8524,0.9019,0.8772,0.8821
cg10095533,0.9716,0.9655,0.9667,0.9633,0.9577,0.9603,0.9357,0.9663,0.9848
cg21664614,0.9744,0.9728,0.9692,0.9703,0.9739,0.97,0.9875,0.9828,0.99
cg00674415,0.9805,0.9795,0.9748,0.9755,0.9797,0.9764,0.9885,0.9619,0.9864
cg26605046,0.9702,0.9686,0.9646,0.9582,0.9549,0.9657,0.6354,0.9327,0.5491
cg27491224,0.8116,0.7993,0.7741,0.7663,0.7701,0.7872,0.6113,0.7292,0.5269
cg18415485,0.97,0.9663,0.9692,0.9649,0.9693,0.9663,0.972,0.9565,0.9637
cg26515162,0.9411,0.9523,0.9415,0.9472,0.9575,0.9359,0.97,0.9144,0.696
cg05934127,0.9656,0.9638,0.9659,0.964,0.9651,0.959,0.9733,0.9661,0.9722
cg07049352,0.9516,0.9506,0.9422,0.9432,0.9492,0.9396,0.9382,0.9439,0.9559
cg12598767,0.9841,0.9837,0.9812,0.9813,0.9839,0.9806,0.9876,0.9695,0.9812
cg25052374,0.9608,0.9619,0.9592,0.9535,0.9619,0.963,0.9583,0.9707,0.9659
cg17838182,0.9737,0.9699,0.9717,0.9522,0.9718,0.9698,0.9788,0.9781,0.9807
cg05655953,0.9513,0.9167,0.9162,0.9265,0.9212,0.9294,0.9648,0.9701,0.965
cg05881566,0.941,0.8817,0.8872,0.9283,0.8867,0.9318,0.9689,0.9491,0.9597
cg06137032,0.9582,0.9225,0.9468,0.9541,0.9557,0.9474,0.9716,0.9074,0.9585
cg07486017,0.9458,0.9023,0.9296,0.9387,0.9383,0.9296,0.972,0.9334,0.9699
cg11060910,0.9175,0.9083,0.905,0.9114,0.912,0.9074,0.964,0.9643,0.9576
cg11179625,0.856,0.8359,0.8124,0.8482,0.8031,0.8524,0.9019,0.8772,0.8821
cg13494954,0.9746,0.9307,0.9706,0.97,0.9722,0.9727,0.9858,0.9831,0.9808
cg02898500,0.9697,0.966,0.9632,0.9628,0.9675,0.9627,0.975,0.9495,0.8702
cg05372365,0.9855,0.9822,0.9811,0.9805,0.9818,0.9778,0.9907,0.9745,0.9622
cg16559361,0.969,0.9736,0.9733,0.9635,0.9719,0.9755,0.988,0.9829,0.9903
cg26884787,0.785,0.7863,0.7823,0.76,0.7918,0.7692,0.7504,0.7351,0.7757
cg18232828,0.9575,0.9536,0.9544,0.9556,0.9527,0.9478,0.9387,0.9474,0.9587
cg23911097,0.9558,0.9498,0.9527,0.9484,0.9574,0.948,0.9678,0.9607,0.9746
cg07213482,0.9634,0.9673,0.9672,0.9673,0.9652,0.9658,0.9346,0.9604,0.9133
cg23783444,0.8576,0.9538,0.9467,0.9401,0.9519,0.9371,0.9725,0.839,0.9633
cg15153684,0.9414,0.9449,0.89,0.9462,0.8474,0.9355,0.924,0.9177,0.6132
cg13851334,0.9276,0.9264,0.8315,0.9198,0.8213,0.9002,0.8927,0.8679,0.5451
cg09597710,0.9824,0.9831,0.9825,0.9809,0.9823,0.9814,0.9882,0.9815,0.9827
cg14487665,0.9657,0.9194,0.9456,0.8574,0.9486,0.9682,0.9425,0.9519,0.8973
cg03935783,0.9759,0.9758,0.9742,0.9731,0.9756,0.9771,0.9833,0.9843,0.982
cg08478121,0.9648,0.9644,0.959,0.9478,0.9674,0.9633,0.9831,0.9701,0.9854
cg16756854,0.9327,0.936,0.9349,0.9377,0.9384,0.9433,0.863,0.9367,0.9186
cg17431922,0.9565,0.9565,0.952,0.9554,0.9499,0.9442,0.9407,0.9471,0.9606
cg00902147,0.9766,0.9735,0.9731,0.9719,0.9745,0.9774,0.9875,0.9823,0.9853
cg22687077,0.8651,0.8751,0.8613,0.8676,0.8662,0.8608,0.8751,0.8681,0.8717
cg05357660,0.9003,0.9152,0.9072,0.9122,0.8941,0.8964,0.8785,0.9064,0.8719
cg05881566,0.941,0.8817,0.8872,0.9283,0.8867,0.9318,0.9689,0.9491,0.9597
cg06137032,0.9582,0.9225,0.9468,0.9541,0.9557,0.9474,0.9716,0.9074,0.9585
cg07486017,0.9458,0.9023,0.9296,0.9387,0.9383,0.9296,0.972,0.9334,0.9699
cg11060910,0.9175,0.9083,0.905,0.9114,0.912,0.9074,0.964,0.9643,0.9576
cg22518433,0.9247,0.9152,0.9104,0.9208,0.9097,0.9092,0.9523,0.9296,0.9401
cg12026967,0.9689,0.9779,0.972,0.9719,0.9763,0.9634,0.9931,0.9505,0.8748
cg04571418,0.9315,0.9288,0.9258,0.9274,0.9328,0.9281,0.9142,0.9225,0.8969
cg08542308,0.9088,0.9096,0.9081,0.9133,0.9162,0.9019,0.8317,0.9323,0.9244
cg00077898,0.9801,0.9819,0.9767,0.9714,0.9777,0.9763,0.9812,0.9768,0.5575
cg05544715,0.9715,0.9761,0.9706,0.9745,0.9752,0.969,0.9807,0.9801,0.9797
cg14717656,0.9201,0.93,0.9307,0.9253,0.9314,0.9127,0.9496,0.915,0.9331
cg02146941,0.9162,0.9173,0.9132,0.9188,0.9228,0.9101,0.895,0.9209,0.887
cg24090529,0.9614,0.9273,0.9494,0.9528,0.96,0.9589,0.9711,0.9744,0.9828
cg23265009,0.877,0.8096,0.8678,0.8651,0.8758,0.8708,0.9312,0.8845,0.8798
cg14050824,0.9586,0.9309,0.9371,0.9287,0.9537,0.955,0.9308,0.9508,0.9719
cg17583844,0.8412,0.8973,0.8669,0.8794,0.8818,0.8682,0.9147,0.5557,0.7654
cg03975306,0.9068,0.9122,0.9002,0.9056,0.9062,0.8939,0.9038,0.6806,0.8459
cg24894531,0.8954,0.8672,0.8508,0.863,0.8492,0.8803,0.9245,0.8824,0.9045
cg06932713,0.9702,0.971,0.9696,0.9672,0.9696,0.9677,0.9892,0.9135,0.9707
cg11803803,0.9084,0.9032,0.9036,0.9095,0.9162,0.8992,0.8966,0.9314,0.9434
cg10799668,0.9712,0.9728,0.972,0.9704,0.9753,0.9701,0.979,0.9789,0.9579
cg23391090,0.9155,0.92,0.9237,0.905,0.9256,0.9044,0.8145,0.9409,0.8042
cg19790877,0.9604,0.9552,0.9651,0.965,0.9624,0.9468,0.9807,0.979,0.9787
cg03594801,0.8226,0.7836,0.7852,0.8482,0.7754,0.7438,0.9019,0.8158,0.8872
cg24297451,0.8913,0.8976,0.8777,0.8838,0.8982,0.8926,0.9378,0.9006,0.901
cg26261873,0.9223,0.9193,0.9146,0.9096,0.9211,0.9065,0.8868,0.9361,0.6565
cg04387175,0.9559,0.9555,0.9546,0.9588,0.9593,0.9532,0.9027,0.9559,0.9249
cg26987690,0.9806,0.9805,0.9778,0.9778,0.9749,0.9674,0.9881,0.9195,0.9703
cg14646111,0.96,0.9636,0.9647,0.9643,0.9644,0.9551,0.9614,0.95,0.9487
cg18130622,0.8128,0.8157,0.7893,0.8046,0.7758,0.8231,0.8931,0.8692,0.8577
cg14070204,0.8751,0.8751,0.8641,0.859,0.8625,0.8645,0.9288,0.8969,0.889
cg05242494,0.9525,0.9567,0.9445,0.9435,0.9563,0.95,0.9427,0.9398,0.9357
cg25052374,0.9608,0.9619,0.9592,0.9535,0.9619,0.963,0.9583,0.9707,0.9659
cg17838182,0.9737,0.9699,0.9717,0.9522,0.9718,0.9698,0.9788,0.9781,0.9807
cg25793425,0.9544,0.9479,0.9392,0.9448,0.9479,0.9398,0.9857,0.982,0.9303
cg05347334,0.949,0.9456,0.9344,0.9423,0.9309,0.9431,0.9753,0.9627,0.5533
cg26149658,0.791,0.7591,0.7158,0.7653,0.7374,0.7734,0.7929,0.74,0.4947
cg19277672,0.8822,0.8888,0.8727,0.8647,0.8834,0.8844,0.9263,0.8808,0.8943
cg26624794,0.9716,0.9724,0.9703,0.9722,0.9742,0.9686,0.9781,0.8373,0.9484
cg01268367,0.8844,0.8896,0.8862,0.871,0.8958,0.8744,0.9473,0.8914,0.8971
cg10592494,0.9711,0.9645,0.9607,0.9571,0.9633,0.9661,0.9821,0.9525,0.9812
cg15211734,0.8932,0.8874,0.8715,0.8746,0.8624,0.8929,0.9404,0.8672,0.8916
cg09328356,0.9471,0.935,0.9282,0.931,0.9439,0.9245,0.9725,0.9455,0.9162
cg12301921,0.969,0.9564,0.9417,0.9622,0.9377,0.9582,0.9811,0.9686,0.9802
cg07347645,0.9161,0.9105,0.803,0.9059,0.881,0.9155,0.9386,0.9347,0.9436
cg13975228,0.9142,0.9159,0.9103,0.904,0.9162,0.913,0.9134,0.9006,0.9278
cg23008136,0.9063,0.9108,0.915,0.9159,0.9165,0.9086,0.8385,0.8967,0.8905
cg26641275,0.9767,0.974,0.9727,0.9748,0.9754,0.9694,0.9859,0.9798,0.9562
cg07344990,0.9702,0.9689,0.9678,0.9664,0.967,0.9678,0.9884,0.9733,0.989
cg19515081,0.969,0.9426,0.907,0.9188,0.872,0.9427,0.9878,0.982,0.9717
cg19591902,0.909,0.9068,0.8674,0.8891,0.8712,0.904,0.9198,0.8988,0.9132
cg07162210,0.8994,0.9114,0.9061,0.8758,0.9079,0.8783,0.8658,0.9066,0.8584
cg02919368,0.9212,0.9132,0.8696,0.8948,0.8695,0.9158,0.9123,0.789,0.8179
cg06601579,0.9221,0.9188,0.8971,0.9061,0.9087,0.9152,0.94,0.9113,0.9257
cg10788213,0.9579,0.9535,0.9018,0.945,0.9537,0.9504,0.9678,0.9548,0.9598
cg24874524,0.946,0.9374,0.9281,0.9328,0.9268,0.9329,0.9764,0.9605,0.9735
cg14949065,0.9854,0.9826,0.9821,0.9826,0.9826,0.9816,0.9882,0.9846,0.987
cg06746318,0.9732,0.9736,0.9718,0.9742,0.975,0.9726,0.9831,0.9831,0.9859
cg27239168,0.9721,0.971,0.9712,0.9712,0.9704,0.9703,0.9845,0.9625,0.9811
cg27238852,0.9813,0.9833,0.9841,0.9813,0.9831,0.9806,0.9875,0.9792,0.9897
cg01515732,0.971,0.9665,0.9669,0.9653,0.9717,0.967,0.982,0.9751,0.9855
cg13738571,0.8659,0.8611,0.846,0.8623,0.8623,0.862,0.911,0.8603,0.8922
cg02775417,0.9698,0.9084,0.9766,0.9292,0.9752,0.9766,0.9904,0.9881,0.9871
cg04815835,0.981,0.9795,0.9775,0.9806,0.9812,0.9797,0.9899,0.9759,0.9373
cg17876831,0.9478,0.9467,0.9514,0.9522,0.9482,0.952,0.9585,0.9052,0.9442
cg26923629,0.9701,0.9729,0.9641,0.9631,0.9683,0.9675,0.9826,0.9654,0.9795
cg18537476,0.9689,0.9711,0.9662,0.9674,0.971,0.9628,0.9836,0.973,0.9714
cg26251854,0.9762,0.969,0.9656,0.96,0.9608,0.9728,0.9849,0.9767,0.9646
cg02517473,0.9714,0.9752,0.9732,0.9712,0.9738,0.9712,0.9877,0.9591,0.9681
cg27402782,0.9745,0.9764,0.9756,0.977,0.9767,0.9704,0.9852,0.9763,0.9864
cg07795168,0.9762,0.978,0.9737,0.9736,0.9752,0.9733,0.9851,0.7662,0.8914
cg27198013,0.98,0.9774,0.9802,0.9802,0.9784,0.9794,0.9873,0.8302,0.8905
cg23665668,0.9598,0.9576,0.9588,0.9567,0.9542,0.958,0.966,0.9585,0.9557
cg23526824,0.9211,0.9288,0.9202,0.9191,0.9217,0.9233,0.9539,0.8642,0.8985
cg18537476,0.9689,0.9711,0.9662,0.9674,0.971,0.9628,0.9836,0.973,0.9714
cg26251854,0.9762,0.969,0.9656,0.96,0.9608,0.9728,0.9849,0.9767,0.9646
cg19222405,0.975,0.9728,0.9732,0.9738,0.9754,0.9732,0.9852,0.9656,0.974
cg27239168,0.9721,0.971,0.9712,0.9712,0.9704,0.9703,0.9845,0.9625,0.9811
cg27238852,0.9813,0.9833,0.9841,0.9813,0.9831,0.9806,0.9875,0.9792,0.9897
cg03479204,0.9638,0.9625,0.965,0.9643,0.9642,0.9602,0.9436,0.9671,0.8134
cg21561701,0.9174,0.9056,0.9034,0.9067,0.9071,0.9107,0.9109,0.9609,0.8231
cg06328338,0.9726,0.9698,0.967,0.969,0.9694,0.9666,0.975,0.8879,0.884
cg09541794,0.9773,0.9798,0.9792,0.9795,0.9801,0.9773,0.9903,0.9895,0.9908
cg02227036,0.9506,0.9514,0.9465,0.9473,0.954,0.9486,0.962,0.4597,0.7545
cg01986767,0.9785,0.9784,0.9797,0.979,0.9796,0.9798,0.9775,0.5766,0.9027
cg06480482,0.9628,0.9661,0.9214,0.9618,0.964,0.9608,0.9784,0.9405,0.9071
cg26555052,0.9722,0.971,0.9606,0.9665,0.9688,0.9695,0.9853,0.8445,0.9038
cg07619683,0.9298,0.9397,0.9201,0.9303,0.9221,0.9336,0.8417,0.9197,0.8989
cg07189962,0.9227,0.9117,0.9122,0.9106,0.9125,0.9147,0.8714,0.8685,0.892
cg25495024,0.946,0.9387,0.9281,0.955,0.945,0.9526,0.9215,0.949,0.9556
cg13972986,0.9535,0.9533,0.9564,0.9502,0.9554,0.948,0.9771,0.9724,0.8919
cg24419436,0.9806,0.9777,0.9773,0.9792,0.979,0.9776,0.9902,0.8765,0.9818
cg06656553,0.9742,0.9707,0.9696,0.9717,0.9736,0.9733,0.9869,0.9695,0.967
cg10185853,0.9784,0.9777,0.9784,0.9713,0.978,0.9764,0.9821,0.9056,0.9197
cg17676132,0.9651,0.9588,0.9572,0.9555,0.9577,0.9616,0.9827,0.9644,0.9722
cg18093064,0.8774,0.8744,0.8609,0.8418,0.886,0.8624,0.9119,0.6937,0.7974
cg16326123,0.971,0.9676,0.9644,0.969,0.9701,0.961,0.9821,0.7432,0.9537
cg27369096,0.9598,0.9607,0.9553,0.9594,0.952,0.9557,0.9701,0.9575,0.9655
cg26943056,0.8986,0.9012,0.8985,0.8877,0.9119,0.8834,0.9157,0.7796,0.8792
cg07213685,0.6085,0.544,0.5328,0.5738,0.543,0.5946,0.7601,0.5589,0.6582
cg11316510,0.9864,0.9832,0.9844,0.9856,0.9868,0.9848,0.9913,0.9862,0.963
cg12190841,0.7044,0.6707,0.6665,0.7142,0.6887,0.6911,0.7236,0.5848,0.6363
cg13675721,0.9473,0.9495,0.9316,0.9461,0.9482,0.9396,0.9626,0.9125,0.9253
cg11609668,0.9813,0.9825,0.9789,0.9806,0.9789,0.9784,0.9918,0.9531,0.9139
cg09015921,0.9706,0.9688,0.971,0.9688,0.9727,0.9697,0.9747,0.7149,0.8839
cg16514513,0.9316,0.9223,0.9078,0.9188,0.9142,0.9258,0.9665,0.7276,0.6779
cg11993636,0.9223,0.9176,0.8933,0.9102,0.9102,0.9182,0.9651,0.6443,0.734
cg25735490,0.9822,0.9792,0.9766,0.9806,0.9802,0.9786,0.9891,0.7867,0.7302
cg11615029,0.977,0.978,0.9747,0.9764,0.9782,0.9782,0.9859,0.794,0.7275
cg05480169,0.9775,0.9785,0.9772,0.9786,0.9788,0.9793,0.9828,0.9758,0.9565
cg04738220,0.9384,0.9256,0.925,0.9238,0.9328,0.9282,0.9716,0.8116,0.9551
cg11013793,0.853,0.8204,0.843,0.8416,0.8742,0.8131,0.8604,0.6579,0.8304
cg03383886,0.9437,0.9534,0.9521,0.9487,0.9465,0.9419,0.9509,0.9496,0.5859
cg21592241,0.9807,0.9798,0.971,0.9765,0.9766,0.9721,0.9907,0.8119,0.9902
cg18703066,0.9414,0.9557,0.9506,0.9323,0.9572,0.9519,0.9813,0.642,0.606
cg13909661,0.9746,0.9745,0.9748,0.9736,0.9721,0.9718,0.9826,0.7223,0.9516
cg16188537,0.9744,0.9735,0.9727,0.9751,0.9728,0.9732,0.9578,0.822,0.9049
cg21839504,0.9636,0.9644,0.9655,0.9638,0.9628,0.9602,0.9419,0.9085,0.7182
cg18195333,0.8915,0.8912,0.8838,0.883,0.8879,0.8849,0.8943,0.7849,0.6177
cg14528751,0.918,0.9228,0.917,0.9169,0.9098,0.8881,0.8673,0.8088,0.9076
cg12587618,0.9094,0.8805,0.8638,0.8911,0.905,0.8766,0.9631,0.9392,0.9546
cg25670583,0.9494,0.9413,0.9456,0.9297,0.9475,0.9316,0.8591,0.8995,0.9596
cg25712567,0.8647,0.9104,0.9025,0.8865,0.9144,0.8216,0.6658,0.7349,0.8562
cg22747480,0.9666,0.9696,0.9714,0.9691,0.97,0.9683,0.9745,0.6921,0.8784
cg17702388,0.9637,0.8281,0.9318,0.95,0.9619,0.9632,0.985,0.6299,0.9397
cg17738010,0.9728,0.9753,0.9741,0.9761,0.9752,0.9733,0.9839,0.585,0.6118
cg00548824,0.984,0.9835,0.9814,0.9817,0.9849,0.9795,0.9834,0.6508,0.7471
cg23079012,0.9345,0.9676,0.9667,0.9688,0.9684,0.9293,0.9221,0.9209,0.9274
cg06982473,0.9761,0.9738,0.9731,0.9736,0.973,0.9739,0.9788,0.9644,0.9126
cg14245471,0.9684,0.9686,0.9674,0.9694,0.9678,0.9666,0.9809,0.819,0.8063
cg18641463,0.8939,0.9152,0.9574,0.9485,0.9512,0.7585,0.9766,0.2995,0.9385
cg07993468,0.9745,0.9727,0.9693,0.9661,0.9691,0.9707,0.9908,0.8485,0.8104
cg12548057,0.9744,0.9758,0.9651,0.9678,0.9641,0.9622,0.985,0.8595,0.8289
cg00319661,0.9669,0.9709,0.9694,0.9683,0.9718,0.9592,0.9765,0.9079,0.8841
cg09234454,0.9588,0.9633,0.9616,0.9609,0.9608,0.9613,0.9443,0.7161,0.8228
cg24874524,0.946,0.9374,0.9281,0.9328,0.9268,0.9329,0.9764,0.9605,0.9735
cg14949065,0.9854,0.9826,0.9821,0.9826,0.9826,0.9816,0.9882,0.9846,0.987
cg06947694,0.9581,0.9536,0.9448,0.9536,0.961,0.9442,0.978,0.9116,0.9435
cg21818807,0.9519,0.9487,0.948,0.948,0.9562,0.9414,0.9768,0.9509,0.9558
cg00738309,0.9769,0.9781,0.9763,0.9742,0.978,0.9744,0.9905,0.9803,0.9622
cg24926364,0.8644,0.8635,0.8564,0.8602,0.8671,0.8593,0.9003,0.8853,0.8554
cg23696432,0.958,0.9552,0.9475,0.9529,0.9615,0.952,0.9799,0.9091,0.9455
cg16514513,0.9316,0.9223,0.9078,0.9188,0.9142,0.9258,0.9665,0.7276,0.6779
cg11993636,0.9223,0.9176,0.8933,0.9102,0.9102,0.9182,0.9651,0.6443,0.734
cg25735490,0.9822,0.9792,0.9766,0.9806,0.9802,0.9786,0.9891,0.7867,0.7302
cg11615029,0.977,0.978,0.9747,0.9764,0.9782,0.9782,0.9859,0.794,0.7275
cg00439089,0.9052,0.8933,0.865,0.8939,0.8711,0.8983,0.919,0.538,0.5993
cg21602882,0.9675,0.9654,0.9528,0.9643,0.9616,0.9614,0.9794,0.5458,0.8507
cg10827460,0.9596,0.9679,0.9614,0.9541,0.963,0.9502,0.9871,0.9293,0.711
cg15742605,0.9707,0.9726,0.9696,0.9638,0.9748,0.9607,0.9899,0.9194,0.8059
cg09756115,0.8099,0.8322,0.8278,0.8432,0.8258,0.7768,0.8487,0.6128,0.6376
cg13042918,0.9808,0.9793,0.98,0.9781,0.9823,0.9814,0.9866,0.6031,0.8649
cg09757859,0.8438,0.8649,0.8382,0.8264,0.8485,0.8495,0.8926,0.4469,0.7452
cg06360976,0.9582,0.9543,0.9582,0.9569,0.9585,0.9505,0.9445,0.5238,0.6693
cg11642891,0.9472,0.9498,0.9502,0.9482,0.9527,0.941,0.9381,0.593,0.716
cg21299491,0.9731,0.9742,0.9732,0.9668,0.9727,0.9687,0.9863,0.6996,0.8325
cg17575314,0.9725,0.9724,0.9694,0.9744,0.9728,0.9678,0.9872,0.6708,0.9265
cg16832975,0.9722,0.9643,0.9666,0.9662,0.9694,0.9633,0.9684,0.9749,0.9707
cg19895894,0.889,0.8834,0.8741,0.8816,0.8716,0.8666,0.9381,0.8811,0.9007
cg05258294,0.9343,0.9364,0.9305,0.9314,0.9349,0.925,0.9611,0.8839,0.9314
cg16516712,0.9354,0.9406,0.9341,0.9333,0.9363,0.9228,0.9665,0.8376,0.9285
cg23055735,0.8474,0.8668,0.8702,0.8471,0.8732,0.8506,0.9075,0.6803,0.7698
cg22812030,0.9084,0.8554,0.8466,0.8874,0.8577,0.8944,0.9486,0.8558,0.8663
cg18287067,0.9501,0.9389,0.9203,0.9471,0.926,0.949,0.975,0.9286,0.9357
cg00364339,0.9519,0.9545,0.9271,0.948,0.9489,0.9484,0.9773,0.8722,0.9313
cg00634652,0.9482,0.9514,0.9417,0.9444,0.9476,0.9363,0.9645,0.756,0.8864
cg24402975,0.9395,0.9406,0.9393,0.941,0.9448,0.9257,0.953,0.7942,0.6579
cg02922913,0.9281,0.9427,0.9343,0.9418,0.9461,0.9042,0.964,0.7863,0.7358
cg11740348,0.9742,0.974,0.9757,0.9747,0.9771,0.9768,0.9759,0.5178,0.7593
cg07249433,0.9718,0.9732,0.9689,0.9735,0.9746,0.967,0.9816,0.4798,0.7582
cg04510420,0.982,0.9576,0.9809,0.9798,0.9839,0.9804,0.9867,0.85,0.8831
cg10581012,0.9572,0.9557,0.9497,0.9516,0.9569,0.947,0.9502,0.4048,0.7461
cg06360976,0.9582,0.9543,0.9582,0.9569,0.9585,0.9505,0.9445,0.5238,0.6693
cg11642891,0.9472,0.9498,0.9502,0.9482,0.9527,0.941,0.9381,0.593,0.716
cg19087171,0.9419,0.9528,0.9479,0.9505,0.9469,0.9456,0.9439,0.8546,0.7338
cg16465882,0.9487,0.9447,0.929,0.9439,0.9356,0.9385,0.9475,0.8816,0.94
cg02227036,0.9506,0.9514,0.9465,0.9473,0.954,0.9486,0.962,0.4597,0.7545
cg01986767,0.9785,0.9784,0.9797,0.979,0.9796,0.9798,0.9775,0.5766,0.9027
cg07205796,0.9751,0.9717,0.9707,0.9687,0.9755,0.9708,0.9855,0.9134,0.9759
cg07727358,0.9822,0.9819,0.9789,0.9808,0.9803,0.9811,0.9909,0.9144,0.974
cg23558764,0.9294,0.9168,0.9133,0.9078,0.9286,0.9155,0.9468,0.8956,0.713
cg07993468,0.9745,0.9727,0.9693,0.9661,0.9691,0.9707,0.9908,0.8485,0.8104
cg12548057,0.9744,0.9758,0.9651,0.9678,0.9641,0.9622,0.985,0.8595,0.8289
cg12090001,0.9475,0.9472,0.937,0.942,0.9511,0.9364,0.9755,0.9338,0.9593
cg04551619,0.9598,0.9533,0.9452,0.9526,0.9433,0.9505,0.9641,0.816,0.845
cg07611351,0.9775,0.9793,0.9755,0.9762,0.9772,0.9765,0.9843,0.9433,0.9404
cg21663666,0.9734,0.9459,0.9031,0.961,0.8827,0.9719,0.9827,0.86,0.7271
cg22374586,0.9514,0.9408,0.9253,0.9423,0.939,0.9429,0.9688,0.8203,0.7838
cg13459217,0.9357,0.9278,0.9275,0.9243,0.9335,0.9322,0.9616,0.6111,0.7874
cg24402975,0.9395,0.9406,0.9393,0.941,0.9448,0.9257,0.953,0.7942,0.6579
cg02922913,0.9281,0.9427,0.9343,0.9418,0.9461,0.9042,0.964,0.7863,0.7358
cg18592195,0.9825,0.9814,0.9815,0.9789,0.9834,0.9799,0.9894,0.6177,0.9546
cg19547972,0.9606,0.9449,0.9166,0.9452,0.9147,0.9502,0.9859,0.7295,0.7241
cg14053001,0.9162,0.9172,0.9124,0.9061,0.9198,0.9112,0.9218,0.8421,0.9392
cg07175255,0.9715,0.979,0.9712,0.9728,0.973,0.9704,0.9826,0.5687,0.9699
cg27104778,0.9755,0.9743,0.9707,0.9717,0.9745,0.9716,0.9843,0.9772,0.9852
cg20722637,0.9708,0.9692,0.9621,0.9702,0.9647,0.9607,0.9785,0.98,0.973
cg07619683,0.9298,0.9397,0.9201,0.9303,0.9221,0.9336,0.8417,0.9197,0.8989
cg07189962,0.9227,0.9117,0.9122,0.9106,0.9125,0.9147,0.8714,0.8685,0.892
cg26872907,0.032,0.952,0.942,0.9392,0.9425,0.9325,0.9566,0.1376,0.1241
cg22505006,0.2725,0.8695,0.1123,0.7646,0.8385,0.2947,0.8755,0.6204,0.7738
cg06768361,0.8424,0.9486,0.9465,0.9028,0.9492,0.9005,0.0137,0.7128,0.4282
cg15348679,0.832,0.036,0.8071,0.9068,0.9388,0.8386,0.9353,0.5937,0.3619
cg25574765,0.0083,0.0182,0.0077,0.0019,0.0027,0.008,0.0,0.9612,0.7192
cg24011073,0.1432,0.933,0.9179,0.1045,0.9201,0.0551,0.3869,0.8685,0.7117
cg27091865,0.8434,0.8679,0.8446,0.8628,0.86,0.8222,0.8478,0.5968,0.7261
cg12911732,0.0971,0.1889,0.1544,0.0777,0.1634,0.0599,0.1143,0.0519,0.0528
cg10244976,0.9716,0.9276,0.4833,0.9344,0.7174,0.9607,0.9796,0.9507,0.3562
cg18121066,0.3866,0.9297,0.9342,0.9342,0.9317,0.6694,0.8611,0.4864,0.1685
cg13401893,0.4617,0.4759,0.4045,0.2997,0.4903,0.3765,0.2872,0.0412,0.7663
cg15619820,0.9837,0.9828,0.9807,0.9772,0.9767,0.9818,0.9913,0.648,0.8627
cg23792485,0.9522,0.9482,0.9392,0.9504,0.9404,0.9459,0.9758,0.9309,0.7549
cg26709988,0.104,0.9528,0.961,0.9513,0.9595,0.0279,0.9608,0.5526,0.7485
cg16953816,0.9365,0.9279,0.9355,0.9328,0.9348,0.9307,0.947,0.9183,0.9243
cg05825244,0.4359,0.4509,0.2988,0.4224,0.4652,0.4658,0.2029,0.0297,0.825
cg03238075,0.9532,0.9365,0.9462,0.9398,0.9562,0.9432,0.9711,0.9318,0.947
cg16871561,0.812,0.9156,0.1077,0.8865,0.7801,0.4598,0.5587,0.6925,0.3481
cg24441810,0.927,0.8503,0.0583,0.872,0.0595,0.9015,0.8417,0.6858,0.5394
cg24068006,0.9151,0.7795,0.8513,0.8578,0.8564,0.8985,0.7629,0.9035,0.9402
cg12368188,0.0137,0.0332,0.0177,0.0148,0.0151,0.0147,0.0128,0.0053,0.1063
cg01263942,0.7678,0.8335,0.8296,0.7787,0.8365,0.8034,0.8037,0.254,0.2991
cg23244761,0.0682,0.9696,0.9658,0.963,0.972,0.9582,0.9792,0.2486,0.2335
cg10768932,0.481,0.0292,0.0363,0.0274,0.0276,0.0436,0.9318,0.8706,0.844
cg02123534,0.1622,0.6565,0.7292,0.1126,0.1256,0.372,0.3242,0.7621,0.7459
cg10130374,0.9728,0.9724,0.9701,0.972,0.9724,0.9678,0.8837,0.9428,0.3605
cg12754495,0.0678,0.0428,0.8556,0.841,0.8885,0.0654,0.747,0.1295,0.7586
cg16182447,0.0382,0.0898,0.1356,0.0471,0.087,0.0545,0.0269,0.3351,0.0655
cg09787504,0.9723,0.9639,0.9625,0.9665,0.9644,0.9633,0.9707,0.9459,0.9519
cg02582848,0.8598,0.7464,0.8092,0.8877,0.8573,0.8842,0.9565,0.5192,0.562
cg02380585,0.0248,0.0238,0.8692,0.064,0.8722,0.0263,0.0258,0.4518,0.2802
cg06935361,0.5045,0.369,0.7895,0.1142,0.2031,0.6697,0.7666,0.8993,0.7929
cg14565903,0.0766,0.19,0.0939,0.078,0.1021,0.0885,0.1728,0.1035,0.194
cg02159489,0.6603,0.9189,0.4494,0.7538,0.6466,0.6574,0.7635,0.7047,0.7994
cg26212328,0.007,0.0326,0.0158,0.0059,0.0415,0.006,0.0024,0.3497,0.0314
cg06430465,0.973,0.9557,0.6202,0.9589,0.8408,0.9701,0.9789,0.9694,0.5493
cg24145118,0.9655,0.9668,0.9657,0.9638,0.9654,0.9618,0.9443,0.8785,0.7636
cg01782486,0.7358,0.5262,0.3076,0.8119,0.8778,0.6934,0.6394,0.8703,0.7391
cg27592331,0.062,0.1048,0.0753,0.0522,0.1145,0.0596,0.0272,0.7975,0.4857
cg14088921,0.0223,0.1072,0.0811,0.0913,0.0978,0.0156,0.0595,0.4712,0.5973
cg12422199,0.0452,0.6547,0.8596,0.8114,0.8514,0.8536,0.8414,0.6728,0.6394
cg17965712,0.0729,0.09,0.0701,0.0568,0.08,0.0491,0.0519,0.5502,0.3809
cg19628988,0.0374,0.2191,0.875,0.0764,0.8683,0.0644,0.0554,0.3007,0.1828
cg03634833,0.1673,0.6129,0.6875,0.1129,0.1208,0.3235,0.3295,0.718,0.7693
cg13058457,0.0326,0.0352,0.1815,0.169,0.2624,0.0257,0.0853,0.0467,0.0973
cg19351954,0.6705,0.6127,0.678,0.6184,0.7412,0.6547,0.6921,0.5352,0.4725
cg04855216,0.0437,0.0506,0.0896,0.1614,0.1528,0.0433,0.0705,0.5179,0.5457
cg20100745,0.1765,0.9561,0.7688,0.9432,0.8306,0.0267,0.8905,0.4522,0.3201
cg02606840,0.2604,0.7649,0.0538,0.0389,0.038,0.0329,0.9397,0.8437,0.5541
cg14477767,0.9136,0.9018,0.1709,0.8691,0.7358,0.9052,0.7262,0.8303,0.64
cg14255824,0.5646,0.8665,0.7473,0.7632,0.7918,0.6131,0.5252,0.6574,0.2412
cg13488570,0.0098,0.012,0.0101,0.0113,0.014,0.0115,0.0043,0.0168,0.5491
cg18476766,0.6279,0.9372,0.9416,0.9207,0.9513,0.6303,0.9314,0.5124,0.616
cg07545925,0.8882,0.8634,0.0569,0.8318,0.0479,0.8793,0.9276,0.5145,0.74
cg16429499,0.0715,0.4089,0.9026,0.8905,0.9026,0.8783,0.9022,0.7877,0.8601
cg04329870,0.8586,0.8526,0.8059,0.8248,0.2511,0.8576,0.9189,0.809,0.7846
cg17459215,0.964,0.9656,0.9615,0.9583,0.9593,0.961,0.804,0.5293,0.5838
cg07778290,0.9436,0.9479,0.9389,0.9414,0.9459,0.9489,0.8702,0.954,0.4741
cg23238315,0.7954,0.7516,0.7959,0.7658,0.8349,0.7748,0.8274,0.6184,0.5984
cg04416414,0.0891,0.1848,0.0872,0.0848,0.0913,0.1004,0.1217,0.1045,0.1939
cg18857618,0.8927,0.8604,0.7761,0.8732,0.2238,0.878,0.924,0.7709,0.7722
cg08257257,0.3843,0.4907,0.5934,0.4125,0.5567,0.3237,0.334,0.1311,0.8224
cg18023065,0.3918,0.9782,0.9736,0.9586,0.9766,0.0548,0.9801,0.4822,0.6018
cg17479280,0.5731,0.0464,0.677,0.0864,0.4075,0.8745,0.9698,0.599,0.7222
cg00584840,0.909,0.8945,0.8356,0.8851,0.8357,0.8839,0.9531,0.7878,0.543
cg26937434,0.9376,0.9301,0.9268,0.9241,0.9346,0.9254,0.9331,0.8582,0.9216
cg24345747,0.5438,0.5076,0.6569,0.5368,0.1326,0.5194,0.5879,0.3392,0.4009
cg16672562,0.3095,0.7168,0.8549,0.5354,0.8093,0.4982,0.4176,0.0388,0.3639
cg11697440,0.9624,0.9609,0.8551,0.962,0.9396,0.9578,0.8878,0.9622,0.8922
cg09305503,0.9068,0.9107,0.8988,0.8964,0.8986,0.8984,0.933,0.9042,0.4999
cg00705730,0.8578,0.9084,0.877,0.8944,0.8797,0.0539,0.92,0.8579,0.6711
cg07973162,0.5041,0.6841,0.5464,0.7062,0.4654,0.507,0.8306,0.7376,0.7991
cg00058449,0.3196,0.9282,0.563,0.0306,0.2101,0.1787,0.6618,0.938,0.8957
cg05959989,0.8884,0.8983,0.8971,0.892,0.902,0.8728,0.8703,0.1719,0.8456
cg04737131,0.0396,0.0698,0.0561,0.0662,0.0668,0.034,0.0773,0.3594,0.7435
cg08691577,0.889,0.6194,0.6756,0.1103,0.168,0.8664,0.9049,0.4939,0.7055
cg10471574,0.242,0.4392,0.3564,0.2246,0.4287,0.2198,0.0902,0.5608,0.7704
cg22797031,0.0424,0.2412,0.1448,0.0419,0.1992,0.0374,0.0207,0.5154,0.3143
cg02326806,0.0543,0.1676,0.0977,0.0716,0.1206,0.0692,0.0445,0.7545,0.7814
cg26986871,0.0377,0.1218,0.5468,0.0446,0.041,0.042,0.0679,0.5311,0.2718
cg26915343,0.8118,0.8825,0.8377,0.8478,0.8493,0.8158,0.8758,0.4061,0.8154
cg11348106,0.0588,0.0454,0.716,0.4396,0.7445,0.8614,0.8668,0.7316,0.8511
cg19236493,0.8589,0.8305,0.8272,0.8238,0.8496,0.8274,0.9272,0.9172,0.7931
cg09043941,0.9369,0.9366,0.9388,0.9416,0.9402,0.9366,0.9077,0.939,0.9092
cg18637238,0.8476,0.7943,0.8432,0.1889,0.351,0.8209,0.6668,0.8282,0.8853
cg07385694,0.8536,0.8769,0.8105,0.7739,0.863,0.7901,0.8771,0.5861,0.5773
cg09636715,0.9465,0.939,0.9353,0.9399,0.9455,0.9364,0.9501,0.4873,0.3575
cg16204205,0.7208,0.792,0.7372,0.759,0.7895,0.7352,0.7987,0.887,0.6616
cg05044173,0.718,0.7343,0.2766,0.6918,0.7655,0.7081,0.7039,0.6452,0.4612
cg08599635,0.8996,0.8918,0.8932,0.8842,0.8976,0.8557,0.8744,0.9117,0.4369
cg00810292,0.8781,0.6697,0.0765,0.8282,0.0564,0.8494,0.8472,0.2904,0.5665
cg25174412,0.0555,0.1853,0.438,0.211,0.5329,0.0585,0.0656,0.1097,0.748
cg11067179,0.8668,0.7894,0.7971,0.8426,0.311,0.8334,0.9141,0.4595,0.6123
cg18450582,0.9209,0.9326,0.9068,0.6546,0.9062,0.909,0.9313,0.7796,0.2762
cg03339817,0.1679,0.6919,0.9664,0.9703,0.971,0.9696,0.9637,0.9256,0.6641
cg04757389,0.9015,0.9023,0.8418,0.9082,0.8324,0.894,0.9533,0.841,0.9275
cg18303397,0.6009,0.8264,0.1854,0.7442,0.67,0.473,0.7148,0.2416,0.4562
cg22840361,0.1355,0.1945,0.1736,0.1188,0.1758,0.1096,0.0775,0.7709,0.7968
cg00910015,0.9002,0.9382,0.9205,0.9312,0.9246,0.9058,0.9659,0.6994,0.7894
cg24716664,0.9742,0.9732,0.9726,0.9733,0.9743,0.9731,0.9746,0.8756,0.448
cg06419846,0.9615,0.9574,0.9146,0.9436,0.4425,0.9448,0.9811,0.4853,0.6568
cg21049501,0.6777,0.7214,0.7342,0.6991,0.737,0.6492,0.5322,0.7773,0.9084
cg17830515,0.863,0.8778,0.836,0.8433,0.8477,0.8639,0.8858,0.656,0.8605
cg14676272,0.862,0.8755,0.8096,0.7932,0.8249,0.8188,0.8846,0.9388,0.5951
cg05496363,0.875,0.8518,0.8099,0.8486,0.3433,0.8525,0.9195,0.4179,0.598
cg25817701,0.6842,0.0323,0.7992,0.9082,0.7197,0.7376,0.9229,0.9354,0.9218
cg05613718,0.8444,0.8806,0.8089,0.059,0.5844,0.0466,0.9116,0.9075,0.9003
cg16034991,0.7308,0.846,0.8214,0.831,0.8252,0.8418,0.8727,0.8246,0.8445
cg05131696,0.1398,0.3451,0.5509,0.3291,0.5786,0.1255,0.1536,0.7585,0.3647
cg16406892,0.1977,0.3575,0.2825,0.226,0.3196,0.2066,0.246,0.1495,0.2106
cg07646467,0.9449,0.9356,0.9318,0.9367,0.9503,0.9326,0.9273,0.4347,0.7425
cg13512987,0.1129,0.3941,0.0854,0.3049,0.5519,0.1149,0.3387,0.606,0.3748
cg02227188,0.1993,0.2668,0.2091,0.234,0.2471,0.2314,0.2078,0.2215,0.3072
cg00952054,0.6632,0.924,0.9059,0.9128,0.9243,0.8097,0.9608,0.1598,0.6178
cg03318654,0.6914,0.6691,0.6612,0.6478,0.2003,0.67,0.8189,0.6471,0.647
cg15689969,0.9036,0.8138,0.8889,0.8916,0.8914,0.898,0.9021,0.8633,0.924
cg23905789,0.6285,0.7197,0.493,0.5284,0.3954,0.4189,0.9114,0.1271,0.8693
cg00366435,0.9139,0.9039,0.1157,0.8713,0.5604,0.9082,0.9418,0.55,0.7679
cg26313247,0.858,0.8652,0.8098,0.8418,0.8286,0.8412,0.8801,0.3383,0.1951
cg19935471,0.8657,0.8936,0.8822,0.8802,0.8926,0.0706,0.8052,0.7656,0.8241
cg02770835,0.8797,0.877,0.8593,0.8593,0.8701,0.8628,0.9218,0.9269,0.5979
cg02548132,0.9307,0.9406,0.9581,0.929,0.9611,0.9034,0.962,0.1239,0.5768
cg08418872,0.9369,0.9496,0.7051,0.3851,0.2617,0.889,0.9759,0.7008,0.8517
cg15732840,0.0048,0.0164,0.0302,0.0186,0.0589,0.0116,0.0182,0.4929,0.4959
cg16810279,0.0036,0.0279,0.1556,0.2094,0.5968,0.0063,0.0166,0.3943,0.2972
cg02202923,0.0159,0.0539,0.0269,0.0329,0.0296,0.0112,0.0267,0.7724,0.4021
cg12883629,0.0045,0.0047,0.0049,0.0044,0.0116,0.0059,0.0263,0.8498,0.6389
cg10047173,0.8759,0.8859,0.8608,0.8483,0.8566,0.8663,0.0913,0.7042,0.8246
cg18186081,0.8829,0.882,0.8777,0.8673,0.8835,0.8688,0.8023,0.8658,0.4712
cg14009561,0.775,0.8681,0.7606,0.3866,0.3211,0.701,0.9006,0.5083,0.8056
cg25407979,0.0396,0.2713,0.4548,0.217,0.4993,0.0627,0.023,0.3338,0.3742
cg24314564,0.0604,0.6085,0.3714,0.7075,0.4158,0.8544,0.9037,0.502,0.0993
cg09654116,0.8682,0.8506,0.8222,0.7605,0.3849,0.8631,0.8814,0.8514,0.7434
cg01433297,0.6452,0.7584,0.8004,0.8284,0.8074,0.6614,0.1674,0.8825,0.817
cg18174654,0.8786,0.851,0.747,0.8622,0.3099,0.862,0.866,0.8287,0.873
cg12313892,0.9441,0.9522,0.9425,0.9418,0.9438,0.9399,0.9604,0.6364,0.6825
cg12744859,0.047,0.293,0.6538,0.442,0.7177,0.0407,0.0122,0.7462,0.5756
cg20921890,0.7307,0.7737,0.6982,0.7649,0.773,0.7532,0.778,0.8783,0.6687
cg08506127,0.5404,0.5603,0.6077,0.5183,0.1706,0.546,0.6334,0.5773,0.5999
cg13706784,0.9002,0.8894,0.606,0.8802,0.8031,0.8803,0.934,0.8829,0.5331
cg27317046,0.9681,0.972,0.9784,0.957,0.9828,0.9684,0.9661,0.416,0.7359
cg12058385,0.9006,0.8993,0.8415,0.8697,0.7241,0.1158,0.9239,0.7962,0.8429
cg08241939,0.6821,0.6914,0.7564,0.6894,0.7737,0.6454,0.6903,0.4772,0.4716
cg17939040,0.9225,0.6348,0.408,0.8981,0.8422,0.924,0.965,0.939,0.572
cg23882186,0.9452,0.9457,0.463,0.0732,0.3295,0.9364,0.9319,0.9536,0.7782
cg01738022,0.0552,0.1112,0.0801,0.0904,0.0749,0.0649,0.0694,0.0612,0.1388
cg10002860,0.9108,0.8954,0.8862,0.8962,0.9043,0.8881,0.9625,0.797,0.6269
cg26146569,0.8773,0.4887,0.6084,0.4827,0.1783,0.8783,0.8366,0.4244,0.6794
cg03603062,0.9065,0.899,0.8921,0.9048,0.9037,0.8871,0.7722,0.1624,0.8659
cg22943986,0.0883,0.1655,0.1393,0.1326,0.1814,0.1017,0.0661,0.3881,0.731
cg11212451,0.8705,0.93,0.9026,0.875,0.9135,0.8702,0.9491,0.462,0.4918
cg02058628,0.2468,0.895,0.4324,0.9121,0.8619,0.2312,0.2341,0.1547,0.5452
cg24888257,0.0612,0.0755,0.0512,0.0628,0.0602,0.0536,0.0844,0.1532,0.3023
cg06270401,0.8522,0.9031,0.8678,0.8482,0.865,0.0689,0.9179,0.8189,0.8548
cg03274456,0.7161,0.8318,0.8661,0.8177,0.8926,0.7708,0.7517,0.391,0.2535
cg04354393,0.0268,0.058,0.7154,0.0744,0.8388,0.0387,0.0307,0.3313,0.2684
cg09682051,0.9589,0.9085,0.9102,0.9451,0.9021,0.9452,0.9815,0.6416,0.8972
cg09318840,0.5148,0.4698,0.593,0.4592,0.1642,0.4998,0.5535,0.5092,0.5172
cg10393811,0.1737,0.1829,0.1577,0.1468,0.1661,0.1868,0.113,0.586,0.8106
cg05617307,0.8926,0.902,0.3125,0.8977,0.741,0.9014,0.8542,0.7868,0.5671
cg11408395,0.9692,0.9693,0.9653,0.9611,0.9712,0.9666,0.9756,0.8924,0.6236
cg22212560,0.7237,0.034,0.9125,0.8982,0.9227,0.8616,0.9032,0.8293,0.8676
cg07734975,0.368,0.637,0.8228,0.7069,0.8433,0.4406,0.7056,0.363,0.449
cg16814680,0.3531,0.6858,0.1781,0.4968,0.6061,0.4827,0.3584,0.5134,0.3699
cg00025439,0.9443,0.9442,0.9385,0.9482,0.9486,0.9472,0.8742,0.2751,0.6142
cg21091766,0.7452,0.7468,0.7957,0.673,0.3682,0.6322,0.8519,0.4913,0.6792
cg27345924,0.8994,0.892,0.897,0.8412,0.9059,0.8795,0.9588,0.8057,0.5058
cg00754552,0.0612,0.043,0.6064,0.3082,0.5324,0.8382,0.8461,0.7864,0.8286
cg17094363,0.9347,0.9353,0.9318,0.9115,0.9376,0.9387,0.9611,0.9283,0.8727
cg12297231,0.9112,0.9161,0.2574,0.5662,0.6823,0.9051,0.8753,0.8994,0.865
cg09505233,0.8949,0.8915,0.8748,0.8778,0.8765,0.8825,0.9273,0.2219,0.6383
cg04105511,0.1047,0.1526,0.1557,0.108,0.2126,0.0883,0.0713,0.6107,0.2601
cg26681770,0.0189,0.3086,0.7609,0.0618,0.8211,0.0189,0.0094,0.4227,0.8049
cg16454852,0.9555,0.9527,0.9536,0.946,0.9451,0.9512,0.9606,0.9608,0.8892
cg18835815,0.683,0.7909,0.3189,0.7865,0.7406,0.863,0.8718,0.74,0.8372
cg07080653,0.9294,0.894,0.8885,0.8999,0.8875,0.9095,0.9728,0.201,0.8463
cg23216101,0.9267,0.9346,0.9254,0.931,0.9378,0.9245,0.8203,0.4941,0.7554
cg13533061,0.1643,0.7295,0.6863,0.3863,0.268,0.0698,0.4781,0.504,0.6624
cg13785123,0.8012,0.9703,0.9677,0.964,0.9674,0.1879,0.9436,0.9037,0.9552
cg07532183,0.9784,0.9768,0.9767,0.974,0.9795,0.974,0.972,0.2214,0.7831
cg13668207,0.9699,0.9683,0.9673,0.9651,0.9698,0.9707,0.9737,0.7085,0.8089
cg08437576,0.221,0.8171,0.2261,0.7665,0.6384,0.0606,0.3052,0.7219,0.5418
cg00804179,0.9751,0.9745,0.9696,0.9763,0.9738,0.9712,0.9845,0.9187,0.7448
cg09245302,0.9225,0.9206,0.8862,0.9444,0.891,0.9168,0.9696,0.9406,0.8528
cg17504394,0.8902,0.8864,0.8683,0.8775,0.8828,0.8744,0.9322,0.5187,0.5546
cg18782488,0.8585,0.6161,0.6099,0.7478,0.2005,0.8641,0.8847,0.5629,0.3884
cg23249922,0.0364,0.0417,0.9496,0.9044,0.943,0.2445,0.9645,0.6919,0.7433
cg24602704,0.9351,0.9225,0.923,0.9374,0.9328,0.9126,0.925,0.889,0.9007
cg19455189,0.073,0.1283,0.4977,0.0594,0.089,0.0601,0.2557,0.6786,0.715
cg04264633,0.8905,0.8797,0.8544,0.888,0.8829,0.8786,0.9139,0.8301,0.7908
cg04858164,0.8693,0.9182,0.9094,0.9033,0.9158,0.0953,0.8842,0.5762,0.8544
cg13453904,0.0184,0.1104,0.0407,0.0148,0.0622,0.027,0.0073,0.0277,0.0988
cg16214653,0.7925,0.5582,0.8084,0.134,0.8908,0.8629,0.9558,0.4237,0.5428
cg14085952,0.6951,0.6333,0.2362,0.8406,0.6447,0.8581,0.9285,0.797,0.665
cg06449334,0.1873,0.2752,0.564,0.0758,0.1583,0.1476,0.4028,0.601,0.6134
cg24169669,0.0514,0.237,0.1299,0.0622,0.2109,0.0528,0.0459,0.0435,0.6998
cg07993350,0.9106,0.8482,0.7137,0.8866,0.703,0.9171,0.953,0.8294,0.8385
cg16049391,0.0972,0.1434,0.1057,0.126,0.146,0.1178,0.1088,0.5785,0.4061
cg06736000,0.9053,0.9014,0.8334,0.9006,0.9059,0.884,0.8574,0.67,0.3863
cg05618401,0.9706,0.9704,0.9561,0.9585,0.9585,0.9658,0.9729,0.5277,0.6965
cg11531557,0.9036,0.8868,0.5316,0.8484,0.1262,0.8938,0.9216,0.7576,0.6748
cg07016730,0.8527,0.6854,0.6022,0.774,0.1978,0.844,0.8799,0.6961,0.6744
cg01476222,0.1034,0.7186,0.8678,0.8211,0.8133,0.8746,0.9161,0.4549,0.6027
cg23669081,0.6954,0.7475,0.3542,0.6515,0.6496,0.7107,0.7925,0.9555,0.6337
cg03119829,0.2839,0.1151,0.4502,0.3545,0.4065,0.3256,0.208,0.8244,0.3517
cg04115185,0.9742,0.979,0.9697,0.9754,0.9807,0.9702,0.9854,0.9703,0.528
cg12673499,0.6942,0.5871,0.5608,0.2657,0.1577,0.7347,0.8821,0.8696,0.8556
cg21488876,0.8022,0.8468,0.8227,0.8255,0.739,0.8103,0.8418,0.5197,0.8355
cg04963424,0.0034,0.0147,0.0105,0.0062,0.0165,0.0026,0.0027,0.3582,0.3845
cg11323985,0.786,0.7865,0.7294,0.753,0.6957,0.7587,0.8833,0.6018,0.6239
cg12603453,0.8512,0.8886,0.127,0.0301,0.0265,0.3019,0.846,0.8355,0.8978
cg06200244,0.7774,0.8535,0.2603,0.241,0.6628,0.782,0.8261,0.4771,0.6681
cg21684845,0.8694,0.8792,0.8656,0.8808,0.8844,0.8586,0.9203,0.895,0.7611
cg11525052,0.0693,0.2376,0.6032,0.1245,0.2021,0.0674,0.0778,0.7947,0.7272
cg24854181,0.7454,0.7702,0.8929,0.8243,0.8859,0.8486,0.9139,0.544,0.7981
cg05152479,0.9334,0.9258,0.9238,0.8757,0.9242,0.9119,0.9065,0.6183,0.8797
cg17343167,0.15,0.0452,0.4744,0.0799,0.0759,0.0495,0.3285,0.3037,0.4909
cg14653284,0.8789,0.8762,0.8553,0.8066,0.8678,0.8553,0.843,0.7649,0.7884
cg11733272,0.2309,0.254,0.424,0.4248,0.4632,0.2429,0.2144,0.6507,0.1831
cg18391209,0.4998,0.4454,0.6716,0.3703,0.4447,0.3632,0.4178,0.4055,0.8446
cg24037651,0.0991,0.6238,0.6696,0.8386,0.6474,0.868,0.9525,0.7092,0.7315
cg20737812,0.8512,0.7859,0.2773,0.855,0.6748,0.8492,0.9027,0.5571,0.5244
cg22588546,0.9108,0.9086,0.8862,0.8857,0.8852,0.8977,0.9176,0.3482,0.7439
cg07355507,0.9538,0.9554,0.9537,0.9425,0.9546,0.9534,0.9401,0.7655,0.6325
cg10837404,0.9154,0.9189,0.3178,0.9081,0.7152,0.9208,0.9306,0.7866,0.8014
cg12235073,0.9308,0.9385,0.9296,0.8425,0.9311,0.912,0.9254,0.8965,0.4113
cg11301670,0.8966,0.6789,0.3561,0.8611,0.7525,0.8968,0.9491,0.6735,0.7853
cg17311865,0.9052,0.7594,0.0756,0.8398,0.1009,0.8785,0.9259,0.7045,0.8695
cg08717751,0.6742,0.5319,0.4545,0.6003,0.4476,0.7293,0.7915,0.5409,0.6965
cg17818435,0.6957,0.6624,0.6107,0.1355,0.215,0.6707,0.6193,0.7957,0.7339
cg08839808,0.7978,0.7229,0.8013,0.8067,0.7491,0.3064,0.828,0.1467,0.6868
cg26540315,0.0107,0.1004,0.2475,0.0484,0.178,0.0118,0.0059,0.3555,0.1132
cg19404444,0.2215,0.8404,0.4712,0.8616,0.8647,0.1598,0.0992,0.1173,0.5367
cg10186131,0.0645,0.1624,0.1122,0.0798,0.135,0.0584,0.0314,0.7526,0.7966
cg10861897,0.9183,0.9087,0.9166,0.8977,0.9227,0.9129,0.934,0.935,0.7655
cg16235995,0.8457,0.8617,0.6312,0.5457,0.2384,0.8394,0.8645,0.5382,0.7019
cg17976229,0.1074,0.0432,0.8203,0.7054,0.8303,0.8763,0.8519,0.8918,0.8744
cg01693138,0.0386,0.0424,0.0864,0.0824,0.1196,0.0421,0.0183,0.0554,0.074
cg07314988,0.7875,0.5621,0.7257,0.5479,0.3339,0.5064,0.5765,0.6782,0.637
cg26019295,0.0929,0.1689,0.1766,0.1094,0.211,0.0818,0.0687,0.6258,0.2267
cg16914674,0.9547,0.9452,0.9446,0.9487,0.9437,0.9486,0.9652,0.9533,0.9653
cg08672140,0.0538,0.4974,0.463,0.4583,0.4773,0.0498,0.6297,0.1873,0.4564
cg09315878,0.9424,0.9398,0.5155,0.6054,0.9065,0.9288,0.9708,0.5889,0.8394
cg04228042,0.8997,0.9055,0.8892,0.8779,0.9073,0.8902,0.086,0.6952,0.8336
cg01342196,0.0551,0.0503,0.0479,0.0534,0.0443,0.0485,0.0287,0.062,0.1107
cg14011789,0.8867,0.7604,0.1509,0.8648,0.1284,0.878,0.9669,0.768,0.8382
cg02902412,0.8694,0.8933,0.8268,0.2748,0.436,0.8637,0.8484,0.8626,0.8399
cg03070236,0.034,0.0283,0.0268,0.0378,0.0214,0.028,0.0224,0.0186,0.1133
cg13587802,0.9242,0.9178,0.8383,0.2255,0.4477,0.9232,0.842,0.9043,0.8809
cg01244015,0.0274,0.0988,0.1193,0.0721,0.1928,0.0302,0.0161,0.3172,0.0466
cg27178401,0.9756,0.9753,0.9717,0.9753,0.9746,0.9733,0.9795,0.269,0.6004
cg11070172,0.9627,0.9718,0.9679,0.9549,0.9493,0.1948,0.9801,0.9195,0.8878
cg17851021,0.8839,0.8718,0.8704,0.8578,0.4822,0.8548,0.912,0.8469,0.8009
cg16394018,0.0277,0.0201,0.2923,0.0249,0.0861,0.0584,0.0631,0.3638,0.6373
cg17774559,0.0901,0.3528,0.1656,0.0934,0.2542,0.0878,0.1014,0.0654,0.2853
cg06411879,0.6284,0.6028,0.5942,0.6838,0.5786,0.6795,0.8018,0.6663,0.3546
cg20908789,0.2183,0.2401,0.2464,0.2149,0.2423,0.2222,0.2042,0.1596,0.251
cg26827987,0.0608,0.1229,0.0868,0.0567,0.0957,0.0718,0.0247,0.0313,0.094
cg26852894,0.8882,0.8541,0.4222,0.8639,0.8082,0.8711,0.8534,0.6734,0.7729
cg04422741,0.0434,0.2013,0.7479,0.668,0.7894,0.0694,0.4902,0.2536,0.7446
cg05369623,0.045,0.06,0.3466,0.079,0.2722,0.0417,0.0402,0.2239,0.7454
cg09674469,0.8522,0.8487,0.826,0.8483,0.442,0.8374,0.9253,0.8885,0.8732
cg17266282,0.03,0.9296,0.0429,0.1088,0.1322,0.0292,0.7767,0.0608,0.1373
cg15751452,0.0907,0.1343,0.1091,0.1002,0.1175,0.0961,0.0742,0.1144,0.1191
cg07992457,0.9494,0.9431,0.9434,0.9471,0.9446,0.9392,0.9661,0.9066,0.7847
cg26848442,0.7723,0.7159,0.1442,0.8305,0.528,0.852,0.841,0.8568,0.8316
cg16736889,0.0757,0.5546,0.4837,0.7677,0.5086,0.8385,0.9114,0.5399,0.5007
cg10297617,0.8792,0.8834,0.8916,0.8878,0.8909,0.889,0.9234,0.7895,0.8421
cg10792302,0.2284,0.3823,0.2228,0.2298,0.549,0.1382,0.11,0.6503,0.7782
cg14182690,0.7885,0.6749,0.6216,0.1593,0.2394,0.7754,0.861,0.6367,0.671
cg06966660,0.0069,0.0442,0.0079,0.0051,0.0085,0.0044,0.0027,0.0158,0.6389
cg15661753,0.0259,0.7645,0.801,0.7446,0.8057,0.0194,0.0512,0.4462,0.3165
cg25598890,0.0387,0.1412,0.4487,0.0481,0.0667,0.0406,0.3473,0.7132,0.7601
cg00590260,0.6138,0.5564,0.5628,0.5635,0.5434,0.5377,0.6116,0.7551,0.6513
cg14058851,0.7974,0.8917,0.8759,0.1377,0.874,0.7517,0.8833,0.8419,0.6466
cg12924936,0.9772,0.9762,0.9701,0.9741,0.9773,0.9696,0.9902,0.9868,0.6193
cg05840533,0.7101,0.8049,0.7652,0.7076,0.7544,0.8323,0.8908,0.5104,0.5766
cg08769189,0.7304,0.8192,0.5934,0.4781,0.2128,0.6224,0.8427,0.6501,0.8024
cg16295461,0.8808,0.8603,0.8309,0.8449,0.8301,0.8601,0.6998,0.5758,0.6078
cg02670123,0.965,0.9659,0.8926,0.9597,0.9242,0.9521,0.9721,0.2041,0.149
cg13414750,0.0594,0.1303,0.8616,0.8672,0.8654,0.822,0.6628,0.8176,0.8248
cg04439862,0.8083,0.7848,0.6822,0.8124,0.8389,0.758,0.862,0.2412,0.8532
cg00753248,0.1904,0.3022,0.2901,0.2447,0.3045,0.2632,0.3441,0.7611,0.69
cg06864895,0.0533,0.0957,0.0666,0.0499,0.1054,0.0422,0.0684,0.4725,0.1363
cg12058875,0.8991,0.9008,0.8979,0.889,0.8998,0.8879,0.832,0.4764,0.5084
cg08132711,0.8097,0.8309,0.692,0.3204,0.3126,0.7667,0.8784,0.5074,0.5863
cg21648425,0.7117,0.6976,0.6526,0.5818,0.2732,0.672,0.6986,0.7718,0.8067
cg24776343,0.898,0.891,0.8652,0.8895,0.8648,0.91,0.9325,0.8395,0.8863
cg02960488,0.9027,0.906,0.8982,0.8999,0.904,0.9006,0.7809,0.9156,0.8753
cg02352716,0.8593,0.7108,0.7517,0.1792,0.3742,0.8513,0.9144,0.8572,0.7095
cg26267430,0.0311,0.1088,0.0588,0.0367,0.1028,0.0392,0.032,0.7624,0.772
cg06738887,0.0581,0.6252,0.5872,0.6018,0.6997,0.0485,0.1835,0.1126,0.5339
cg19235307,0.4865,0.6669,0.1483,0.588,0.525,0.4352,0.6462,0.1762,0.2874
cg25830307,0.8444,0.867,0.9026,0.8086,0.9066,0.8038,0.8592,0.558,0.2208
cg13852284,0.8518,0.8647,0.8058,0.8246,0.8077,0.0904,0.8945,0.2098,0.2184
cg03074244,0.7974,0.8494,0.085,0.812,0.079,0.7643,0.872,0.7349,0.7333
cg21538208,0.1332,0.3476,0.2198,0.1965,0.2628,0.1432,0.066,0.8834,0.5145
cg05678033,0.5385,0.6472,0.6194,0.6059,0.6561,0.6126,0.729,0.9466,0.6636
cg25045219,0.0343,0.3419,0.1404,0.5719,0.5158,0.0339,0.0536,0.8819,0.8056
cg08939850,0.0596,0.3889,0.8044,0.5665,0.8762,0.2538,0.56,0.3186,0.7726
cg24336808,0.8214,0.6302,0.5298,0.062,0.1553,0.8158,0.8463,0.5936,0.724
cg00281048,0.895,0.9094,0.8985,0.8875,0.8961,0.9122,0.8792,0.8774,0.8148
cg05290737,0.7862,0.8014,0.2613,0.7671,0.634,0.789,0.8144,0.2669,0.3525
cg06294561,0.917,0.9208,0.9273,0.9108,0.9257,0.92,0.7966,0.4077,0.6345
cg21175823,0.952,0.9496,0.9385,0.9463,0.945,0.9414,0.9736,0.8459,0.5322
cg13543915,0.7879,0.7696,0.7065,0.7511,0.3348,0.7782,0.7442,0.4145,0.4731
cg19975025,0.7312,0.7442,0.646,0.7028,0.6813,0.725,0.7883,0.1094,0.2224
cg19835973,0.1336,0.9282,0.9284,0.8644,0.8931,0.8934,0.971,0.6342,0.689
cg05520031,0.0802,0.0734,0.2731,0.2464,0.6445,0.0933,0.067,0.1471,0.5554
cg10143811,0.0645,0.1552,0.1083,0.0747,0.135,0.0649,0.0594,0.0835,0.2946
cg16827534,0.8792,0.8677,0.8543,0.8452,0.8711,0.8691,0.7681,0.2197,0.5367
cg16866941,0.7555,0.6806,0.7176,0.6723,0.7345,0.7293,0.86,0.1673,0.5373
cg05059607,0.1724,0.776,0.7424,0.0819,0.3717,0.2275,0.356,0.6897,0.7877
cg04467549,0.9177,0.9172,0.8794,0.615,0.5106,0.9145,0.9353,0.7423,0.7694
cg23051392,0.7664,0.8313,0.88,0.1526,0.7996,0.5073,0.7902,0.6173,0.7207
cg22957691,0.0687,0.9096,0.8841,0.8758,0.9136,0.0794,0.8556,0.2951,0.363
cg03314029,0.0761,0.1779,0.098,0.0506,0.0843,0.0689,0.0324,0.0718,0.4379
cg09969462,0.8742,0.6844,0.7822,0.3235,0.4139,0.8218,0.7917,0.8796,0.8689
cg21171115,0.8005,0.6541,0.7664,0.7387,0.8042,0.7446,0.7834,0.1966,0.5758
cg02740007,0.8342,0.8502,0.8155,0.877,0.8331,0.8051,0.8712,0.0752,0.7627
cg15208672,0.8741,0.879,0.7962,0.3923,0.4281,0.8496,0.9119,0.861,0.8642
cg18066690,0.1439,0.9102,0.9137,0.9106,0.9293,0.9037,0.9109,0.7718,0.8132
cg12929678,0.4129,0.5626,0.0925,0.7609,0.4604,0.7164,0.6948,0.6802,0.6552
cg01590338,0.46,0.611,0.5292,0.4232,0.5876,0.4881,0.3851,0.2542,0.2998
cg11738485,0.219,0.5185,0.1884,0.3452,0.3271,0.1311,0.35,0.2069,0.7417
cg25963511,0.9082,0.898,0.8726,0.8823,0.8572,0.8968,0.9272,0.8586,0.8115
cg25942990,0.1022,0.2141,0.1503,0.1514,0.2004,0.1328,0.06,0.7505,0.5011
cg06710259,0.7147,0.1758,0.2455,0.5718,0.6129,0.5716,0.0762,0.7201,0.5824
cg04456219,0.0311,0.0381,0.0358,0.0289,0.0365,0.0343,0.1432,0.1722,0.1717
cg00225902,0.9328,0.048,0.298,0.8335,0.5557,0.9047,0.8622,0.281,0.6076
cg25953130,0.5293,0.7142,0.1515,0.4276,0.5179,0.5379,0.6395,0.1309,0.1801
cg08018572,0.8998,0.7542,0.4447,0.8255,0.6798,0.8989,0.9068,0.7036,0.363
cg07728874,0.8667,0.8545,0.0895,0.8067,0.075,0.8413,0.8973,0.8212,0.7537
cg13096701,0.8612,0.7953,0.8903,0.4756,0.8552,0.8655,0.8352,0.2334,0.3628
cg03846076,0.5893,0.36,0.2704,0.4992,0.2686,0.5913,0.7328,0.1972,0.5419
cg05408649,0.1575,0.4375,0.238,0.3507,0.6033,0.1545,0.0975,0.2644,0.3565
cg09856274,0.1085,0.5588,0.8682,0.8521,0.8849,0.8678,0.9095,0.7314,0.7773
cg22274745,0.1154,0.0324,0.1384,0.0388,0.1092,0.1183,0.073,0.4214,0.1729
cg11164649,0.1423,0.4997,0.4866,0.0857,0.1248,0.3159,0.5373,0.5187,0.394
cg17198320,0.7477,0.799,0.7858,0.7705,0.8018,0.7878,0.7957,0.4114,0.5029
cg10053779,0.6806,0.697,0.2536,0.3211,0.6144,0.7111,0.1374,0.5542,0.4764
cg08370082,0.9083,0.9141,0.8778,0.8938,0.8999,0.8193,0.8485,0.2585,0.8828
cg13924996,0.2277,0.7558,0.4576,0.0644,0.0973,0.1274,0.4858,0.9012,0.8529
cg16787431,0.8993,0.901,0.8965,0.8983,0.8991,0.889,0.9132,0.9151,0.7638
cg19811934,0.2629,0.5781,0.3658,0.4016,0.4065,0.3985,0.3866,0.1186,0.572
cg16425038,0.0199,0.023,0.2061,0.0374,0.1244,0.0212,0.0127,0.4175,0.6377
cg26988138,0.1414,0.4971,0.4124,0.2716,0.3324,0.1727,0.1202,0.2273,0.2046
cg18546384,0.8607,0.8983,0.8265,0.8674,0.4665,0.8395,0.8899,0.6171,0.7425
cg11268190,0.3836,0.8091,0.6516,0.2438,0.2919,0.2677,0.829,0.7599,0.7576
cg14494721,0.0082,0.0236,0.0161,0.0165,0.023,0.0117,0.0095,0.3677,0.388
cg08426130,0.7824,0.7418,0.7041,0.834,0.7209,0.7993,0.835,0.8048,0.868
cg25228995,0.9458,0.9462,0.9384,0.9283,0.9449,0.9352,0.9664,0.9583,0.3782
cg22160073,0.1242,0.0392,0.7825,0.6903,0.7836,0.8793,0.9156,0.8542,0.8477
cg03393769,0.9525,0.9549,0.9537,0.9449,0.9497,0.9476,0.9516,0.91,0.9048
cg03505866,0.7874,0.6063,0.4198,0.7774,0.7778,0.7904,0.8528,0.7371,0.6801
cg20428720,0.1705,0.3603,0.2963,0.1944,0.3567,0.168,0.1321,0.4936,0.6162
cg18724912,0.8926,0.764,0.6662,0.0734,0.3087,0.8848,0.6163,0.8969,0.8655
cg21982455,0.1193,0.1985,0.1455,0.1207,0.1873,0.1069,0.097,0.5534,0.396
cg00472277,0.0744,0.5947,0.5932,0.0639,0.4648,0.0523,0.0681,0.0632,0.2677
cg10803714,0.9249,0.909,0.8817,0.8965,0.8906,0.9118,0.9241,0.843,0.7108
cg23603995,0.574,0.5725,0.3615,0.6078,0.7185,0.4334,0.5811,0.5139,0.4874
cg10928544,0.3502,0.7222,0.5938,0.3977,0.5453,0.43,0.5911,0.3766,0.2514
cg18811130,0.9364,0.9271,0.898,0.9201,0.9479,0.9229,0.887,0.9381,0.9571
cg12531838,0.9449,0.9425,0.8406,0.9421,0.9091,0.9236,0.9595,0.8575,0.8862
cg11467506,0.099,0.3723,0.6411,0.0388,0.2842,0.0512,0.6158,0.7699,0.5856
cg00103855,0.9092,0.8986,0.8925,0.8984,0.8878,0.8988,0.9001,0.8691,0.839
cg25885684,0.5201,0.3127,0.781,0.0836,0.8126,0.6472,0.8539,0.2621,0.4597
cg11183935,0.9017,0.6648,0.8511,0.6133,0.4944,0.8662,0.935,0.8335,0.6974
cg19795594,0.788,0.8315,0.814,0.8296,0.8492,0.8347,0.8525,0.7565,0.6271
cg11014468,0.8992,0.9073,0.8979,0.89,0.908,0.1465,0.1959,0.8415,0.7751
cg14721213,0.8838,0.8413,0.8107,0.8736,0.7993,0.8716,0.816,0.1777,0.8304
cg04875514,0.4612,0.4968,0.5173,0.1035,0.162,0.4501,0.333,0.7213,0.6247
cg18395917,0.0207,0.1321,0.2236,0.0578,0.2566,0.0277,0.0097,0.2424,0.1558
cg16921643,0.9104,0.9042,0.473,0.8955,0.8283,0.9092,0.8879,0.8683,0.8993
cg25766247,0.1312,0.2915,0.0422,0.0438,0.0414,0.1464,0.0422,0.7056,0.1739
cg00045114,0.3685,0.3244,0.5064,0.0575,0.1519,0.4664,0.649,0.7675,0.8261
cg25426203,0.8917,0.887,0.88,0.8818,0.9034,0.8761,0.8138,0.8206,0.8171
cg00660167,0.7461,0.9622,0.9626,0.9532,0.9604,0.0784,0.9609,0.4024,0.6979
cg15161959,0.3939,0.4518,0.4689,0.5073,0.4581,0.427,0.461,0.8854,0.7307
cg07702659,0.8497,0.8419,0.7567,0.826,0.4024,0.8514,0.8423,0.8287,0.8548
cg14498592,0.9485,0.9384,0.9336,0.9184,0.9352,0.9238,0.8812,0.7686,0.4374
cg14049634,0.8104,0.7987,0.6817,0.1446,0.328,0.7843,0.8196,0.7186,0.7839
cg04633922,0.9462,0.9534,0.9425,0.9493,0.95,0.9363,0.9079,0.9346,0.8702
cg06601993,0.4121,0.8954,0.8805,0.8779,0.89,0.8931,0.9371,0.2355,0.4804
cg19410791,0.54,0.5946,0.4978,0.5367,0.1444,0.5503,0.5587,0.5404,0.5693
cg25406374,0.8973,0.8999,0.8882,0.8579,0.882,0.8922,0.7599,0.526,0.76
cg00446123,0.6991,0.0155,0.0083,0.0127,0.0066,0.8097,0.419,0.9594,0.5858
cg27423838,0.8138,0.782,0.1803,0.778,0.5331,0.8215,0.1177,0.4685,0.4697
cg09014626,0.9265,0.9314,0.9233,0.9009,0.9347,0.9029,0.9545,0.9136,0.8853
cg22505202,0.5777,0.5528,0.4034,0.6892,0.7561,0.5766,0.6095,0.811,0.4854
cg11753157,0.7399,0.7156,0.076,0.8203,0.0927,0.667,0.7634,0.7674,0.8166
cg17870520,0.6183,0.7402,0.5681,0.1195,0.2171,0.5525,0.2256,0.6924,0.7826
cg24747122,0.918,0.9242,0.9371,0.934,0.9423,0.911,0.9343,0.3788,0.4979
cg02212009,0.8578,0.8487,0.8415,0.8455,0.8292,0.8594,0.8911,0.8242,0.6726
cg05585149,0.7627,0.7822,0.773,0.7662,0.7742,0.7855,0.8166,0.4902,0.5483
cg09952002,0.9158,0.9064,0.9169,0.9064,0.9153,0.9008,0.765,0.8853,0.6075
cg03062881,0.8291,0.9037,0.6157,0.2569,0.2649,0.718,0.9102,0.8745,0.8747
cg09424006,0.9328,0.9359,0.9206,0.9188,0.9206,0.9294,0.9137,0.4396,0.6961
cg08061524,0.9724,0.9626,0.9554,0.9652,0.9625,0.9714,0.9456,0.1788,0.7352
cg01699630,0.8807,0.8727,0.8579,0.8712,0.864,0.1296,0.9441,0.8513,0.8843
cg14185860,0.7743,0.8291,0.7996,0.8077,0.8098,0.7862,0.8714,0.712,0.4344
cg04232128,0.1061,0.4366,0.277,0.6045,0.6275,0.1045,0.1555,0.6375,0.4707
cg14588003,0.8793,0.879,0.417,0.8811,0.7668,0.8461,0.8787,0.891,0.7985
cg17961943,0.9015,0.8892,0.87,0.8806,0.8818,0.8978,0.7533,0.7949,0.681
cg13774505,0.9654,0.9549,0.9503,0.9604,0.953,0.9576,0.9727,0.9653,0.8002
cg10111816,0.858,0.8169,0.0728,0.7873,0.063,0.8283,0.8864,0.1731,0.2199
cg27659862,0.8649,0.4837,0.4633,0.0539,0.1154,0.8704,0.842,0.8134,0.9192
cg02959939,0.9559,0.9593,0.9572,0.9398,0.955,0.9471,0.9675,0.4813,0.607
cg04025970,0.6648,0.6012,0.1389,0.7566,0.4868,0.6387,0.701,0.8694,0.7944
cg07153724,0.6421,0.6016,0.6014,0.6222,0.6016,0.641,0.7343,0.6282,0.4517
cg00253681,0.8628,0.8764,0.8481,0.823,0.8561,0.8372,0.1127,0.6401,0.7604
cg03586240,0.5699,0.3633,0.1636,0.7252,0.5114,0.4888,0.0,0.827,0.534
cg21331947,0.0863,0.0584,0.7721,0.7748,0.8103,0.8367,0.8862,0.7861,0.5842
cg03807298,0.0371,0.09,0.0489,0.0312,0.059,0.0351,0.0188,0.1599,0.7173
cg01601299,0.4304,0.3864,0.5099,0.1395,0.1622,0.444,0.3915,0.4918,0.5212
cg18805164,0.697,0.5488,0.6096,0.615,0.5389,0.431,0.79,0.2824,0.4628
cg21492378,0.1975,0.8984,0.9022,0.8954,0.9078,0.0832,0.8735,0.2527,0.8393
cg14408428,0.9147,0.8731,0.2904,0.754,0.6363,0.9005,0.891,0.9005,0.7087
cg21453420,0.8776,0.8796,0.8773,0.8667,0.9003,0.8704,0.7498,0.5023,0.8155
cg12194055,0.8472,0.7319,0.7227,0.2978,0.3774,0.8325,0.837,0.8375,0.8319
cg11284147,0.1237,0.5956,0.877,0.1522,0.876,0.1037,0.3591,0.7833,0.7417
cg24377694,0.9766,0.9691,0.9552,0.9649,0.9575,0.9758,0.9749,0.9487,0.8943
cg10157926,0.8984,0.8771,0.8727,0.8752,0.8785,0.8813,0.9073,0.8513,0.8701
cg23977888,0.7554,0.7689,0.1971,0.6978,0.5423,0.7788,0.413,0.1077,0.2359
cg06733794,0.0442,0.0887,0.0562,0.0489,0.0504,0.0589,0.032,0.0302,0.6752
cg11452329,0.9616,0.9644,0.9688,0.9644,0.9704,0.9639,0.9374,0.4937,0.674
cg23325335,0.771,0.73,0.6306,0.5884,0.2856,0.7114,0.8326,0.4711,0.5818
cg26987699,0.7951,0.8711,0.8324,0.8491,0.8676,0.8338,0.8616,0.898,0.7746
cg19301114,0.0794,0.8125,0.8119,0.8132,0.8144,0.825,0.8427,0.1784,0.224
cg06160606,0.9186,0.8935,0.8933,0.888,0.9088,0.9084,0.9143,0.6144,0.7945
cg14140874,0.4262,0.6161,0.5969,0.4558,0.2529,0.2567,0.5663,0.1662,0.4062
cg13905298,0.6432,0.6526,0.6946,0.5071,0.5566,0.8309,0.7446,0.7937,0.672
cg16681083,0.9498,0.9486,0.9474,0.9467,0.95,0.9493,0.9634,0.9424,0.4867
cg13142152,0.8414,0.8014,0.4043,0.8156,0.7472,0.8155,0.7801,0.8521,0.6696
cg22795586,0.0889,0.2508,0.1734,0.1129,0.1992,0.1052,0.0428,0.564,0.3517
cg21261158,0.7559,0.5698,0.4116,0.1232,0.2688,0.6854,0.9398,0.6098,0.6733
cg07643762,0.852,0.8926,0.2397,0.6314,0.5824,0.8414,0.7607,0.6893,0.5859
cg01650818,0.0207,0.0723,0.0612,0.0164,0.0226,0.0235,0.0118,0.1904,0.0793
cg10708271,0.8553,0.6172,0.0604,0.8033,0.08,0.8348,0.4104,0.8452,0.6954
cg20997320,0.881,0.8826,0.6922,0.3484,0.3497,0.8516,0.8918,0.8163,0.8158
cg03653399,0.724,0.8818,0.9365,0.9029,0.9433,0.8608,0.9163,0.4638,0.8464
cg00123762,0.0473,0.0698,0.0638,0.0473,0.1099,0.0452,0.036,0.0265,0.0966
cg05595469,0.8587,0.8672,0.6622,0.3643,0.3197,0.8326,0.8898,0.8564,0.8114
cg24826610,0.8638,0.8618,0.8204,0.8367,0.8387,0.8657,0.9291,0.8541,0.5865
cg10624395,0.139,0.8724,0.8632,0.8914,0.8911,0.8842,0.9304,0.6243,0.7128
cg18384277,0.878,0.6982,0.304,0.7816,0.646,0.869,0.9361,0.8504,0.8764
cg19238824,0.8995,0.8565,0.8067,0.8474,0.8073,0.8868,0.9483,0.5087,0.6976
cg00219169,0.6431,0.5734,0.6016,0.5707,0.5688,0.5556,0.5404,0.7607,0.641
cg17855595,0.628,0.6671,0.442,0.0898,0.1,0.4172,0.7773,0.8456,0.7283
cg03132824,0.9116,0.9476,0.622,0.9376,0.945,0.9304,0.7642,0.4321,0.3232
cg01232969,0.0418,0.0664,0.058,0.0451,0.0642,0.0394,0.0271,0.447,0.2664
cg01022219,0.03,0.8123,0.9292,0.2173,0.9396,0.0334,0.063,0.1327,0.2576
cg08012294,0.8637,0.889,0.5482,0.8891,0.8901,0.8889,0.9268,0.8319,0.6534
cg17547742,0.9225,0.9201,0.9141,0.9156,0.9204,0.9091,0.9343,0.8999,0.9153
cg23626961,0.8994,0.8871,0.8615,0.8815,0.8491,0.8958,0.9175,0.337,0.8255
cg01246520,0.5195,0.6371,0.2902,0.2859,0.3866,0.6449,0.6517,0.8774,0.2086
cg26934362,0.8594,0.813,0.7333,0.0945,0.3915,0.8491,0.9161,0.7583,0.7656
cg09639964,0.7385,0.84,0.8459,0.86,0.8114,0.7472,0.8779,0.7286,0.8411
cg03728296,0.1817,0.2407,0.356,0.2593,0.4374,0.1925,0.086,0.3482,0.4275
cg00208274,0.9178,0.906,0.4907,0.8998,0.8297,0.8926,0.9275,0.6006,0.596
cg12547959,0.8639,0.8752,0.7273,0.8331,0.7473,0.12,0.9304,0.8393,0.8644
cg14564351,0.0455,0.1695,0.6894,0.0714,0.3506,0.0566,0.0387,0.8494,0.7374
cg01025095,0.8724,0.8852,0.851,0.8698,0.8882,0.8353,0.8801,0.7552,0.6389
cg18805066,0.2315,0.3,0.357,0.2464,0.4001,0.1972,0.1927,0.7525,0.4846
cg07453440,0.0613,0.3658,0.674,0.3594,0.761,0.0574,0.051,0.1152,0.2657
cg09908110,0.0427,0.0487,0.0543,0.0367,0.0724,0.0381,0.0199,0.0539,0.1858
cg08934126,0.1332,0.3987,0.472,0.0655,0.1345,0.1124,0.166,0.5036,0.4506
cg05590818,0.3342,0.6117,0.1692,0.5302,0.4618,0.255,0.1022,0.4489,0.3558
cg13411789,0.0509,0.0942,0.2305,0.1464,0.2638,0.0662,0.0473,0.4305,0.2292
cg10585941,0.6494,0.6943,0.4981,0.0676,0.1609,0.6235,0.8018,0.8511,0.862
cg07411420,0.8201,0.7523,0.6861,0.7439,0.681,0.8136,0.7096,0.1867,0.4285
cg19047868,0.0569,0.3318,0.5822,0.3928,0.6476,0.0618,0.0263,0.7484,0.6288
cg18369990,0.5443,0.7072,0.3988,0.6033,0.7354,0.5461,0.5269,0.7854,0.7794
cg06526020,0.8316,0.9065,0.8971,0.8994,0.9179,0.089,0.8459,0.8924,0.8469
cg00306851,0.8785,0.7526,0.7024,0.848,0.7297,0.8683,0.9178,0.8968,0.8596
cg27084028,0.3118,0.4013,0.25,0.2525,0.3167,0.2926,0.1495,0.1329,0.3587
cg09102257,0.9364,0.9317,0.9329,0.9364,0.9286,0.9376,0.8696,0.914,0.9167
cg27190014,0.7116,0.8202,0.2778,0.6541,0.6142,0.6332,0.2185,0.6818,0.6698
cg01152056,0.5021,0.4872,0.5418,0.3459,0.5314,0.5418,0.5357,0.1307,0.4707
cg07298547,0.7326,0.8086,0.7284,0.496,0.3921,0.6512,0.76,0.4429,0.5842
cg15880738,0.8604,0.8527,0.0909,0.7923,0.0722,0.8455,0.8338,0.6257,0.6744
cg07147204,0.822,0.6926,0.7653,0.7206,0.7999,0.7001,0.7766,0.7327,0.8622
cg12043508,0.693,0.7428,0.8187,0.6162,0.4829,0.6812,0.7011,0.591,0.6188
cg04609875,0.5436,0.4994,0.6922,0.6316,0.6217,0.6473,0.2593,0.4785,0.4673
cg13798679,0.6701,0.2309,0.4443,0.1425,0.1094,0.6834,0.7688,0.4889,0.7006
cg02578087,0.6187,0.6374,0.4701,0.7454,0.4802,0.9181,0.9656,0.7716,0.3864
cg15142819,0.8736,0.8384,0.219,0.159,0.2032,0.8537,0.8478,0.4792,0.5731
cg07690127,0.5319,0.8469,0.5496,0.7342,0.2148,0.4798,0.7158,0.5252,0.6153
cg12880095,0.7479,0.78,0.7243,0.8317,0.7761,0.6522,0.7121,0.8239,0.3962
cg13608166,0.8893,0.7357,0.5376,0.8095,0.8719,0.8827,0.9285,0.911,0.4679
cg20559385,0.0575,0.6271,0.4854,0.7829,0.5089,0.7988,0.9364,0.3466,0.1855
cg06226386,0.5761,0.5213,0.1568,0.7913,0.491,0.6044,0.132,0.7097,0.5601
cg04832557,0.8452,0.8922,0.8817,0.8815,0.8986,0.8732,0.9373,0.9053,0.4411
cg21519654,0.9268,0.9481,0.934,0.9416,0.9351,0.9252,0.9787,0.204,0.5122
cg05357209,0.8384,0.7938,0.137,0.7436,0.47,0.8144,0.9026,0.6671,0.6709
cg26166854,0.9003,0.8923,0.1259,0.7072,0.3239,0.904,0.8394,0.8218,0.8363
cg20367218,0.9078,0.8799,0.8799,0.8881,0.5469,0.892,0.8936,0.4137,0.6234
cg20073320,0.9065,0.9036,0.891,0.8928,0.9101,0.8873,0.9415,0.9651,0.5374
cg22276811,0.8604,0.8218,0.747,0.8364,0.6875,0.8662,0.812,0.7565,0.742
cg20313969,0.4384,0.4907,0.3094,0.4432,0.6422,0.4159,0.4205,0.4528,0.4015
