Mixture,Cancer,CD14,CD19,CD4_Eff,CD56,CD8,Endothelial,Eos,Fibroblast,Neu,Treg,P-value,Correlation,RMSE
Beta,0.71552773682421,0,0.0177456741447506,0,0.0256672410471266,0.0121458982222691,0.0263005364546374,0.0311375174868231,0.0234228972210477,0.00366951289325845,0.144382985705877,0,0.881341896196842,0.672402582767921
